<DLPSTEXTCLASS><HEADER><FILEDESC><TITLESTMT><TITLE TYPE="245">The owl and the nightingale (MS Jes. Col. 29)</TITLE><AUTHOR>Anonymous</AUTHOR></TITLESTMT><EDITIONSTMT><EDITION>The electronic text was created from an edited version of  MS Jes. Col. 29</EDITION></EDITIONSTMT><EXTENT>ca. 80 kilobytes</EXTENT><PUBLICATIONSTMT><DISTRIBUTOR>University of Michigan, Humanities Text Initiative</DISTRIBUTOR><IDNO TYPE="dlps">OwlJ</IDNO><AVAILABILITY><P>Available at URL http://www.hti.umich.edu/c/cme/</P><P>This text has been made available through the Oxford Text Archive for personal scholarly use only.  OTA number:  U-1684-A</P></AVAILABILITY><DATE>1993</DATE></PUBLICATIONSTMT><SOURCEDESC><BIBLFULL><TITLESTMT><TITLE>The owl and the nightingale</TITLE></TITLESTMT><EXTENT>xc, 231 p. : ill. ; 23 cm.</EXTENT><PUBLICATIONSTMT><PUBLISHER>University Press</PUBLISHER><PUBPLACE>Cambridge</PUBPLACE><DATE>1922</DATE></PUBLICATIONSTMT><NOTESSTMT><NOTE>Texts of the Cotton manuscript and the Jesus College,  Oxford MS 29 on opposite pages</NOTE><NOTE>Authorship was formerly attributed  to Nicholas de Guildford</NOTE><NOTE>The printed text contained illustrations  which are not noted in the electronic text</NOTE></NOTESSTMT></BIBLFULL></SOURCEDESC></FILEDESC><ENCODINGDESC><EDITORIALDECL N="4"><P>Front and back matter from printed edition not included.</P><P>Editorial notes from printed edition not included in electronic edition.</P></EDITORIALDECL></ENCODINGDESC><PROFILEDESC><CREATION><DATE>1190-1210</DATE></CREATION></PROFILEDESC></HEADER><TEXT><BODY><HEAD>Incipit altercacio inter filomenam et Bubonem</HEAD><DIV1 NODE="OwlJ:1" TYPE="supplied line groups"><HEAD TYPE="supplied">Lines 1 through 100</HEAD><EPB/><PB N="3"/><MILESTONE N="229r.1" UNIT="folio"/><L>ICH wes in one sumere dale</L><L>In one swiþe dyele hale</L><L>Iherde ich holde grete tale</L><L>An vle and one nyhtegale.</L><L N="5">Þat playd wes stif &amp; starc &amp; strong</L><L>Sum hwile softe &amp; lud among;</L><L>And eyþer ayeyn oþer swal,</L><L>And let þat vuele mod vt al.</L><L>And eyþer seyde of oþres custe</L><L N="10">Þat alre-w[u]rste þat hi ywuste:</L><L>&amp; hure &amp; hure of oþres songe</L><L>Hi holde playding swiþe stronge.</L><L>   Þe Nihtegale bigon þo speke</L><L>In one hurne of one beche, <EPB/><PB N="5"/></L><L N="15">&amp; sat vp one vayre bowe,</L><L>Þat were abute blostme ynowe,</L><L>In ore vaste þikke hegge</L><L>I[m]eynd myd spire &amp; grene segge.</L><L>He wes þe gladder vor þe ryse,</L><L N="20">&amp; song a veole cunne wyse:</L><L>Bet þuhte þe drem þat he were</L><L>Of harpe &amp; pipe þan he nere:</L><L>Bet þuhte þat heo were ishote</L><L>Of harpe &amp; pipe þan of þrote,</L><L N="25">   Þo stod on old stok þar byside,</L><L>Þar þe vle song hire tyde,</L><L>And wes myd ivi al bigrowe:</L><L>Hit wes þare vle erdingstowe.</L><L>   Þe Nihtegale hi iseyh,</L><L N="30">&amp; hi bi[hold] and ouerseyh,</L><L>&amp; þuhte wel ful of þare vle,</L><L>For me hi halt lodlich &amp; fule. <MILESTONE N="229r.2" UNIT="folio"/></L><L>"Vnwyht," heo seyde, " awey þu fleo !</L><L>Me is þe wurs þat ich þe iseo.</L><L N="35">Iwis for þine [vu]le lete</L><L>Wel ofte ich my song furlete; <EPB/><PB N="7"/></L><L>Min heorte atflyhþ &amp; falt my tunge,</L><L>Hwenne þu art to me iþrunge.</L><L>Me luste bet speten þane singe</L><L N="40">Of þine fule howelynge."</L><L>   Þeos vle abod for hit wes eve,</L><L>Heo ne myhte no leng bileue,</L><L>Vor hire heorte wes so gret</L><L>Þat wel neyh hire fnast atset,</L><L N="45">&amp; warp a word þar-after longe;</L><L>"Hw þynk þe nu bi [m]ine songe?</L><L>Wenestu þat ich ne kunne singe,</L><L>Þe ich ne cunne of wrytelinge?</L><L>Ilome þu dest me grome,</L><L N="50">&amp; seist me boþe teone &amp; schome.</L><L>If ich þe heolde on myne vote,</L><L>(So hit bitide þat ich mote!)</L><L>&amp; þu were vt of þine ryse,</L><L>Þu scholdest singe on oþer wise."</L><L N="55">   Þe Nihtegale yaf onsware:</L><L>"If ich me loki wiþ þe bare,</L><L>&amp; me schilde [w]it þe blete,</L><L>Ne recche ich nouht of þine þrete: <EPB/><PB N="9"/></L><L>If ich me holde in myne hegge,</L><L N="60">Ne recche ich neuer hwat þu segge.</L><L>Ich wot þat þu art vn[m]ilde,</L><L>Wiþ heom þat ne [m]uwe from þe schilde:</L><L>And þu tukest wroþe &amp; vuele,</L><L>Hwar þu myht ouer smale vowele. <MILESTONE N="229v.1" UNIT="folio"/></L><L N="65">Vorþi þu art loþ al fowel-cunne      </L><L>&amp; alle heo þe dryueþ heonne,</L><L>&amp; þe biscrycheþ &amp; bigredeþ,</L><L>&amp; wel narewe þe byledeþ:</L><L>&amp; ek forþe þe sulue mose,</L><L N="70">Hire þonkes, wolde þe totose.</L><L>Þu art lodlich to biholde,</L><L>And þu art loþ in monye volde:</L><L>Þi body is scort, þi swere is smal,</L><L>Gretture is þin heued ne þu al;</L><L N="75">Þin eyen beoþ colblake &amp; brode,</L><L>Ryht so hi weren ipeynt myd wode;</L><L>Þu starest so þu wille abyten</L><L>Al þat þu myht myd clyure smyten;</L><L>Þi bile is stif &amp; sarp &amp; hoked,</L><L N="80">Riht as on ewel þat is croked;</L><L>Þarmyd Þu clechest euer among,</L><L>And þat is on of þine song.</L><L>Ac þu þretest to myne vleysse,</L><L>Mid þine cleures woldest me [m]eysse.</L><L N="85">Þe were icundere to one frogge</L><L>Þat sit at [m]ulne vnder cogge: <EPB/><PB N="11"/></L><L>Snayles, [m]us, and fule wihte,</L><L>Beoþ þine cunde &amp; þine rihte.</L><L>Þu sittest aday, and flyhst aniht,</L><L N="90">Þu cuþest þat þu art on vnwiht.</L><L>Þu art lodlich and vnclene,</L><L>Bi þine neste ich hit mene,</L><L>And ek bi þine fule brode,</L><L>Þu vedest on heom a wel ful vode.</L><L N="95">Wel wostu þat hi doþ þar-ynne,</L><L>Hi fuleþ hit vp to þe chynne:</L><L>Heo sytteþ þar so hi beo bysne.</L><L>Hwarbi men seggeþ a vorbysne: <MILESTONE N="229v.2" UNIT="folio"/></L><L>"Dehaet habbe þat ilke best</L><L N="100">Þat fuleþ his owe nest."</L></DIV1><DIV1 NODE="OwlJ:2" TYPE="supplied line groups"><HEAD TYPE="supplied">Lines 101 through 200</HEAD><L>Þot oþer yer a faukun bredde:</L><L>His nest nowiht wel he ne bihedde:</L><L>Þarto þu stele in o day,</L><L>&amp; leydest þaron þi fule ey.</L><L N="105">Þo hit bycom þat he hayhte,</L><L>&amp; of his eyre briddes wrauhte;</L><L>Heo brouhte his briddes mete,</L><L>Biheold his nest, iseyh hi ete: <EPB/><PB N="13"/></L><L>He iseyh bi one halue</L><L N="110">His nest ifuled in þe vt halue.</L><L>Þe faukun wes wroþ wiþ his bridde,</L><L>&amp; lude yal and sturne chidde;</L><L>"Seggeþ me hwo haueþ þis ido?</L><L>Eu nas neuer icunde þerto:</L><L N="115">Hit wes idon eu a loþe custe.</L><L>Seggeþ me if ye hit wiste."</L><L>Þo queþ þat on and queþ þat oþer:</L><L>"Iwis hit wes vre owe broþer,</L><L>Þat yeonde þat haueþ þat grete heued:</L><L N="120">Way þat he nys þarof byreued!</L><L>Werp hit vt myd þe vyrste</L><L>Þet his nekke him toberste!"</L><L>Þe faukun leuede his ibridde,</L><L>&amp; nom þat fule brid amydde,</L><L N="125">&amp; warp hym of þan wilde bowe,</L><L>Þat pie and crowe hit todrowe.</L><L>Þerby men seggeþ a byspel,</L><L>Þeyh hit ne beo fulliche spel;</L><L>Al so hit is bi þan vngode</L><L N="130">Þat is icumen of fule brode, <EPB/><PB N="15"/></L><L>&amp; is ymeynd wiþ freo monne,</L><L>Euer he cuþ þat he com þenne, <MILESTONE N="230r.1" UNIT="folio"/></L><L>Þat he com of þan adel-eye,</L><L>Þeyh he a freo neste leye.</L><L N="135">Þeyh appel trendli from þe treo,</L><L>Þar he and oþer myde grewe,</L><L>Þeyh he beo þar-from bicume,</L><L>He cuþ hwenene he is icume."</L><L>   Þeos word ayaf þe nihtegale,</L><L N="140">And after þare longe tale</L><L>Heo song so lude &amp; so scharpe,</L><L>Ryht so me grulde schille harpe.</L><L>Þeos vle luste þider-ward,</L><L>&amp; heold hire eyen neþer-ward,</L><L N="145">&amp; sat toswolle &amp; tobolewe,</L><L>So heo hedde one frogge iswolwe:</L><L>For heo wel wiste &amp; was iwar</L><L>Þat heo song hire a-bysemar.</L><L>&amp; naþeles heo yaf ondsware,</L><L N="150">"Hwy neltu fleon in-to [þe] bare, <EPB/><PB N="17"/></L><L>And schewi hweþer vnker beo</L><L>Of brihter hewe, of fayrur bleo ?"</L><L>"No, þu hauest scharpe clawe,</L><L>Ne kepe ich noht þat þu me clawe.</L><L N="155">Þu hauest clyures swiþe stronge,</L><L>Þu twengest þar-mid so doþ a tonge.</L><L>Þu þoutest, so doþ þine ilyche,</L><L>Mid fayre worde me biswike.</L><L>Ich nolde don þat þu me raddest,</L><L N="160">Ich wiste wel þat þu me misraddest.</L><L>Schomye þe vor þine vnrede!</L><L>Vnwryen is þi swikehede !</L><L>Schild þi swike-dom from þe lyhte,</L><L>And hud þat wowe among þe ryhte.</L><L N="165">Hwanne þu wilt vnriht spene,</L><L>Loke þat hit ne beo isene: <MILESTONE N="230r.2" UNIT="folio"/></L><L>Vor swikedom haueþ schome and hete,</L><L>If hit is ope and vnder-yete.</L><L>Ne spedestu nouht mid þin vnwrenche,</L><L N="170">For ich am war and can blenche.</L><L>Ne helpeþ noht þat þu bo to þriste:</L><L>Ich wolde vyhte bet myd liste <EPB/><PB N="19"/></L><L>Þan þu mid al þine strengþe.</L><L>Ich habbe, on brede &amp; ek on lengþe,</L><L N="175">Castel god on myne ryse:</L><L>" Wel fyht þat wel flyhþ," seyþ þe wise.</L><L>Ac lete [we] awey þeos cheste,</L><L>For suche wordes beoþ vnwreste:</L><L>And fo we on myd rihte dome,</L><L N="180">Mid fayre worde &amp; myd some.</L><L>Þeyh we ne beon at one acorde,</L><L>We mawe bet myd fayre worde,</L><L>Wiþvte cheste, and bute vyhte,</L><L>Playde mid soþe &amp; mid ryhte:</L><L N="185">&amp; may vr eyþer hwat he wile</L><L>Mid rihte segge &amp; myd skile."</L><L>   Þo quaþ þe vle, "Hwo schal vs seme,</L><L>Þat cunne &amp; wille riht vs deme?"</L><L>"Ich wot wel" quaþ þe nyhtegale,</L><L N="190">"Ne þarf þerof beo no tale.</L><L>Mayster Nichol of Guldeuorde,</L><L>He is wis and war of worde:</L><L>He is of worde swyþe glev,</L><L>And him is loþ eurich vnþeu. <EPB/><PB N="21"/></L><L N="195">He wot insyht in euche songe,</L><L>Hwo singeþ wel, hwo singeþ wronge:</L><L>And he con schede from þe rihte</L><L>Þat wowe, þat þuster from þe lyhte."</L><L>   Þe vle one hwile hi bihouhte</L><L N="200">And after þan þis word upbrouhte: <MILESTONE N="230v.1" UNIT="folio"/></L></DIV1><DIV1 NODE="OwlJ:3" TYPE="supplied line groups"><HEAD TYPE="supplied">Lines 201 through 300</HEAD><L>"Ich graunti wel þat he vs deme,</L><L>For þeyh he were hwile breme,</L><L>&amp; leof hym w[e]re Nihtingale,</L><L>And oþer wyhte gent &amp; smale,</L><L N="205">Ich wot he is nu [su]þe acoled.</L><L>Nis he vor þe nouht afoled,</L><L>Þat he, vor þine olde luue,</L><L>Me adun legge &amp; þe abuue:</L><L>N[e] schaltu neuer so him queme,</L><L N="210">Þat he for þe fals dom deme.</L><L>He is nv ripe &amp; fastrede,</L><L>Ne luste hym nv to non vnrede:</L><L>Nv him ne lust namore pleye,</L><L>He wile gon a rihte weye."</L><L N="215">Þe Nihtegale wes al ware,</L><L>Heo hedde ileorned wel ihware :</L><L>"Vle," heo seyde "seye me soþ,</L><L>Hwi dostu þat vnwihtes doþ ?</L><L>Þu singest anyht &amp; nouht aday,</L><L N="220">And al þi song is waylaway. <EPB/><PB N="23"/></L><L>Þu miht mid þine songe afere</L><L>Alle þat hereþ þine ibere:</L><L>Þ[u] scrichest &amp; yollest to þine fere,</L><L>Þat hit is gryslich to ihere:</L><L N="225">Hit þincheþ boþe wise &amp; snepe</L><L>Nouht þat þu singe [ac þat] þu wepe.</L><L>Þu flyhst anyht and noht aday:</L><L>Þarof ich wundri &amp; wel may.</L><L>For vych þing þat schonyeþ riht,</L><L N="230">hit luuyeþ þuster &amp; hateþ lyht;</L><L>&amp; euych þing þat luueþ misdede,</L><L>Hit luueþ þuster to his dede.</L><L>A wis word, þeyh hit beo vnclene,</L><L>Is fele monne a-muþe imene, <MILESTONE N="230v.2" UNIT="folio"/></L><L N="235">For Alured King hit seyde &amp; wrot:  </L><L>"He schuneþ þat hine ful wot."</L><L>Ich wene þat þu dost al so,</L><L>For þu flyhst nyhtes euer mo.</L><L>[An] oþer þing me is a-wene,</L><L N="240">Þu hauest anyht wel bryhte sene:</L><L>Bi daye þu art stare-blynd,</L><L>Þat þu ne syst bouh of lynd. <EPB/><PB N="25"/></L><L>Aday þu art blynd oþer bisne,</L><L>Þarby men seggeþ a vorbisne:</L><L N="245">"Riht so hit farþ bi þan vngode</L><L>Þat nouht ne isyhþ to none gode,</L><L>&amp; is so ful of vuele wrenche</L><L>Þat him ne may no mon aprenche,</L><L>&amp; con wel þene þustre way,</L><L N="250">&amp; þane bryhte lat away."</L><L>So doþ þat beoþ of þine cunde,</L><L>Of lihte nabbeþ hi none imunde."</L><L>   Þeos vle luste swiþe longe,</L><L>&amp; wes ofteoned swiþe stronge:</L><L N="255">Heo quaþ "Þu hattest Nihtegale,</L><L>Þu [m]ihtest bet hote galegale, <EPB/><PB N="27"/></L><L>Vor þu hauest to monye tale.</L><L>Let þine tunge habbe spale!</L><L>Þu wenest þat þes day beo þin owe:</L><L N="260">Let me nv habbe myne þrowe:</L><L>Beo nv stille &amp; let me speke,</L><L>Ich wile beo of þe awreke.</L><L>&amp; lust hw ich con me bitelle,</L><L>Mid rihte soþe wiþvte spelle.</L><L N="265">Þu seyst þat ich me hude aday,</L><L>Þarto ne segge ich nyk no nay:</L><L>&amp; lust ich telle hwervore,</L><L>Al hwi hit is &amp; hwarevore. <MILESTONE N="231r.1" UNIT="folio"/></L><L>Ich habbe bile stif &amp; stronge,</L><L N="270">&amp; gode cleures scharp &amp; longe,</L><L>So hit bycumeþ to hauekes cunne</L><L>Hit is myn hyhte &amp; my [wu]nne</L><L>Þat ich me drawe to mine cunde,</L><L>Ne may me no mon þarfor sende;</L><L N="275">On me hit is wel isene,</L><L>For rihte cunde ich am so kene.</L><L>Vorþi ich am loþ smale vowele</L><L>Þat fleoþ bi grunde &amp; bi þuuele: <EPB/><PB N="29"/></L><L>Hi me bichirmeþ &amp; bigredeþ,</L><L N="280">&amp; heore flockes to me ledeþ.</L><L>Me is leof to habbe reste</L><L>And sitte stille in myne neste:</L><L>Vor nere ich neuer þe betere,</L><L>Þeyh ich mid changling and myd chatere</L><L N="285">Heom schende &amp; myd fule worde,</L><L>So herdes doþ oþer [m]id sit-worde.</L><L>Ne lust me wiþ þe screwen chide;</L><L>Forþi ich wende from heom wide,</L><L>Hit is a wise monne dome,</L><L N="290">&amp; hi hit seggeþ wel ilome,</L><L>Þat me ne chide wiþ þe gidie,</L><L>Ne wiþ þan ofne me ne yonie.</L><L>At sum syþe herde I telle</L><L>Hw Alured seyde on his spelle:</L><L N="295">"Loke þat þu ne beo þare</L><L>Þar changling beoþ &amp; cheste vare;</L><L>Let sottes chide &amp; forþ þu go."</L><L>&amp; ich am wis, &amp; do al so.</L><L>&amp; yet Alured seyde an oþer syde</L><L N="300">A word þat is isprunge wide,</L></DIV1><DIV1 NODE="OwlJ:4" TYPE="supplied line groups"><HEAD TYPE="supplied">Lines 301 through 400</HEAD><L>"Þat wiþ þe fule haueþ imene,</L><L>Ne cumeþ he neuer from him clene." <MILESTONE N="231r.2" UNIT="folio"/></L><L>Wenestu þat hauek beo þe w[u]rse</L><L>Þe crowe bigrede him bi þe mersche, <EPB/><PB N="31"/></L><L N="305">&amp; goþ to him myd heore chyrme</L><L>Riht so hi wille wiþ him schirme?</L><L>Þe hauek foleweþ gode rede;</L><L>He flyhþ his wey, &amp; let hi grede."</L><L>   "[Y]et þu me seyst of oþer þinge,</L><L N="310">&amp; tellest þat ich ne can nouht singe,</L><L>Ac al my reorde is wonyng,</L><L>And to ihere gryslych þing.</L><L>Þat nis nouht soþ, ich singe efne,</L><L>Mid fulle dreme &amp; lude stefne.</L><L N="315">Þu wenest þat eoch song beo grislich</L><L>Þat þine pipinge nis ilich.</L><L>Mi stefne is bold &amp; nouht vnorne,</L><L>Heo is ilich one grete horne,</L><L>&amp; þin is iliche one pype,</L><L N="320">Of one smale weode vnripe.</L><L>Ich [singe] bet þan þu dest:</L><L>Þu chaterest so doþ on Yris prest.</L><L>Ich singe an efne a ryhte time,</L><L>&amp; seþþe hwenne hit is bed-time,</L><L N="325">Þe þridde syþe a middel-nyhte:</L><L>&amp; so ich myne songe adihte</L><L>Hwenne ich iseo arise veorre</L><L>Oþer day-rewe oþer day-steorre.</L><L>Ic do god myd myne þrote,</L><L N="330">And warny men to heore note.</L><L>Ac þu singest alle longe nyht,</L><L>From eue þat hit is day-liht,</L><L>&amp; euer lesteþ þin o song</L><L>So longe so þe nyht is long: <EPB/><PB N="33"/></L><L N="335">&amp; euer croweþ þi wrecche crey,</L><L>Þat he ne swikeþ nyht ne day. <MILESTONE N="231v.1" UNIT="folio"/></L><L>Mid þine pipinge þu adunest</L><L>Þas monnes eren þar þu wunest,</L><L>&amp; makest þi song so vnwiht</L><L N="340">Þat me ne telleþ of þe nowiht.</L><L>Eurych mureþe may so longe leste,</L><L>Þat heo schal liki wel vnwreste :</L><L>For harpe, &amp; pipe, &amp; foweles song</L><L>Mislikeþ, if hit is to long.</L><L N="345">Ne beo þe song ne so murie,</L><L>Þat he ne sal þinche vnmurie</L><L>If he ilesteþ ouer vnwille:</L><L>So þu myht þi song aspille.</L><L>For hit is soþ, Alured hit seyde,</L><L N="350">&amp; me hit may in boke rede:</L><L>"Eurich þing may lesen his godhede</L><L>Mid vnmeþe and ouerdede."</L><L>Mid este þu þe maist ouerquatie,</L><L>&amp; ouerfulle makieþ wlatie: <EPB/><PB N="35"/></L><L N="355">&amp; euerich mureþe may agon,</L><L>If me hit halt euer in on,</L><L>Bute one, þat is Godes riche,</L><L>Þa[t] euer is swete &amp; euer iliche:</L><L>Þeyh þu nyme of þan lepe,</L><L N="360">Hit is euer ful by hepe.</L><L>Wunder hit is of Godes ryche,</L><L>Þat euer spenþ &amp; euer is iliche.</L><L>   Yet þu me seyst an oþer schome,</L><L>Þat ich a[m] on [m]yne eye lome,</L><L N="365">&amp; seyst, for þat ich fleo bi nyhte,</L><L>Þat ich ne may iseo bi lyhte.</L><L>Þu liest! on me hit is isene</L><L>Þat ich habbe gode sene:</L><L>Vor nys no so dym þesternesse</L><L N="370">Þat ich euer iseo þe lesse.</L><L>Þu wenest þat ich ne m[u]we iseo, <MILESTONE N="231v.2" UNIT="folio"/></L><L>Vor ich bi daye nouht ne fleo.</L><L>Þe hare luteþ al day,</L><L>Ac noþeles iseo he may.</L><L N="375">If hundes eorneþ to him-ward,</L><L>He gencheþ swiþe awey-ward,</L><L>&amp; hokeþ paþes swiþe narewe,</L><L>&amp; haueþ mid him blenches yarewe.</L><L>He [hupþ] &amp; start swiþe cove,</L><L N="380">&amp; secheþ paþes to þe groue:</L><L>Ne scholde he vor bo his eye</L><L>So do, if he þe bet ne iseye. <EPB/><PB N="37"/></L><L>Ich may iseo so wel so on hare,</L><L>Þeyh ich bi daye sytte a dare.</L><L N="385">Þar auhte men beoþ in worre,</L><L>&amp; fareþ boþe neor &amp; feorre,</L><L>&amp; ouervareþ veole þeode,</L><L>&amp; doþ bi nyhte gode neode,</L><L>Ich folewi þane ahte manne,</L><L N="390">&amp; fleo bi nyhte in heore barme."</L><L>   Þe nyhtegale in hire þouhte</L><L>Atheold al þis, &amp; longe þouhte</L><L>Hwat heo þarafter myhte segge:</L><L>Vor heo ne myhte noht alegge</L><L N="395">Þat þe vle hedde hire iseyd,</L><L>Vor ho spak boþe riht &amp; red.</L><L>&amp; hire ofþuhte þat heo hadde</L><L>Þe speche so feor uorþ iladde,</L><L>&amp; wes aferd þat hire answare</L><L N="400">Ne w[u]rþe nouht ariht ivare.</L></DIV1><DIV1 NODE="OwlJ:5" TYPE="supplied line groups"><HEAD TYPE="supplied">Lines 401 through 500</HEAD><L>Ac noþeles heo spak boldeliche,</L><L>Vor heo is wis þat hardeliche</L><L>Wiþ his fo berþ grete ilete,</L><L>[Þ]at he for arehþe hit ne forlete: <EPB/><PB N="39"/></L><L N="405">Vor suych worþ bold if þu flyhst,</L><L>Þat wile fleo if þu [ne] swykst; <MILESTONE N="232r.1" UNIT="folio"/></L><L>If he isihþ þat þu [n]art areh,</L><L>He wile of bore wurche bareh.</L><L>&amp; forþi, þey [þe] nyhtegale</L><L N="410">Were aferd, heo spak bolde tale.</L><L>   "[H]vle" heo seyde "hwi dostu so?</L><L>Þu singest a-wynter wolawo !</L><L>Þu singest so doþ hen a-snowe,</L><L>Al þat heo singeþ hit is for wowe.</L><L N="415">A-wintre þu singest wroþe &amp; yomere,</L><L>&amp; euer þu art dumb a-sumere.</L><L>Hit is for þine fule nyþe</L><L>Þat þu ne myht myd vs be bliþe,</L><L>Vor þu forbernest neyh for onde</L><L N="420">Hwenne vre blisse cumeþ to londe.</L><L>Þu farest so doþ þe ille,</L><L>Euerich blisse him is vnwille:</L><L>Grucching &amp; luring him beoþ rade,</L><L>If he iseoþ þat men beoþ glade. <EPB/><PB N="41"/></L><L N="425">He wolde þat he iseye</L><L>Teres in eueriche monnes eye:</L><L>Ne rouhte [h]e þeyh flockes were</L><L>Imeynd bi toppes &amp; bi here.</L><L>Al so þu dost on þire syde:</L><L N="430">For hwanne snouh liþ þikke &amp; wide,</L><L>&amp; alle wihtes habbeþ sorewe,</L><L>Þu singest from eue to a-morewe.</L><L>Ac ich mid me alle blisse bringe:</L><L>Ech wiht is glad for myne þinge,</L><L N="435">&amp; blesseþ hit hwenne ich cume,</L><L>&amp; hihteþ ayeyn myne cume.</L><L>Þe blostme gynneþ springe &amp; sprede,</L><L>Boþe in treo &amp; ek in mede.</L><L>Þe lilie myd hire fayre wlite</L><L N="440">Welcomeþ me, þeyh þu hit wite,</L><L>Bid me myd hire fayre bleo <MILESTONE N="232r.2" UNIT="folio"/></L><L>Þat ich schulle to hire fleo. <EPB/><PB N="43"/></L><L>Þe rose also myd hire rude,</L><L>Þat cumeþ of þe þorne wode,</L><L N="445">Bit me þat ich schulle singe</L><L>For hire luue one skentynge:</L><L>&amp; ich so do þureh nyht &amp; day,</L><L>Þe more ich singe þe more ich may,</L><L>&amp; skente hi myd myne songe,</L><L N="450">Ac noþeles nouht ouerlonge:</L><L>Hwenne ich iseo þat men beoþ glade,</L><L>Ich nelle þat hi beon to sade:</L><L>Hwenne is ido for hwan ich com,</L><L>Ich vare ayeyn &amp; do wisdom.</L><L N="455">Hwanne mon howieþ of his sheue,</L><L>&amp; falewi cumeþ of grene leue,</L><L>Ich fare hom &amp; nyme leue:</L><L>Ne recche ich nouht of wyntres teone.</L><L>Hwanne ich iseo þat cumeþ [þat] harde,</L><L N="460">Ich fare hom to myn erde,</L><L>&amp; habbe boþe luue &amp; þonk</L><L>Þat ich her com &amp; hider swonk.</L><L>Hwanne myn erende is ido,</L><L>Scholde ich bileue ? nay, hwarto ?</L><L N="465">Vor he nys noþer yep ne wis,</L><L>Þat longe abid þar him no neod is."</L><L>   Þeos vle luste, &amp; leyde an hord</L><L>Al þis mot, word after word,</L><L>And after þouhte hw heo myhte</L><L N="470">Onswere vynde best myd rihte:</L><L>Vor he mot ful wel him biþenche,</L><L>Þat is aferd of playtes wrenche.</L><L>   "Þv ayssest me," þe vle seyde,</L><L>"Hwi ich a-winter singe &amp; grede. <EPB/><PB N="45"/></L><L N="475">Hit is gode monne ywune,</L><L>&amp; was from þe worlde frume, <MILESTONE N="232v.1" UNIT="folio"/></L><L>Þat ech god mon his frend iknowe,</L><L>&amp; blissi myd heom sume þrowe</L><L>In his huse at his borde,</L><L N="480">Mid fayre speche &amp; fayre worde.</L><L>&amp; hure &amp; hure to Cristesmasse,</L><L>Hwenne riche &amp; poure, more &amp; lasse,</L><L>Singeþ cundut nyht &amp; day,</L><L>Ich heom helpe hwat ich may.</L><L N="485">&amp; ek ich þenche of oþer þinge</L><L>Þane to pleye oþer to singe.</L><L>Ich habbe herto god onsware</L><L>Anon iredi and al ware :</L><L>Vor sumeres-tyde is al wlonk,</L><L N="490">&amp; doþ mysreken monnes þonk:</L><L>Vor he ne rekþ noht of clennesse,</L><L>Al his þouht is of golnesse:</L><L>Vor none dor no leng nabideþ,</L><L>Ac euerich vp oþer rideþ:</L><L N="495">Þe sulue stottes yne þe stode,</L><L>Beþ boþe wilde and mare-wode.</L><L>&amp; þu sulf art þar-among,</L><L>Vor of golnysse is al þi song,</L><L>&amp; ayeyn [þet þu wilt teme],</L><L N="500">Þu art wel modi &amp; wel breme.</L></DIV1><DIV1 NODE="OwlJ:6" TYPE="supplied line groups"><HEAD TYPE="supplied">Lines 501 through 600</HEAD><L>Sone so þu hauest itrede,</L><L>Ne myht þu leng a word iqueþe,</L><L>Ac pipest al so doþ a mose,</L><L>Mid cokeringe, mid stefne hose. <EPB/><PB N="47"/></L><L N="505">Yet þu singest w[o]rse þan þe heysugge,</L><L>þat flyhþ bi grunde among þe stubbe:</L><L>Hwenne þi lust is ago,</L><L>Þenne is þi song ago al so.</L><L>A-sumere chorles aweydeþ</L><L N="510">&amp; uorcrempeþ &amp; uorbredeþ: <MILESTONE N="232v.2" UNIT="folio"/></L><L>Hit nys for luue noþeles,</L><L>Ac is þeos cherles wode res;</L><L>Vo[r] hwanne he haueþ ido his dede,</L><L>Ifalle is al his boldhede,</L><L N="515">Habbe he istunge vnder gore,</L><L>Ne last his luue no leng more.</L><L>Al so hit is on þine mode;</L><L>So sone so þu sittest a-brode,</L><L>Þu forleost al þine wise.</L><L N="520">Al so þu varest on þine ryse:</L><L>Hwenne þu hauest ido þi gome,</L><L>Þi stefne goþ anon to schome.</L><L>Ac hwenne nyhtes cumeþ longe,</L><L>&amp; bryngeþ forstes starke &amp; stronge,</L><L N="525">Þanne erest hit is isene</L><L>Hwar is þe snelle, hwar þe kene.</L><L>At þan harde me may avynde</L><L>Hwo goþ forþ, hwo lyþ bihynde.</L><L>Me may iseon at þare neode,</L><L N="530">Hwan me schal harde wike beode; <EPB/><PB N="49"/></L><L>Þanne ich am snel, &amp; pleye &amp; singe,</L><L>&amp; hyhte me myd my skentinge:</L><L>Of none wyntre ich ne recche,</L><L>Vo[r] ich nam non aswunde wrecche.</L><L N="535">&amp; ek ich froueri fele wihte</L><L>Þat myd heom nabbeþ none [m]ihte:</L><L>Hi beoþ houhful &amp; wel arme,</L><L>And secheþ yorne to þen warme;</L><L>Ofte ich singe for hem þe more</L><L N="540">For lutly sum of heore sore.</L><L>Hw þinkþ þe? artu [inome]?</L><L>Artu myd rihte ouercume ?"</L><L>   " Nay, nay ! " seyde þe Nihtegale,</L><L>"Þu schalt ihere on oþer tale: <MILESTONE N="233r.1" UNIT="folio"/></L><L N="545">Yet nis þeos speche ibroht to dome.  </L><L>Ac be stille, and lust nv to me:</L><L>Ich schal mid one bare worde</L><L>Do þat þi speche w[u]rþ forwurþe."</L><L>   "Þat nere noht riht" þe vle seyde,</L><L N="550">"Þu hauest bicleped al so þu bede, <EPB/><PB N="51"/></L><L>And ich þe habbe iy[i]ue onswere.</L><L>Ac are we to vnker dome fare,</L><L>Ich wile speke toward þe</L><L>Al so þu speke toward me;</L><L N="555">&amp; þu me onswere if þu myht.</L><L>Sey me nv, þu wrecche wiht,</L><L>Is in þe eny oþer note</L><L>Bute þu hauest schille þrote?</L><L>Þu nart nouht to non oþer þinge,</L><L N="560">Bute þu canst of chateringe:</L><L>Vor þu art lutel and vnstrong,</L><L>&amp; nys þi ryel nowiht long.</L><L>Hwat dostu godes among monne ?</L><L>Na mo þene doþ a wrecche wrenne.</L><L N="565">Of þe ne cumeþ non oþer god,</L><L>Bute þu gredest swich þu be wod:</L><L>&amp; beo þi piping ouergo,</L><L>Ne beoþ on þe craftes na mo.</L><L>Alured seyde, þat wes wis:</L><L N="570">(He myhte wel, for soþ hit is,)</L><L>"Nis nomon for his bare songe</L><L>Leof ne w[u]rþ noht swiþe longe:</L><L>Vor þat is o furw[u]rþe man</L><L>Þat bute singe naht ne can."</L><L N="575">Þu nart bute o furw[u]rþe þing:</L><L>On þe nys bute chateryng.</L><L>Þu art dym &amp; of fule heowe,</L><L>&amp; þinchest a lytel soty clewe. <MILESTONE N="233r.2" UNIT="folio"/><EPB/><PB N="53"/></L><L>Þu nart fayr, ne þu nart strong,</L><L N="580">Ne þu nart þikke, ne þu nart long;</L><L>Þu hauest ymyst of fayrhede,</L><L>&amp; lutel is þi godhede.</L><L>An oþer þing of þe ich mene,</L><L>Þu [n]art feyr ne þu nart clene.</L><L N="585">Hwanne þu cumest to monne hawe,</L><L>Þar þornes beoþ &amp; ris idrawe,</L><L>Bi hegge &amp; bi þikke weode,</L><L>Þar men goþ to heore neode,</L><L>Þarto þu draust [þar]to þu w[u]nst</L><L N="590">&amp; oþer clene stude þu schunest.</L><L>Hwanne ich fleo nyhtes after muse,</L><L>Ich may þe vinde at þe rum-huse:</L><L>Among þe wede, among þe netle,</L><L>Þu syttest &amp; singst bihinde seotle:</L><L N="595">Þar me þe may ilomest fynde,</L><L>Þar men worpeþ heore byhinde.</L><L>Yet þu atwitest me myne mete,</L><L>&amp; seyst þat ich fule wyhtes ete.</L><L>Ac hwat etestu, þat þu ne lye,</L><L N="600">Bute attercoppe &amp; fule vlye,</L></DIV1><DIV1 NODE="OwlJ:7" TYPE="supplied line groups"><HEAD TYPE="supplied">Lines 601 through 700</HEAD><L>&amp; wurmes, if þu myht fynde</L><L>Among þe volde of harde rynde?</L><L>Yet ich can do wel gode wike,</L><L>For ich can loki monne wike:</L><L N="605">&amp; mine wike beoþ wel gode,</L><L>For ich helpe to monne vode.</L><L>Ich can nyme [m]us at berne,</L><L>&amp; ek at chireche in þe derne:</L><L>For me is leof to Cristes huse,</L><L N="610">To clansi hit wiþ fule [m]use,</L><L>Ne schal þar neuer cume to</L><L>Ful wiht, if ich hit may ivo. <MILESTONE N="233v.1" UNIT="folio"/><EPB/><PB N="55"/></L><L>&amp; if me lust on my skenting</L><L>To wernen oþe[r] wunyng,</L><L N="615">Ich habbe at wode treon grete,</L><L>Mid þikke bowe noþing blete,</L><L>Mid ivi grene al bigrowe,</L><L>Þat euer stont iliche iblowe,</L><L>&amp; his heou neuer ne uorleost,</L><L N="620">Hwanne hit snywe ne [hwanne hit] frost.</L><L>Þarinne ic habbe god ihold,</L><L>A-wintre warm, a-sumere cold.</L><L>Þane myn hus stont briht &amp; grene,</L><L>Of þine nys nowiht isene.</L><L N="625">Yet þu me telst of oþer þinge,</L><L>Of myne briddes seyst gabbinge,</L><L>Þat heore [nest] nys nouht clene.</L><L>Hit is fale oþer wihte imene:</L><L>Vor hors a-stable, &amp; oxe a-stalle</L><L N="630">Doþ al þat heom wile þar valle.</L><L>&amp; lutle childre in þe cradele,</L><L>Boþe cheorles &amp; ek aþele,</L><L>Doþ al þat in heore youhþe</L><L>Þat hi uorleteþ in heore duhþe.</L><L N="635">Hwat! can þat yongling hit bihede?</L><L>Yf hit mys[d]eþ, hit mot nede:</L><L>A vorbisne is of olde iwurne,</L><L>Þat neode makeþ old wif eorne. <EPB/><PB N="57"/></L><L>&amp; yet ich habbe an oþer onswere:</L><L N="640">Wiltu to myne neste vare</L><L>&amp; loki hw hit is idiht?</L><L>If þu art wis leorny þu mi[h]t:</L><L>Mi nest is holeuh &amp; rum amidde,</L><L>So hit is softest myne bridde.</L><L N="645">Hit is ibroyde al abute,</L><L>Vrom þe neste ueor wiþvte:</L><L>Þarto hi goþ to heore neode, <MILESTONE N="233v.2" UNIT="folio"/></L><L>Ac [hwat] þu menest ich heom forbode.</L><L>We yeme nymeþ of manne bure,</L><L N="650">&amp; after þan we makieþ vre:</L><L>Men habbeþ among oþre i[h]ende,</L><L>A rum-hus at heore bures ende,</L><L>Vor þat hi nelleþ to veor go,</L><L>&amp; myne briddes doþ al so.</L><L N="655">Syte nv stille, chaterestre !</L><L>Nere þu neuer ibunde vastre:</L><L>Herto ne vyndestu neuer answere.</L><L>Hong up þin ax! nv þu miht fare!"</L><L>   Þe Nihtegale at þisse worde</L><L N="660">Was wel neyh ut of rede iworþe,</L><L>&amp; þouhte yorne on hire mode</L><L>Yf heo ouht elles vnderstode,</L><L>If heo cuþe ouht bute singe,</L><L>Þat myhte helpe to oþer þinge. <EPB/><PB N="59"/></L><L N="665">Herto heo moste answere vynde,</L><L>Oþer mid alle beon bihinde:</L><L>&amp; hit is strong to vyhte</L><L>Ayeyn soþe &amp; ayeyn rihte.</L><L>He mot gon to al mid gynne,</L><L N="670">Hwan þe horte beoþ on winne:</L><L>&amp; þe man mot oþer segge,</L><L>He mot bihemme &amp; bilegge,</L><L>If muþ wiþvte may biwreo</L><L>Þat me þe horte nouht niseo:</L><L N="675">&amp; sone may a word mysreke</L><L>Þar muþ schal ayeyn horte speke:</L><L>&amp; sone may a word myssturte</L><L>Þar muþ schal speke ayeyn horte.</L><L>Ac [noþeles hyet] upe þon,</L><L N="680">Her is to red hwo hyne con:</L><L>Vor neuer nys wit so kene</L><L>So hwanne red him is a-wene. <MILESTONE N="234r.1" UNIT="folio"/></L><L>Þanne erest cumeþ his yephede</L><L>Hwenne hit is alremest on drede;</L><L N="685">For Alured seyde of olde quide,</L><L>&amp; hyet hit nis of horte islide:</L><L>"Hwenne þe bale is alre-hekst,</L><L>Þenne is þe bote alre-nest." <EPB/><PB N="61"/></L><L>Vor [w]it [w]est among his sore,</L><L N="690">&amp; for his sore hit is þe more.</L><L>Vorþi nis neuer mon redles</L><L>Ar his horte beo witles:</L><L>Ac if he furleost his wit,</L><L>Þenne is his red-purs al to-slyt:</L><L N="695">If he ne con his wit atholde,</L><L>N[e] vynt he red in none volde.</L><L>Vor Alured seyde, þat wel cuþe,</L><L>Euer he spak mid soþe muþe:</L><L>"Hwenne þe bale is alre-hekst,</L><L N="700">Þenne is þe bote alre-nexst."</L></DIV1><DIV1 NODE="OwlJ:8" TYPE="supplied line groups"><HEAD TYPE="supplied">Lines 701 through 800</HEAD><L>   Þe Nihtegale al hi[re howe]</L><L>Mid rede hadde wel bitowe ;</L><L>Among þe harde, among þe towehte,</L><L>Ful wel myd rede hire biþouhte,</L><L N="705">&amp; hedde onswere god ifunde</L><L>Among alle hire harde stunde.</L><L>   "[U]le, þu axest me," heo seyde,</L><L>"[I]f ich con eny oþer dede</L><L>Bute syngen in sume tyde,</L><L N="710">&amp; bringe blisse veor &amp; wyde.</L><L>Hwy axestu of craftes myne ?</L><L>Beter is myn on þan alle þine,</L><L>Beter is o song of myne muþe</L><L>Þan al þat [evre] þi kun kuþe:</L><L N="715">&amp; lust, ich telle þe hwarvore.</L><L>Wostu to hwan mon wes ibore?</L><L>To þare blisse of heueryche, <MILESTONE N="234r.2" UNIT="folio"/></L><L>Þar euer is song &amp; [m]urehþe ilyche: <EPB/><PB N="63"/></L><L>Þider fundeþ euerich man</L><L N="720">Þat eny þing of gode can.</L><L>For-þi me syngþ in holy-chireche,</L><L>&amp; clerekes gynneþ songes w[i]rche,</L><L>Þat mon yþenche bi þe songe</L><L>Hwider he shal, &amp; þar ben longe:</L><L N="725">Þat he þe murehþe ne voryete,</L><L>Ac þarof þenche &amp; bige[t]e,</L><L>&amp; nyme yeme of chirche stefne,</L><L>Hw [m]urie is þe blisse of heuene.</L><L>Clerekes, Munekes, &amp; canunes,</L><L N="730">Þar beoþ þos gode wike-tunes,</L><L>Ariseþ vp to middel-nyhte,</L><L>&amp; singeþ of þon heuene-lyhte:</L><L>&amp; preostes vpe londe singeþ,</L><L>  *     *     *     *     *</L><L N="735">&amp; ich heom helpe hwat ic may,</L><L>Ich singe myd hem nyht &amp; day,</L><L>&amp; heo beoþ alle for me þe gladdere,</L><L>&amp; to þe songe beoþ þe raddure.</L><L>Ich warny men to heore gode,</L><L N="740">Þat hi beon blyþe on heore mode,</L><L>&amp; bidden þat hi moten iseche</L><L>Þat ilche song þat euer is eche.</L><L>Nu þu myht, vle, sitte and clynge:</L><L>Her-among nys no chateringe :</L><L N="745">Ich graunti þat þu go to dome</L><L>Tovore þe sulve Pope of Rome. <EPB/><PB N="65"/></L><L>Ac abid yete, noþeles,</L><L>Þu schalt abyde on oþer [bles]:</L><L>Ne schaltu, vor Engelonde,</L><L N="750">At þisse worde me atstonde.</L><L>Hwy atwitestu me myne vnstrengþe,</L><L>&amp; myne vngrete, &amp; myn vnlengþe,</L><L>&amp; sayst þat ich am nouht strong, <MILESTONE N="234v.1" UNIT="folio"/></L><L>Vor ic nam noþer gret ne long?</L><L N="755">Ac þu nost neuer hwat þu menest,</L><L>Bute lese wordes þu me lenest:</L><L>For ic kan craft &amp; ic kan lyste,</L><L>&amp; þarfore ic am þus þriste.</L><L>Ich kan wit &amp; song mony eine,</L><L N="760">Ne triste ic to non oþer mayne:</L><L>Vor soþ hit is þat seyde Alured:</L><L>"Ne may no strengþe ayeyn red." <EPB/><PB N="67"/></L><L>Oft spet wel a lute lyste,</L><L>Þar muche strengþe solde myste;</L><L N="765">Mid lutle strengþe, þureh ginne,</L><L>Castel &amp; bureh me may winne.</L><L>Mid liste me may walles felle,</L><L>&amp; werpe of horse knyhtes snelle.</L><L>Vuel strengþe is lutel w[u]rþ,</L><L N="770">Ac wisdom ne w[u]rþ neuer vnw[u]rþ:</L><L>Þu myht iseo þurh alle þing,</L><L>Þat wisdom naueþ non euening.</L><L>An hors is strengur þan a mon;</L><L>Ac for hit non iwit ne kon,</L><L N="775">Hit berþ on rugge grete semes,</L><L>&amp; drahþ bi sweore grete temes, <EPB/><PB N="69"/></L><L>&amp; þoleþ boþe yerd &amp; spure,</L><L>&amp; stont iteyed at mulne dure.</L><L>&amp; hit doþ þat mon hit hot:</L><L N="780">&amp; for þan þat hit no wit not,</L><L>Ne may his strengþe hit ischilde</L><L>Þat h[it] nabuhþ þe lutle childe.</L><L>Mon doþ, mid strengþe &amp; mid witte,</L><L>Þat oþer þing nys non his fitte.</L><L N="785">Þey alle strengþe at one [w]ere,</L><L>Monnes wit yet more were:</L><L>Vor þe mon myd his crafte, <MILESTONE N="234v.2" UNIT="folio"/></L><L>Ouercumeþ al eorþliche shafte.</L><L>Al so ic do myd myne one songe</L><L N="790">Bet þan þu alle yer longe:</L><L>Vor myne crafte men me luuyeþ,</L><L>Vor þine strengþe men þe schunyeþ.</L><L>Telstu bi me þe w[u]rs for þan</L><L>Þat ic bute enne craft ne kan?</L><L N="795">If twey men goþ to wrastlinge,</L><L>&amp; eyþer oþer vaste þringe,</L><L>&amp; þe on can swenges swiþe fele,</L><L>&amp; kan his wrenches wel forhele,</L><L>&amp; þe oþer ne can sweng bute onne,</L><L N="800">&amp; þe is god wiþ eche manne,</L></DIV1><DIV1 NODE="OwlJ:9" TYPE="supplied line groups"><HEAD TYPE="supplied">Lines 801 through 900</HEAD><L>&amp; myd þan one leyþ to grunde</L><L>Anne after oþe[r] a lutle stunde,</L><L>Hwat þarf he recche of a mo swenge,</L><L>Hwenne þe on him is so genge? <EPB/><PB N="71"/></L><L N="805">Þ[u] seyst þat þu canst fele wike,</L><L>Ac euer ich am þin vnyliche.</L><L>Do þine craftes alle togadere,</L><L>Yet is myn on heorte betere.</L><L>Ofte hwan hundes foxes driueþ,</L><L N="810">Þe kat ful wel him sulue liueþ,</L><L>Þeh he ne cunne wreynch bute anne.</L><L>Þe fo[x] so godne ne can nanne,</L><L>Þey he cunne so vele wrenche,</L><L>Þat he weneþ eche hunde atprenche.</L><L N="815">Vor he can paþes rihte and wowe,</L><L>&amp; he can hongi bi þe bowe,</L><L>&amp; so vorlest þe hund his fore,</L><L>&amp; turnþ eft ayeyn to þe more.</L><L>Þe fox can crepe by þe heye,</L><L N="820">&amp; turne vt from his forme weye,</L><L>&amp; eft sone cume þarto: <MILESTONE N="235r.1" UNIT="folio"/></L><L>Þenne is þes hundes smel fordo:</L><L>He not, þurh þe [m]eynde smak,</L><L>Hweþer he schal vorþ þe abak.</L><L N="825">If þe uox miste of al þis dwele,</L><L>At þan ende he [creopþ] to hole: <EPB/><PB N="73"/></L><L>Ac naþeles myd al his wrenche,</L><L>Ne can he hine so biþenche,</L><L>Þey he beo yep &amp; swiþe snel,</L><L N="830">Þat he ne leost his rede vel.</L><L>Þe kat ne can wrench bute anne,</L><L>Noþer bi dune ne bi venne:</L><L>Bute he can clymbe swiþe wel,</L><L>Þarmyd he wereþ his greye vel.</L><L N="835">Al so ich segge bi my seolue,</L><L>Beter is myn on þan þine twelue."</L><L>   "Abid! abid!" þe vle seyde,</L><L>"Þu gest al to mid swikelhede:</L><L>Alle þine wordes þu bileyst</L><L N="840">Þat hit þinkþ soþ þat þu seyst:</L><L>Alle þine wordes beoþ isliked,</L><L>&amp; so biseme[d] and bilike[d],</L><L>Þat alle heo þat hi auoþ,</L><L>Hi weneþ þat þu segge soþ.</L><L N="845">Abid! abid! me schal þe yene!</L><L>Nu hit schal w[u]rþe wel isene</L><L>Þat þu hauest muchel ilowe,</L><L>Hwenne þi lesing beoþ vnwrowe.</L><L>Þu seist þat þu singest moncunne,</L><L N="850">&amp; techest heom þat hi fundeþ heonne</L><L>Vp to þe songe þat euer ilast:</L><L>Ac hit is alre w[u]ndre mest,</L><L>Þat [þu] darst lye so opeliche.</L><L>Wenestu hi bringe so lyhtliche</L><L N="855">To Godes riche al singinde? <MILESTONE N="235r.2" UNIT="folio"/></L><L>Nay! Nay! hi schule wel avynde <EPB/><PB N="75"/></L><L>Þat hi myd longe wope mote</L><L>Of heore sunnen bidde bote,</L><L>Ar hi mote euer cume þare.</L><L N="860">Ich rede þi þat men beo ware,</L><L>&amp; more wepe þane singe,</L><L>Þat fundeþ to þan heuene-kynge:</L><L>For nys no mon wiþvten sunne.</L><L>Forþi he mot ar he wende heonne,</L><L N="865">Mid teres &amp; myd wope bete,</L><L>Þat him beo sur þat er was swete.</L><L>Þarto ich helpe, God hit wot!</L><L>Ne singe ich heom no foliot:</L><L>Vor al my song is of longinge,</L><L N="870">And ymeynd sumdel myd woninge,</L><L>Þat mon bi me hine biþenche</L><L>Þat he grony for his vnwrenche;</L><L>Mid myne songe ich hine [pulte],</L><L>Þat he grony for his gulte.</L><L N="875">If þu gest herof to disputinge,</L><L>Ich wepe bet þan þu singe:</L><L>If riht goþ forþ, &amp; abak wrong,</L><L>Betere is my wop þan þi song.</L><L>Þeyh summe men beon þurhut gode,</L><L N="880">&amp; þurhut clene on heore mode,</L><L>Heom longeþ heonne noþeles.</L><L>Þat beoþ her, wo is hom þes:</L><L>Vor þeyh hi beo heom selue iborewe,</L><L>Hi ne seoþ her nowiht bute serewe.</L><L N="885">Vor oþer men hi wepeþ sore,</L><L>&amp; for heom biddeþ Cristes ore. <EPB/><PB N="77"/></L><L>Ich helpe monne on eyþer halue,</L><L>Mi [m]uþ haueþ tweire kunne salue:</L><L>Þan gode ich fulste to longinge, <MILESTONE N="235v.1" UNIT="folio"/></L><L N="890">Vor hwenne him longeþ ic him singe: </L><L>&amp; þan sunfulle ic helpe also,</L><L>Vor ic him teche hwar is wo.</L><L>Yet ic þe yene on oþer wise:</L><L>Vor hwenne þu sittest on þine rise,</L><L N="895">Þu drahst men to fleyses luste,</L><L>Þat wil[l]eþ þine songes luste.</L><L>Al þu vorleost þe [m]urehþe of heuene,</L><L>For þarto nauestu none steuene:</L><L>Al þat þu singest is of golnesse,</L><L N="900">For nys on þe non holynesse,</L></DIV1><DIV1 NODE="OwlJ:10" TYPE="supplied line groups"><HEAD TYPE="supplied">Lines 901 through 1000</HEAD><L>Ne weneþ no mon for þi pipinge</L><L>Þat eny preost in chirche singe.</L><L>Yet ic þe wile on oþer segge,</L><L>If þu hit const ariht bilegge:</L><L N="905">Hwi nultu singe an oþer þeode,</L><L>Þa[r] hit is muchele more neode?</L><L>Þu neuer ne singest in Irlonde,</L><L>Ne þu ne cumest in Scotlonde.</L><L>Hwi nultu vare to Norweye,</L><L N="910">&amp; singen men of Galeweye? <EPB/><PB N="79"/></L><L>Þar beoþ men þat litel kunne</L><L>Of songe þat is vnder sunne.</L><L>Hwi nultu þare preoste singe,</L><L>&amp; teche of þire writelinge,</L><L N="915">&amp; wisi heom myd þire stefne</L><L>Hw engles singeþ in þe heuene?</L><L>Þu farest so doþ on an yde[l] wel</L><L>Þat springeþ bi burne þat is snel,</L><L>&amp; let fordruye þe dune,</L><L N="920">&amp; flohþ an ydel þar adune.</L><L>Ac ich fare norþ and souþ:</L><L>In euerich londe ich am cuþ;</L><L>East &amp; west, souþ &amp; norþ, <MILESTONE N="235v.2" UNIT="folio"/></L><L>I do wel fayre my mester,</L><L N="925">&amp; warny men mid myne bere,</L><L>Þat þi dwele-song heo ne forle[r]e.</L><L>Ich wisse men myd myne songe,</L><L>Þat hi ne sunegi nowiht longe;</L><L>Ich bidde heom þat heo iswike,</L><L N="930">Þat heom seolue ne biswike:</L><L>For betere is þat heo wepe here,</L><L>Þan elles hwar beo deoulene yuere."</L><L>   Þe Nihtegale wes agromed</L><L>&amp; ek sum-del ofschomed,</L><L N="935">For þe vle hire atwiten hedde</L><L>In hwiche stude ho sat &amp; gradde,</L><L>Bihinde þe bure, among þe wed,</L><L>Þar men gon to heore ned; <EPB/><PB N="81"/></L><L>&amp; sat sum-del &amp; ho biþouhte,</L><L N="940">&amp; wiste wel on hire þouhte</L><L>Þe wraþþe binymeþ monnes red.</L><L>For hit seyde þe king Alured:</L><L>"Selde endeþ wel þe loþe,</L><L>&amp; selde playdeþ wel þe wroþe."</L><L N="945">For wraþþe meynþ þe heorte blod</L><L>Þat hit floweþ so wilde flod,</L><L>&amp; al þe heorte ouergeþ,</L><L>Þat heo naueþ naþing bute breþ,</L><L>&amp; so uorleost al his lyht,</L><L N="950">Þat ho ne syhþ soþ ne riht.</L><L>Þe nyhtegale hi vnderstod,</L><L>&amp; [o]uergan lette hire mod:</L><L>He myhte bet speken i-sele</L><L>Þan myd wraþþe wordes dele.</L><L N="955">   "[H]vle," [heo] seyde "lust nv hider:</L><L>Þu schalt falle, þi wey is slider.</L><L>Þu seyst ich fleo bihinde bure: <MILESTONE N="236r.1" UNIT="folio"/></L><L>Hit is riht, þe bur is vre:</L><L>Þar louerd liggeþ and leuedy,</L><L N="960">Ich schal heom synge &amp; sitte bi.</L><L>Wenestu þat wise men forlete,</L><L>Vor fule venne, þe rihte strete?</L><L>Ne sunne þe later schyne,</L><L>Þeyh hit beo ful in neste þine?</L><L N="965">Scholdich, for one hole brede,</L><L>Furlete myne rihte stede, <EPB/><PB N="83"/></L><L>Þat ich ne singe bi þe bedde,</L><L>Þar louerd haueþ his lauedi bedde ?</L><L>Hit is my rihte, hit it my lawe,</L><L N="970">Þat to þe hexste ich me drawe.</L><L>Ac if þu yelpst of þine songe,</L><L>Þat þu kanst yolle uroþe &amp; stronge,</L><L>&amp; seyst þu wisest monkunne,</L><L>Þat hi biwepen heore sunne,</L><L N="975">Solde eueruych mon wony &amp; grede</L><L>Riht such hi weren vnlede?</L><L>Scholde hi yollen al so þu dest,</L><L>Hi myhten afere heore preost.</L><L>Mon schal beo stille &amp; noht grede;</L><L N="980">He mot biwepe his mysdede:</L><L>Ac þar is Cristes heriynge,</L><L>Þar me grede &amp; lude singe.</L><L>Nis noþe[r] to lude ne to long,</L><L>At rihte tyme, chirche-song.</L><L N="985">Þu yollest &amp; wonest, &amp; ic singe:</L><L>Þi stefne is wop, &amp; myn skentinge.</L><L>Euer mote þu yolle &amp; wepen</L><L>Þat þu þi lif mote forleten!</L><L>&amp; yolle mote þu so heye,</L><L N="990">Þat ut tobersten bo þin eye!</L><L>Hweþer is betere of tweyre twom, <MILESTONE N="236r.2" UNIT="folio"/></L><L>Þat mon beo bliþe oþer grom? <EPB/><PB N="85"/></L><L>So beo hit euer in vnker siþe,</L><L>Þat þu beo sori &amp; ich bliþe.</L><L N="995">Yet þu ayschest hwi ic ne vare</L><L>Into oþer londe &amp; singe þare?</L><L>No! hwat scholdich among heom do,</L><L>Þar neuer blisse ne com to?</L><L>Þat lond nys god, ne hit nys este,</L><L N="1000">Ac wildernesse hit is &amp; weste:</L></DIV1><DIV1 NODE="OwlJ:11" TYPE="supplied line groups"><HEAD TYPE="supplied">Lines 1001 through 1100</HEAD><L>Knarres &amp; cludes houenetinge,</L><L>Snov &amp; hawel hom is genge.</L><L>Þat lond is grislich &amp; vnuele,</L><L>Þe men beoþ wilde &amp; vnsele,</L><L N="1005">Hi nabbeþ noþer griþ ne sibbe:</L><L>Hi ne reccheþ hw hi libbe.</L><L>Hi eteþ fys &amp; fleys vnsode,</L><L>Suych wolues hit hadde tobroude;</L><L>Hi drinkeþ mylk &amp; hwey þarto,</L><L N="1010">Hi nuteþ elles hwet hi do: <EPB/><PB N="87"/></L><L>Hi nabbeþ noht wyn ne beor,</L><L>Ac libbeþ al so wilde deor:</L><L>Hi goþ bytuht myd rowe felle,</L><L>Riht suych hi come vt of helle.</L><L N="1015">Þey eny god man to heom come,</L><L>So hwile dude sum from Rome,</L><L>For heom to lere gode þewes,</L><L>&amp; for to lete heore vnþewes,</L><L>He myhte be[t] sytte stille,</L><L N="1020">Vor al his hwile he scolde spille:</L><L>He myhte bet teche ane beore</L><L>To bere scheld and spere,</L><L>Þane þat wilde volk ibringe</L><L>Þat hi me wolde ihere singe.</L><L N="1025">Hwat scholdich þar mid myne song[e], <MILESTONE N="236v.1" UNIT="folio"/></L><L>Ne singe ic heom neuer so longe,</L><L>Mi song were ispild vych del:</L><L>For heom ne may halter ne bridel</L><L>Bringe from here wode wyse,</L><L N="1030">Ne mon mid stele ne mid i[s]e. <EPB/><PB N="89"/></L><L>Ac þar lond is este and god,</L><L>&amp; þar men habbeþ mylde mod,</L><L>Ic notye myd heom [m]ine þrote,</L><L>For ic may do þar gode note:</L><L N="1035">&amp; bringe heom leue tydinge,</L><L>For ic of chirche-songe singe.</L><L>Hit wes isayd in olde lawe,</L><L>Þat yet ilast þilke soþ-sawe,</L><L>Þat mon schal eryen &amp; sowe,</L><L N="1040">Þar he weneþ after god mowe:</L><L>For he is wod þat soweþ his sed</L><L>Þar neuer gras ne springþ ne bled."</L><L>   Þe vle wes wroþ, to cheste rad,</L><L>Mid þisse worde hire eyen abraid:</L><L N="1045">"Þu seyst þu witest monne bures,</L><L>Þar leues beoþ &amp; fayre flures,</L><L>Þar two yleoue in one bedde</L><L>Liggeþ iclupt &amp; wel bihedde.</L><L>Enes þu sunge, ic wot wel hware,</L><L N="1050">Bi one bure, &amp; woldest lere</L><L>Þe leuedi to an vuel l[u]ue,</L><L>&amp; s[u]nge boþe lowe &amp; buue, <EPB/><PB N="91"/></L><L>&amp; leredest hi to don schome</L><L>&amp; vnriht of hire lichome.</L><L N="1055">Þe louerd þat sone vnderyat,</L><L>Lym &amp; grune &amp; wel ihwat,</L><L>Sette &amp; leyde þe for to lacche.</L><L>Þu come sone to þan hacche,</L><L>Þu were ynume in one grune, <MILESTONE N="236v.2" UNIT="folio"/></L><L N="1060">Al hit abouhte þine schine :      </L><L>Þu neddest non oþer dom ne lawe,</L><L>Bute myd wilde hors [were] todrawe.</L><L>Vonde if þu myht eft mysrede,</L><L>Hweþer þu wilt, wif þe meyde:</L><L N="1065">Þi song mai beo so longe genge</L><L>Þat þu schalt hwippen on a sprenge."</L><L>   Þe Nihtegale at þisse worde,</L><L>Mid swerde &amp; myd speres orde,</L><L>If heo mon were, wolde vyhte:</L><L N="1070">Ac þo heo bet do ne [m]ihte,</L><L>Heo vauht myd hire wise tunge.</L><L>"Wel viht þat wel spekþ" seyþ in þe songe.</L><L>Of hire tunge heo nom red:</L><L>" Wel viht þat wel spekþ" seyde Alured.</L><L N="1075">   "Hwat! seystu þis for ruyne schome?</L><L>Þe louerd hadde herof grome.</L><L>He wes so gelus of his wyue,</L><L>Þat he ne myhte vor his lyue</L><L>Iseo þat mon wiþ hire speke,</L><L N="1080">Þat his heorte [n]olde breke.</L><L>He hire bilek in one bure,</L><L>Þat hire was stronge &amp; sure: <EPB/><PB N="93"/></L><L>Ic hadde of hire [m]ilce &amp; ore,</L><L>And sori was for hire sore,</L><L N="1085">&amp; skente hi mid myne songe</L><L>Al þat ic mihte, raþe &amp; longe.</L><L>Vorþan þe knyht wes wiþ me wroþ,</L><L>Vor rihte nyþe ic wes him loþ:</L><L>He dude me his owe schome,</L><L N="1090">Ac al hit turnde him eft to grome.</L><L>Þat vnderyat þe kyng Henri:</L><L>Jesu his soule do mercy!</L><L>He let forbonne þene knyht, <MILESTONE N="237r.1" UNIT="folio"/></L><L>Þat hadde ido svich vnriht</L><L N="1095">In so gode kynges londe;</L><L>For rihte nyþe &amp; ful onde</L><L>Let þane lytel fowel nyme</L><L>&amp; him fordeme lif and lyme.</L><L>Hit wes w[u]rþsipe al myne kunne;</L><L N="1100">Forþon þe kniht furles his w[u]nne,</L></DIV1><DIV1 NODE="OwlJ:12" TYPE="supplied line groups"><HEAD TYPE="supplied">Lines 1101 through 1200</HEAD><L>&amp; yaf for me an hundred punde:</L><L>&amp; myne briddes seten ysunde, <EPB/><PB N="95"/></L><L>&amp; hedde seþþe blisse and hihte,</L><L>&amp; were bliþe, &amp; wel myhte.</L><L N="1105">Vorþan ic wes so wel awreke,</L><L>Euer eft ich dar þe bet speke:</L><L>For hit bitydde ene so,</L><L>Ich am þe bliþure euer mo.</L><L>Nu ic may singe hwar ic wile,</L><L N="1110">Ne dar me neuer eft mon agrulle.</L><L>Ac þu, ermyng! þu wrecche gost!</L><L>Þu ne canst fynde, ne þu nost,</L><L>An holeh stoc hwar þu þe mist hude,</L><L>Þat me ne twenge þine hude.</L><L N="1115">Vor children, gromes, heme &amp; hine,</L><L>Hi þencheþ alle of þine pine:</L><L>If hi mowe iseo þe sitte,</L><L>Stones hi doþ in heore slytte,</L><L>&amp; þe totorueþ &amp; toheneþ,</L><L N="1120">&amp; þine fule bon toscheneþ.</L><L>If þu art iworpe oþer iscote,</L><L>Þenne þu myht erest to note.</L><L>Vor me þe hoþ in one rodde,</L><L>&amp; þu, myd þine fule codde,</L><L N="1125">&amp; myd þine ateliche sweore,</L><L>Biwerest monne corn from deore. <EPB/><PB N="97"/></L><L>Nis nouþer nouht, þi lif ne blod: <MILESTONE N="237r.2" UNIT="folio"/></L><L>Ac þu art sheules swiþe god.</L><L>Þar newe sedes beoþ isowe,</L><L N="1130">Pynnuc, goldfynch, rok, ne crowe</L><L>Ne dar neuer cumen ihende,</L><L>If þi buk hongeþ at þan ende.</L><L>Þar treon schulleþ ayer blowe,</L><L>&amp; yonge sedes springe &amp; growe,</L><L N="1135">Ne dar no fuoel þarto fonge,</L><L>If þu art þarouer ihonge.</L><L>Þi lif is euer luþer and qued,</L><L>Þu nart nouht bute ded.</L><L>Nv þu myht wite sikerliche</L><L N="1140">þat þine leches beoþ grisliche</L><L>Þe hwile þu art on lyfdaye:</L><L>Vor hwenne þu hongest islawe,</L><L>Yet hi beoþ of þe atdradde,</L><L>Þe foweles þat þe er bigradde.</L><L N="1145">Mid rihte men beoþ wiþ þe wroþe,</L><L>For þu singest of heore loþe:</L><L>Al þat þu singest, raþe oþer late,</L><L>Hit is euer of mannes vnhwate:</L><L>Hwanne þu hauest anyht igrad,</L><L N="1150">Men beoþ of þe wel sore aferd. <EPB/><PB N="99"/></L><L>Þu singst þar sum man sal be ded:</L><L>Euer þu bodest sumne qued.</L><L>Þu singst ayeyn ayhte lure,</L><L>Oþer of summe vrendes rure:</L><L N="1155">Oþer þu bodest huses brune,</L><L>Oþer ferde of manne, oþer þeues run[e]:</L><L>Oþer þu bodest qualm of orue,</L><L>Oþer þat londfolc w[u]rþ idorue,</L><L>Oþer þat wif leost hire make:</L><L N="1160">Oþer þu bodest cheste and sake.</L><L>Euer þu singest of manne harme, <MILESTONE N="237v.1" UNIT="folio"/></L><L>Þurh þe hi beoþ sorie &amp; arme:</L><L>Þu ne singest neuer one syþe,</L><L>Þat hit nys for summe vnsyþe.</L><L N="1165">Hervore hit is þat me þe suneþ,</L><L>&amp; þe totorueþ &amp; tobuneþ</L><L>Mid staue, &amp; stone, &amp; turf, &amp; clute,</L><L>Þat þu ne myht noware atrute.</L><L>Dahet euer budel in tune</L><L N="1170">Þat bedeþ vnwreste rune,</L><L>&amp; euer bringeþ vuele tydinge,</L><L>&amp; þat spekeþ of vuele þinge!</L><L>God Almyhti w[u]rþe him wroþ.</L><L>&amp; al þat wereþ lynnene cloþ!"</L><L N="1175">   Þe vle nabod noht swiþe longe,</L><L>Ac ȝef answere stark &amp; stronge:</L><L>" Hwat," queþ heo, "ertu ihoded?</L><L>Oþer þu cursest vnihoded? <EPB/><PB N="101"/></L><L>For prestes wike ich wat þu dest.</L><L N="1180">Ich not if þu were preost:</L><L>Ich not if þu canst masse singe:</L><L>Inouh þu canst of Mansynge.</L><L>Ac hit is for þine olde nyþe,</L><L>Þat þu me acursedest oþer siþe:</L><L N="1185">Ac þarto is lihtlych answere:</L><L>"Drah to þe!" queþ þe kartere.</L><L>Hwi atwitestu me myne insihte,</L><L>&amp; [m]in iwit &amp; myne myhte?</L><L>For ich am [witi] ful iwis,</L><L N="1190">&amp; wo[t] al þat to comen is.</L><L>Ich wot of hunger, of heregonge;</L><L>Ich wot if men sulle libbe longe;</L><L>Ich wot if wif lust hire make;</L><L>Ich wot hwar sal beo niþ &amp; wrake:</L><L N="1195">Ich wot hwo sal beo anhonge,</L><L>Oþer elles fulne deþ avonge.</L><L>If men habbeþ batayle inume,</L><L>Ic w[o]t hwaþer sal beo ouercume; <MILESTONE N="237v.2" UNIT="folio"/></L><L>Ic wot if qualm sal cumen on orve,</L><L N="1200">&amp; if deor schulle ligge astorue: <EPB/><PB N="103"/></L></DIV1><DIV1 NODE="OwlJ:13" TYPE="supplied line groups"><HEAD TYPE="supplied">Lines 1201 through 1300</HEAD><L>Ic wot if tren schulle blowe:</L><L>Ic wot if corn schulle growe:</L><L>Ic wot if huses schulle berne:</L><L>Ic wot if men sulle eorne oþer erne:</L><L N="1205">Ic wot if sea sal sch[i]pes drenche:</L><L>Ic wot if [smithe] sale vuele clenche.</L><L>&amp; ic con muchele more:</L><L>Ic con ynouh in bokes lore,</L><L>&amp; ek ic can of þe Godspelle</L><L N="1210">More þan ic wile þe telle:</L><L>Vor ic at chireche cume ilome,</L><L>&amp; muchel leorny of wisdome:</L><L>Ic wot al of þe toknynge,</L><L>&amp; of oþer vale þinge.</L><L N="1215">If eny mon schal rem abide,</L><L>Al ic hit wot ar hit ityde. <EPB/><PB N="105"/></L><L>Ofte, vor myne muchele witte,</L><L>Wel sori-mod &amp; wroþ I sytte:</L><L>Hwanne ic iseo þer sum wrecchede</L><L N="1220">Is cumynde neyh, inoh ic grede:</L><L>Ic bidde þer men beon warre,</L><L>&amp; habbe gode redes yare.</L><L>Vor Alured seyde a wis word,</L><L>Vych mon hit scholde legge on hord:</L><L N="1225">"If þu isyst her heo beo icume,</L><L>His strengþe is him wel neyh binume."</L><L>&amp; grete duntes beoþ þe lasse,</L><L>If me ikepeþ myd iwarnesse,</L><L>&amp; [flo] schal toward misyenge,</L><L N="1230">If þu isihst hw fleo of strenge:</L><L>For þu myht blenche &amp; fleo,</L><L>If þu isihst heo to þe teo.</L><L>Þauh eny mon beo falle in edwite,</L><L>Hwi schal [he] me his sor atwite?</L><L N="1235">Þauh ic iseo his harm bivore,</L><L>Ne cumeþ hit nouht of me þarfore.   fol. 238r. col.1.</L><L>Þah þu iseo þat sum blynd mon,</L><L>Þat nanne rihtne wey ne con,</L><L>To þare diche his dwele voleweþ,</L><L N="1240">&amp; falleþ, &amp; þaronne sulieþ, <EPB/><PB N="107"/></L><L>Wenestu, þah ic al iseo,</L><L>Þat hit for me þe raþer beo?</L><L>Al so hit fareþ bi [m]ine witte:</L><L>Þanne ic on myne bowe sitte,</L><L N="1245">Ic wot &amp; iseo swiþe brihte</L><L>Þat summe men cumeþ harm þarrihte.</L><L>Sal he, þar he nowiht not,</L><L>Hit wite me vor ic hit wot?</L><L>Sal he his myshap wyten me,</L><L N="1250">Vor ic am wisure þan he?</L><L>Hwanne ic iseo þat sum wrechede</L><L>Is manne neyh, inouh ic grede,</L><L>&amp; bidde inouh þat hi heom schilde,</L><L>Vor toward heom is harm vnmylde.</L><L N="1255">Ac þah ic grede lude and stille,</L><L>Al iwurþ Godes wille.</L><L>Hwi wulleþ men of me mene,</L><L>Þah ic mid soþe heo awene?</L><L>Þah ic hi warny al þat yer,</L><L N="1260">Nis heom þarvore [harem] þe ner:</L><L>Ac ich singe vor ich wolde</L><L>Þer hi wel vnderstonde scholde</L><L>Þat sum vnsel heom is ihende,</L><L>Hwen ic myn huyng to heom sende.</L><L N="1265">Naueþ mon no sikerhede</L><L>Þat he ne may wene &amp; adrede</L><L>Þat sum vnhap neih him beo,</L><L>Þah he ne cunne hit iseo.</L><L>Forþi seyde Alured swiþe wel,</L><L N="1270">&amp; his word was Godspel, <EPB/><PB N="109"/></L><L>Þat "euerich mon, þe bet [him] beo,</L><L>Euer þe bet he him biseo": <MILESTONE N="238r.2" UNIT="folio"/></L><L>"Ne triste no mon to his wele</L><L>To swiþe, þa[h] he habbe uele."</L><L N="1275">"Nis noht so hot þat hit nacoleþ,</L><L>Ne noht so hwit þat hit ne soleþ,</L><L>Ne noht so leof þat hit naloþeþ,</L><L>Ne noht so glad þat hit nawreþeþ:</L><L>Ac euerich þing þat eche nys,</L><L N="1280">Agon schal, &amp; al þis worldes blis."</L><L>Nu þu miht witen redeliche,</L><L>Þat euer þu spekest gidiliche:</L><L>For al þu me seyst vor schame,</L><L>Euer þe [solue] hit turneþ to grome.</L><L N="1285">Go so hit go, at eche fenge</L><L>Þu vallest myd þin owe swenge;</L><L>Al þat þu sayst for me to schende,</L><L>Hit is my w[u]rþsipe at þan ende.</L><L>Bute þu wille bet agynne,</L><L N="1290">Ne schaltu bute schame iwynne."</L><L>   Þe nyhtegale sat and syhte,</L><L>&amp; hauhful was, &amp; wel myhte,</L><L>For þe vle so ispeke hadde,</L><L>And hire speche so iladde.</L><L N="1295">Heo wes houhful, and erede</L><L>Hwat heo þarafter hire seyde: <EPB/><PB N="111"/></L><L>Ac noþeles heo hire vnderstod.</L><L>"Hwat!" heo seyde, "vle, artu wod?</L><L>Þu yelpest of selliche wisdome,</L><L N="1300">Þu nustest hwenne hit þe come,</L></DIV1><DIV1 NODE="OwlJ:14" TYPE="supplied line groups"><HEAD TYPE="supplied">Lines 1301 through 1400</HEAD><L>Bute hit of wicchecrafte were.</L><L>Þarof þu, wrecche, most þe skere</L><L>If þu wilt among manne beo:</L><L>Oþer þu most of londe fleo.</L><L N="1305">Vor alle þeo þat þerof cuþe,</L><L>Heo weren ifurn of prestes muþe</L><L>Amansed: such [þu] art yette.</L><L>*    *    *    *    *    *</L><L>Ic þe seyde nv lutel ere,</L><L N="1310">&amp; þu askedest if ich were <MILESTONE N="238v.1" UNIT="folio"/></L><L>A-bysemare to preoste ihoded.</L><L>Ac þe mansyng is so ibroded,</L><L>Þauh no preost a-londe nere,</L><L>A wrecche naþeles þu were:</L><L N="1315">For euerich chi[l]d þe clepede fule,</L><L>&amp; euerich man a wrecche vle.</L><L>Ich habbe iherd, &amp; soþ hit is,</L><L>Þe mon mot beo wel sturre-wis,</L><L>&amp; wite inoh of hwiche þinge cume,</L><L N="1320">So þu seyst þat is iwune. <EPB/><PB N="113"/></L><L>Hwat constu, wr[e]cche þing, of stor[r]e,</L><L>Bute þat þu biha[u]est hi ferre?</L><L>Al so doþ mony deor and man,</L><L>Þeo of suyche nowiht ne can.</L><L N="1325">On ape may on bok biholde,</L><L>&amp; leues wende and eft folde:</L><L>Ac he ne con þe bet þarvore</L><L>Of clerkes lore top ne more.</L><L>Þey þu iseo þe steorre al so,</L><L N="1330">Nertu þ[e] wisere neuer þe mo.</L><L>Ac yet þu, fule þing, me chist,</L><L>&amp; wel grimlyche me atwist</L><L>Þat ic singe bi manne huse,</L><L>&amp; theche wyue breke spuse.</L><L N="1335">Þu lyest iwis, þu fule þing!</L><L>Þurh me nes neuer isend spusing.</L><L>Ac soþ hit is ich singe &amp; grede</L><L>Þar leuedis beoþ &amp; feyre meide:</L><L>&amp; soþ hit is of luue ich singe:</L><L N="1340">For god wif may in spusinge <EPB/><PB N="115"/></L><L>Bet luuyen hire owe were,</L><L>Þan on oþer, hire copinere;</L><L>&amp; mayde may luue cheose</L><L>Þat hire trevschipe ne forleose,</L><L N="1345">&amp; luuye mid rihte luue</L><L>Þane þat schal hire beo boue.</L><L>Suyche luue ic theche &amp; lere,</L><L>Þerof beoþ al myne ilere.        fol. 238v. col.2.</L><L>Þauh sum wif beo of neysse mode,</L><L N="1350">Vor wymmen beoþ of softe blode,</L><L>Þat heo, vor summe sottes lore</L><L>Þe yorne bit and sykeþ sore,</L><L>Misnyme &amp; misdo sume stunde,</L><L>Schal ic þarvore beo ibunde ?</L><L N="1355">Yef wymmen luuyeþ for vnrede,</L><L>Witestu me heore mysdede?</L><L>If wymmon þencheþ luuye derne,</L><L>[Ne] may ic myne songes werne.</L><L>Wymmon may pleye vnder cloþe,</L><L N="1360">Hweþer heo wile, wel þe wroþe:</L><L>&amp; heo may do bi [m]yne songe,</L><L>Hweþer heo wile, wel þe wronge.</L><L>Vor nys a-worlde þing so god,</L><L>Þat ne may do sum vngod,</L><L N="1365">If me hit wile turne amys.</L><L>Vor gold &amp; seoluer, god hit is:</L><L>&amp; naþeles þarmyd þu myht</L><L>Spusbruche bugge &amp; vnryht.</L><L>Wepne beoþ gode griþ to holde:</L><L N="1370">&amp; naþeles þarmyd beoþ men aqolde <EPB/><PB N="117"/></L><L>Ayeynes riht of alle londe,</L><L>Þar þeoues hi bereþ an honde.</L><L>Al so hit is bi myne songe,</L><L>Þah heo beo god, me hine may mysfonge,</L><L N="1375">&amp; drawe hine to sothede,</L><L>&amp; to oþre vuele dede.</L><L>Ah schaltu, wrecche, luue tele?</L><L>Beo hwich heo beo, vich luue is fele</L><L>Bitwene þe mon &amp; wymmone:</L><L N="1380">Ah if heo is abroyde, þeonne</L><L>He is vnvele and forbroyde.</L><L>Wroþ wurþe him þe holy rode</L><L>Þe rihte icunde so forbreydeþ!</L><L>Wunder [hit is] þat heo ne awedeþ.</L><L N="1385">&amp; so heo doþ, vor heo beoþ wode,     fol.239r.col.1.</L><L>Þat bute neste goþ to brode.</L><L>Wymmon is of neysse fleysse,</L><L>&amp; fleysses [lust] is strong to queysse:</L><L>Nis wunder non þah he abide.</L><L N="1390">Vor fleysses lustes hi makeþ slide,</L><L>Ne beoþ heo nouht alle forlore</L><L>Þat stumpeþ at þe fleysses more:</L><L>Vor mony wymmon haueþ mysdo</L><L>Þat aryst vp of þe slo.</L><L N="1395">Ne beoþ noht ones alle sunne,</L><L>Vorþan hi beoþ tweire ikunne: <EPB/><PB N="119"/></L><L>Sum arist of fleysses luste,</L><L>&amp; sum of þe gostes custe.</L><L>Þar fleys drahþ nv men to drunkenesse,</L><L N="1400">&amp; to [wrouehede] &amp; to golnesse,</L></DIV1><DIV1 NODE="OwlJ:15" TYPE="supplied line groups"><HEAD TYPE="supplied">Lines 1401 through 1500</HEAD><L>Þe gost mysdoþ þurh nyþ and onde,</L><L>&amp; seþþe myd [m]urehþe of [monne shonde,] <EPB/><PB N="121"/></L><L>&amp; wunneþ after more and more,</L><L>&amp; lutel rekþ of [m]ilce and ore;</L><L N="1405">&amp; styhþ on heyh þur[h] modynesse,</L><L>&amp; ouerhoweþ þane lasse.</L><L>Sey me soþ, if þu hit wost,</L><L>Hweþer doþ wurse, fleys þe gost?</L><L>Þu myht segge, if þu wult,</L><L N="1410">Þat lasse is þes fley[s]es gult:</L><L>Mony mon is of his fleysse clene,</L><L>Þat is myd mode deouel-imene.</L><L>Ne schal no mon wymman bigrede,</L><L>&amp; fleysses lustes hire vpbreyde:</L><L N="1415">Such heo mahte beo of golnesse,</L><L>þat sunegeþ wurse in modinesse.</L><L>Hwet if ic schulde a-luue bringe</L><L>Wif oþer mayde, hwanne ic singe?</L><L>Ic wolde wiþ þe mayde holde,</L><L N="1420">If þu const aryht atholde:</L><L>Lust nv, ic segge þe hwarvore,</L><L>Vp to þe toppe from þe more.    fol.239r. col.2.</L><L>If mayde luueþ derneliche,</L><L>Heo stumpeþ &amp; falþ icundeliche:</L><L N="1425">Vor þaih heo sum hwile pleye,</L><L>Heo nys noht feor vt of þe weye;</L><L>Heo may hire guld atwende</L><L>A rihte weye þurh chirche-bende,</L><L>&amp; may eft habbe to make</L><L N="1430">Hire leofmon wiþvte sake, <EPB/><PB N="123"/></L><L>&amp; gon to him bi dayes lyhte,</L><L>Þat er bistal on þeoster nyhte.</L><L>Þat yongling not hwat such þing is:</L><L>His yonge blod hit drahþ amys,</L><L N="1435">&amp; sum sot man hit tyhþ þarto</L><L>Mid alle þan þat he may do.</L><L>He cumeþ &amp; fareþ and beod abid,</L><L>&amp; he bistarte an oþer sid,</L><L>&amp; bisekþ ilome and longe.</L><L N="1440">Hwat may þat child þah hit misfonge?</L><L>Hit nuste neuer hwat hi[t] was,</L><L>Vorþi hit þouhte fondi þas,</L><L>&amp; wyte iwis hwich beo þe gome</L><L>Þat of þe wilde makeþ tome.</L><L N="1445">Ne may ic vor reuþe lete,</L><L>Hwanne ic iseo þe tohte ilete</L><L>Þe luue bring on [þ]e [y]unglinge,</L><L>Þat ic of murehþe him ne singe.</L><L>Ic theche heom bi myne songe</L><L N="1450">Þat suych luue ne last noht longe:</L><L>For my song lu[tl]e wile ileste,</L><L>&amp; luue ne doþ noht bute reste <EPB/><PB N="125"/></L><L>On such childre, &amp; sone ageþ,</L><L>&amp; falþ adun þe [hote] breþ.</L><L N="1455">I singe myd heom one þrowe,</L><L>Biginne an heyh &amp; endi lowe,</L><L>&amp; lete mine songes falle</L><L>A lu[tl]e wi[l]e adun myd alle.</L><L>Þat mayde wot, hwenne I s[w]ike,    fol. 239v. col.1.</L><L N="1460">[Þat] luue is myne songes ili[k]e,</L><L>Vor hit nys bute a lutel breþ,</L><L>Þat sone cumeþ, and sone geþ.</L><L>Þat child bi me hit vnderstond,</L><L>&amp; his vnred to rede iwend,</L><L N="1465">&amp; syhþ wel, bi myne songe,</L><L>Þat dusy luue ne last noht longe.</L><L>Ac wel ic wile þat þu hit wite,</L><L>Loþ me beoþ wifes vtschute:</L><L>Ac wif may of me nyme yeme,</L><L N="1470">Ic ne singe noht hwen ic teme.</L><L>&amp; wif auh lete sottes lore,</L><L>Þauh spusyng-bendes byndeþ sore.</L><L>Wunder me þinkþ stark &amp; sor,</L><L>Hw eny mon so haueþ for</L><L N="1475">Þat his heorte myhte dryue</L><L>To do hit to oþres mannes wyue:</L><L>Vor oþer hit is of twam þinge,</L><L>Ne may þe þridde no mon bringe;</L><L>Oþer þe louerd is wel auht,</L><L N="1480">Oþer aswunde, &amp; nys nouht.</L><L>If he is w[u]rþful &amp; auht mon,</L><L>Nele no mon, þat wisdom can, <EPB/><PB N="127"/></L><L>Hure of his wive do him schome:</L><L>Vor he may him adrede grame,</L><L N="1485">&amp; þat he forleose þat þer hongeþ,</L><L>Þat him eft þarto noht ne longeþ.</L><L>&amp; þah he þat nouht ne adredeþ,</L><L>Hit is vnriht &amp; gret sothede</L><L>To mysdo one gode manne,</L><L N="1490">&amp; his ibedde from him spanne.</L><L>If hire louerd is forwurþe</L><L>&amp; vnorne at bedde &amp; at borde,</L><L>Hw myhte þar beo eny luue</L><L>Hwenne a cherles buk hire lay buue?</L><L N="1495">Hw may þer eny luue beo, <MILESTONE N="239v.2" UNIT="folio"/></L><L>Hwar such mon gropeþ hire þeo?</L><L>Herbi þu miht wel vnderstonde</L><L>Þat on is at þen oþres schonde</L><L>To stele to oþres mannes bedde.</L><L N="1500">Vor if auht man is hire ibedde,</L></DIV1><DIV1 NODE="OwlJ:16" TYPE="supplied line groups"><HEAD TYPE="supplied">Lines 1501 through 1600</HEAD><L>Þu myht wene þat þe mystide,</L><L>Hwanne þu lyst bi hire side.</L><L>&amp; if þe louerd is a wrecche,</L><L>Hwych este myhtestu þar vecche? <EPB/><PB N="129"/></L><L N="1505">If þu biþenchest hwo hire ofligge,</L><L>Þu myht myd wlate þe este bugge.</L><L>Ich not hw may eny freomon</L><L>Vor hire sechen after þan.</L><L>If he biþenkþ bi hwam he lay,</L><L N="1510">Al may þe luue gon away."</L><L>   Þe vle wes glad of suche tale:</L><L>Heo þouhte þat þe nyhtegale,</L><L>Þah heo wel speke at þe frume,</L><L>Hadde at þan ende mysnume:</L><L N="1515">&amp; seyde "Nv ich habbe ifunde</L><L>Þat maydenes beoþ of þin imunde:</L><L>Mid heom þu holdest, &amp; heom biwerest</L><L>&amp; ouerswiþe þu hi herest.</L><L>Þe lauedies beoþ to me iwend,</L><L N="1520">To me hire mone heo send.</L><L>For hit ityd ofte and ilome,</L><L>Þat wif &amp; were beoþ vnisome:</L><L>&amp; þerfore þat were gulte,</L><L>Þat leof is oþer wymmon to pulte,</L><L N="1525">&amp; speneþ on þare al þat he haueþ,</L><L>&amp; syweþ þare þat noht naueþ, <EPB/><PB N="131"/></L><L>&amp; haueþ atom his riche spuse,</L><L>Wowes west, and lere huse,</L><L>Wel þunne isrud &amp; ived wroþe,</L><L N="1530">&amp; let heo bute mete &amp; cloþe.</L><L>Hwenne he cumeþ hom eft to his wyue,</L><L>Ne dar he noht a word ischire: <MILESTONE N="240r.1" UNIT="folio"/></L><L>He chid &amp; gred such he beo wod,</L><L>&amp; ne bringþ hom non oþer god.</L><L N="1535">Al þat heo doþ him is vnwille,</L><L>Al þat heo spekeþ hit is him ille:</L><L>&amp; ofte hwenne heo noht ne mysdeþ,</L><L>Heo haueþ þe fust in þe theþ.</L><L>Nis nomon þat ne may ibrynge</L><L N="1540">His wif amys myd suche þinge:</L><L>Me hire may so ofte mysbeode,</L><L>Þat heo do wile hire owe neode.</L><L>La, God hit wot! heo nah iwelde,</L><L>Þah heo hine make cukeweld.</L><L N="1545">For hit ityt ilome and ofte,</L><L>Þat his wif is neysse &amp; softe,</L><L>Of fayre bleo &amp; wel idiht:</L><L>[For]þi hit is þe more vnryht</L><L>Þat he is [luue] spene on þare,</L><L N="1550">Þat nis wurþ on of hire heare.</L><L>&amp; suche men beoþ wel manyfolde,</L><L>Þat wif ne cunne ariht holde.</L><L>Ne mot no mon wiþ hire speke:</L><L>He weneþ heo wile anon tobreke</L><L N="1555">Hire spusyng, if heo lokeþ</L><L>Oþer wiþ manne veyre spekeþ. <EPB/><PB N="133"/></L><L>He hire bilukþ myd keye &amp; loke:</L><L>Þar-þurh is spusing ofte ibroke.</L><L>Vor if heo is þarto ibrouht,</L><L N="1560">He deþ þat heo nedde ear iþouht.</L><L>Dehaet þat to swiþe hit bispeke,</L><L>Þah suche wiues heom awreke!</L><L>Herof to me þe leuedies heom meneþ,</L><L>And wel sore me ahweneþ:</L><L N="1565">Wel neyh myn heorte wile tochine,</L><L>Hwenne ic biholde heore [pine].</L><L>Mid heom ic wepe swiþe sore,</L><L>&amp; for heom bidde Cristes ore,</L><L>Þat þe leuedi sone aredde <MILESTONE N="240r.2" UNIT="folio"/></L><L N="1570">&amp; hire sende betere ibedde.   </L><L>An oþer þing ic may þe telle,</L><L>&amp; þu ne schalt, for þine felle,</L><L>Onswere non þarto fynde:</L><L>Al þis sputing schal aswinde.</L><L N="1575">Mony chapmon &amp; mony knyht</L><L>Luueþ &amp; halt his wif ariht,</L><L>&amp; so doþ mony bondeman:</L><L>Þat gode wif doþ after þan,</L><L>&amp; sarueþ him to bedde &amp; to borde</L><L N="1580">Mid fayre dede &amp; fayre worde,</L><L>&amp; yorne vondeþ hw heo mowe</L><L>Do þing þat him beo iduwe.</L><L>Þe louerd into þare þeode</L><L>Vareþ vt on þare beyre neode,</L><L N="1585">&amp; is þat gode wif vnbliþe</L><L>Vor hire louerdes hou[h]syþe, <EPB/><PB N="135"/></L><L>&amp; sit &amp; sykþ wel sore oflonged,</L><L>&amp; hire sore an heorte ongreþ:</L><L>Al vor hire louerdes sake</L><L N="1590">Haueþ dayes kare &amp; nihtes wake:</L><L>&amp; swiþe longe hire is þe hwile,</L><L>&amp; vych stape hire þinkþ a [m]ile.</L><L>Hwenne oþre slepeþ hire abute,</L><L>Ich one lust þar wyþþute,</L><L N="1595">&amp; wot of hire sore mode,</L><L>&amp; singe anyht for hire gode:</L><L>&amp; myn gode song, for hire þinge,</L><L>Ic turne sumdel to [m]urnynge.</L><L>Of hure seorwe ic bere sume,</L><L N="1600">Vorþan ic am hire wel welcume:</L></DIV1><DIV1 NODE="OwlJ:17" TYPE="supplied line groups"><HEAD TYPE="supplied">Lines 1601 through 1700</HEAD><L>Ic hire helpe hwat ich may,</L><L>For [ho geþ] þane rihte way.</L><L>&amp; þu me hauest sore igremed,</L><L>Þat myn heorte is neyh alemed,</L><L N="1605">Þat ic may vnneþe speke:</L><L>Ac yet ic wile forþurre reke. <MILESTONE N="240v.1" UNIT="folio"/></L><L>Þu seyst þat ic am monne loþ,</L><L>&amp; vich mon is wiþ me wroþ,</L><L>&amp; me myd stone &amp; lugge þreteþ,</L><L N="1610">&amp; me toburste[þ] &amp; tobete[þ], <EPB/><PB N="137"/></L><L>&amp; hwanne hi habbeþ me ofslawe,</L><L>Heo anhoþ me in heore hawe,</L><L>Þar ich aschevle pie &amp; crowe</L><L>From þan þat þer is isowe.</L><L N="1615">Þah hit beo soþ, ic do heom god,</L><L>&amp; for heom ic schedde my blod:</L><L>Ic do heom god myd myne deþe,</L><L>Þarfore þe is wel unmeþe.</L><L>For [þah] þu ligge ded &amp; clinge,</L><L N="1620">Þi deþ nys nouht to none þinge:</L><L>Ic not neuer to hwan þu myht,</L><L>For þu nart bute a wreche wiht.</L><L>Ah þah my lif me beo atschote,</L><L>Þe yet ic may do gode note:</L><L N="1625">Me may vppe smale sticke</L><L>Me sette a-wude ine þe þikke,</L><L>&amp; so may mon tolli him to</L><L>Lutle briddes and ivo,</L><L>&amp; so me may myd me byete</L><L N="1630">Wel gode brede to his mete.</L><L>Ah þu neuer mon to gode</L><L>Lyues ne deþes stal ne stode: <EPB/><PB N="139"/></L><L>Ic not to hwan þu breist þi word,</L><L>Lyues ne deþes ne doþ hit god."</L><L N="1635">   Þe Nihtegale iherde þis,</L><L>&amp; hupte vppe on blowe ris,</L><L>&amp; herre sat þane heo dude er:</L><L>"Vle," he seyde, "beo nv wer, <MILESTONE N="240v.2" UNIT="folio"/></L><L>Nule ic wiþ þe playdi namore,</L><L N="1640">Vor her þu myst þi ryhte lore:</L><L>Þ[u] yelpest þat þu art monne loþ,</L><L>&amp; euervich wiht is wiþ þe wroþ:</L><L>&amp; myd yollinge &amp; myd igrede</L><L>Þu þinchst wel þat þu art vnlede.</L><L N="1645">Þu seyst þat gromes þe ivoþ,</L><L>&amp; heye on rode þe anhoþ,</L><L>&amp; þe totwiccheþ &amp; toschakeþ,</L><L>&amp; summe of þe scheules makeþ.</L><L>Me þinkþ þat þu forlest þat game,</L><L N="1650">Þu yelpest of þire owe schome:</L><L>Me þinkþ þat þu me gest an honde,</L><L>Þu yelpest of þine owe schonde."</L><L>Þo heo hadde þeos word [icwede],</L><L>Heo sat in one fayre stude,</L><L N="1655">&amp; þarafter hire stefne dihte,</L><L>&amp; song so schille &amp; so brihte, <EPB/><PB N="141"/></L><L>Þat fur &amp; neor me hit iherde.</L><L>Þarvore anon to hire cherde</L><L>Þruysse &amp; þrostle &amp; wodewale,</L><L N="1660">&amp; foweles boþe grete &amp; smale:</L><L>Vorþan þat heom þuhte þat heo hadde</L><L>Þe vle ouercome, forþan heo gradde</L><L>&amp; sungen also uale wise,</L><L>Þat blisse wes among þe ryse.</L><L N="1665">Riht so me gred þe monne a schame,</L><L>Þat taueleþ &amp; forleost þat gome.</L><L>   Þeos vle, þo heo þis iherde,</L><L>" Hauestu," heo seyde, "ibanned ferde?</L><L>&amp; wiltu, wrecche, wiþ me vyhte?</L><L N="1670">Na, nay! nauestu none [m]ihte! <MILESTONE N="241r.1" UNIT="folio"/></L><L>Hwat gredeþ heo þat hider come?</L><L>Me þinkþ þu ledest ferde to me.</L><L>Ye schulle wite, ar ye fleo heonne,</L><L>Hwuch is þe strengþe of myne kunne:</L><L N="1675">Vor þeo þat haueþ bile ihoked,</L><L>&amp; clyures scharpe &amp; wel icroked,</L><L>Alle heo beoþ of myne kunrede,</L><L>&amp; wolde cumen if ich bede. <EPB/><PB N="143"/></L><L>Þe seolue cok, þat wel can vihte,</L><L N="1680">He mot myd me holde wiþ rihte,</L><L>Vor [boþe] we habbe stefne brihte,</L><L>&amp; sitteþ vnder welkne bi nyhte.</L><L>Schulle ic up eu on vtest grede,</L><L>Ich schal swo stronge verde lede,</L><L N="1685">Þat oure prude schal aualle;</L><L>A tord ne yeue ic for eu alle!</L><L>Ne schal, ar hit beo fullich eue,</L><L>A wrecche veþere on eu bileue.</L><L>Ah hit wes vnker uoreward,</L><L N="1690">Þo we comen hyderward,</L><L>Þat we þarto holden scholde,</L><L>Þar riht dom vs yeue wolde.</L><L>Wultu nv breke foreward?</L><L>Ic wene dom þe þinkþ to hard.</L><L N="1695">Vor þu ne darst domes abyde,</L><L>Þu wilt nv, wreche, fihte &amp; chide.</L><L>Yet ich eu wolde alle rede,</L><L>Ar ich uthest vp eu grede, <EPB/><PB N="145"/></L><L>Þat eur fihtlac leteþ beo,</L><L N="1700">&amp; gynneþ raþe ayeyn fleo.</L></DIV1><DIV1 NODE="OwlJ:18" TYPE="supplied line groups"><HEAD TYPE="supplied">Lines 1701 through 1794</HEAD><L>Vor, bi þe clyures þat ic bere,</L><L>If ye abideþ myne here,</L><L>Ye schulleþ an oþer wise singe,</L><L>&amp; cursy alle fihtinge:</L><L N="1705">Vor nys of ou non so kene,</L><L>Þat durre abide myn onsene."</L><L>Þeos vle spak wel baldelyche,</L><L>Vor þah heo nadde so hwatliche</L><L>Iuare after hire here, <MILESTONE N="241r.2" UNIT="folio"/></L><L N="1710">Heo wolde naþeles yeue answere     </L><L>Þe [n]ihtegale myd sweche worde.</L><L>For mony mon myd speres orde</L><L>Haueþ lutle strengþe, &amp; mid his schelde,</L><L>Ah naþeles in one felde,</L><L N="1715">Þurh belde worde &amp; myd ilete,</L><L>Deþ is iuo for arehþe swete.</L><L>Þe wrenne, for heo cuþe singe,</L><L>Þar com in þare moreweninge</L><L>To helpe þare nyhtegale:</L><L N="1720">Vor [þeih] heo hadde stefne smale,</L><L>Heo hadde gode þrote &amp; schille,</L><L>&amp; fale monne song a wille.</L><L>Þe wrenne wes wel wis iholde,</L><L>Vor þeih heo nere ibred a-wolde,</L><L N="1725">Heo wes itowen among mankunne,</L><L>&amp; hire wisdom brouhte þenne:</L><L>Heo myhte speke hwar heo wolde,</L><L>Tofore þe kinge þah heo scholde. <EPB/><PB N="147"/></L><L>"Lusteþ," heo queþ, "leteþ me speke.</L><L N="1730">Hwat! wille ye þis pays tobreke,</L><L>&amp; do þanne [kinge] such schome?</L><L>Yet nys heo nouþer ded ne lome.</L><L>Hunke schal ityde harm &amp; schonde,</L><L>If we doþ gryþbruche on his londe.</L><L N="1735">Leteþ beo, &amp; beoþ isome,</L><L>&amp; fareþ riht to eure dome,</L><L>&amp; leteþ dom þis playd tobreke,</L><L>Al so hit wes erure bispeke."</L><L>   "Ich vnne wel," queþ þe Nihtegale,</L><L N="1740">"Ah, wrenne, nouht for þine tale,</L><L>Ac do myre lauhfulnesse.</L><L>Ic nolde þat vnrihtfulnesse</L><L>Me at þen ende [ouercome]:</L><L>Ic nam ofdred of none dome.</L><L N="1745">Bihote ic habbe, soþ hit is,</L><L>Þat Mayster Nichole, þat is wis,</L><L>Bitwihen [us] deme schulle,</L><L>&amp; yet ic wene þat he wulle. <MILESTONE N="241v.1" UNIT="folio"/></L><L>Ah [w]ar myhte we hine fynde?"</L><L N="1750">Þe wrenne sat in hore lynde: <EPB/><PB N="149"/></L><L>"Hwat! [nute ye]," quaþ heo, "his hom?</L><L>Heo wuneþ at Porteshom,</L><L>At one tune in Dorsete,</L><L>Bi þare see in ore vtlete:</L><L N="1755">Þar he demeþ mony riht dom,</L><L>&amp; diht &amp; wryt mony wisdom,</L><L>&amp; þurh his muþe &amp; þurh his honde</L><L>Hit is þe betere into Scotlonde.</L><L>To seche hyne is lyhtlych þing;</L><L N="1760">He naueþ buten o wunyng.</L><L>Þat is biscopen muchel schame,</L><L>&amp; alle þan þat of his nome</L><L>Habbeþ iherd, and of his dede.</L><L>Hwi nulleþ hi nymen heom to rede,</L><L N="1765">Þat he were myd heom ilome</L><L>Vor teche heom of his wisdome,</L><L>&amp; yeue him rente on vale stude,</L><L>Þat he myhte ilome heom beo myde?" <EPB/><PB N="151"/></L><L>   "Certes," quaþ þe vle, "þat is soþ:</L><L N="1770">Þeos riche men [m]uchel mysdoþ,</L><L>Þat leteþ þane gode man,</L><L>Þat of so fele þinge can,</L><L>&amp; yeueþrente wel [m]islyche,</L><L>&amp; of him leteþ wel lyhtliche.</L><L N="1775">Wiþ heore kunne heo beoþ [m]ildre,</L><L>&amp; yeueþ rente lutle childre:</L><L>So heore wit hi demeþ a-dwole,</L><L>Þat euer abit Mayster Nichole.</L><L>Ah vte we þah to hym fare,</L><L N="1780">Vor þa[r] is vnker dom al yare."</L><L>   "Do we," þe Nihtegale seyde:</L><L>"Ah hwo schal vnker speche rede,</L><L>&amp; telle tovore vnker d[e]me?"</L><L>   "Þarof ic schal þe wel iqueme,"</L><L N="1785">Queþ þe vle; "for al, ende of orde, <MILESTONE N="241v.2" UNIT="folio"/></L><L>Telle ic con, word after worde:</L><L>&amp; if þe þinkþ þat ic misrempe,</L><L>Þu stond ayeyn and do me crempe."</L><L>Mid þisse worde forþ hi ferden,</L><L N="1790">Al bute here and bute verde,</L><L>To Portesham þer heo bicome.</L><L>Ah hw heo spedde of heore dome,</L><L>Ne can ic eu namore telle;</L><L>Her nys namore of þisse spelle.</L></DIV1><TRAILER>Explicit</TRAILER></BODY><EPB/></TEXT></DLPSTEXTCLASS>
