<DLPSTEXTCLASS><HEADER><FILEDESC><TITLESTMT><TITLE TYPE="245">Everyman :</TITLE><AUTHOR>Anonymous</AUTHOR></TITLESTMT><EXTENT>ca. 50 kilobytes</EXTENT><PUBLICATIONSTMT><DISTRIBUTOR>University of Michigan, Humanities Text Initiative</DISTRIBUTOR><IDNO TYPE="dlps">Everyman</IDNO><AVAILABILITY><P>Available at URL http://www.hti.umich.edu/c/cme/</P><P>This text has been made available through the Oxford Text Archive for personal scholarly use only.  OTA number:  U-1350-A</P></AVAILABILITY><DATE>1993</DATE></PUBLICATIONSTMT><SOURCEDESC><BIBLFULL><TITLESTMT><TITLE>Everyman</TITLE><EDITOR>A. C.  Cawley</EDITOR></TITLESTMT><EXTENT>xxxviii, 47 p. : facsim. 20 cm.</EXTENT><PUBLICATIONSTMT><PUBLISHER>Manchester University Press</PUBLISHER><PUBPLACE>Manchester, Eng.</PUBPLACE><DATE>1961</DATE></PUBLICATIONSTMT><SERIESSTMT><TITLE>Old and Middle English texts; 1</TITLE></SERIESSTMT></BIBLFULL></SOURCEDESC></FILEDESC><ENCODINGDESC><EDITORIALDECL N="4"><P>The preface, table of contents, introduction, bibliography, alternate readings, and notes found in the print edition are not included.</P><P>The text of Everyman has been divided into acts and scenes not included in the print edition by Ian Lancashire.</P></EDITORIALDECL></ENCODINGDESC><PROFILEDESC><CREATION><DATE>1485</DATE></CREATION></PROFILEDESC></HEADER><TEXT><BODY><DIV1 NODE="Everyman:1" TYPE="scene" N="1"><EPB/><PB N="1"/><MILESTONE N="A.i" UNIT="signature"/><HEAD>EVERYMAN</HEAD><OPENER><HI1 REND="i">Here begynneth a treatyse how the hye<LB/>Fader of heuen sendeth Dethe to<LB/>somon euery creature to come and<LB/>gyue a-counte of theyr lyues in<LB/>this worlde / and is in maner<LB/>of a morall playe.</HI1></OPENER><HEAD>French scene</HEAD><SP><SPEAKER>Messenger.</SPEAKER><L N="1">I pray you all gyue your audyence,</L><L N="2">And here this mater with reuerence,</L><L N="3">By fygure a morall playe.</L><L N="4"> <HI1 REND="i">The Somonynge of Eueryman</HI1> called it is,</L><L N="5">That of our lyues and endynge shewes</L><L N="6">How transytory we be all daye.</L><L N="7">This mater is wonders precyous;</L><L N="8">But the entent of it is more gracyous,</L><L N="9">And swete to bere awaye.</L><L N="10">The story sayth:  Man, in the begynnynge</L><L N="11">Loke well, and take good heed to the endynge,</L><L N="12">Be you neuer so gay!</L><L N="13">Ye thynke synne in the begynnynge full swete,</L><L N="14">Whiche in the ende causeth the soule to wepe,</L><L N="15">Whan the body lyeth in claye.</L><L N="16">Here shall you se how Felawshyp / and Iolyte,</L><L N="17">Bothe / Strengthe / Pleasure / and Beaute,</L><L N="18">Wyll fade from the as floure in Maye;</L><L N="19">For ye shall here how our Heuen Kynge</L><L N="20">Calleth Eueryman to a generall rekenynge.</L><L N="21">Gyue audyence, and here what he doth saye.</L></SP></DIV1><DIV1 NODE="Everyman:2" TYPE="french scene" N="2"><HEAD>Scene 2</HEAD><STAGE TYPE="mix">God speketh.</STAGE><SP><SPEAKER>God.</SPEAKER><L N="22">I perceyue, here in my maieste,</L><L N="23">How that all creatures be to me vnkynde,</L><L N="24">Lyuynge without drede in worldly prosperyte.</L><EPB/><PB N="2"/><L N="25">Of ghostly syght the people be so blynde,</L><L N="26">Drowned in synne, they know me not for theyr God.</L><L N="27">In worldely ryches is all theyr mynde;</L><L N="28">They fere not my ryghtwysnes, the sharpe rod.</L><L N="29">My lawe that I shewed, whan I for them dyed,</L><L N="30">They forget clene / and shedynge of my blode rede.  <MILESTONE N="A.ii" UNIT="signature"/></L><L N="31">I hanged bytwene two theues, it can not be denyed;</L><L N="32">To gete them lyfe I suffred to be deed;</L><L N="33">I heled theyr fete / with thornes hurt was my heed.</L><L N="34">I coude do no more than I dyde, truely;</L><L N="35">And nowe I se the people do clene for-sake me.</L><L N="36">They vse the seuen deedly synnes dampnable,</L><L N="37">As pryde, coueytyse, wrath, and lechery</L><L N="38">Now in the worlde be made commendable;</L><L N="39">And thus they leue of aungelles the heuenly company.</L><L N="40">Euery man lyueth so after his owne pleasure,</L><L N="41">And yet of theyr lyfe they be nothynge sure.</L><L N="42">I se the more that I them forbere</L><L N="43">The worse they be fro yere to yere.</L><L N="44">All that lyueth appayreth faste;</L><L N="45">Therefore I wyll, in all the haste,</L><L N="46">Haue a rekenynge of euery mannes persone;</L><L N="47">For, and I leue the people thus alone</L><L N="48">In theyr lyfe and wycked tempestes,</L><L N="49">Veryly they will become moche worse than beestes,</L><L N="50">For now one wolde by enuy another vp ete;</L><L N="51">Charyte they do all clene forgete.</L><L N="52">I hoped well that euery man</L><L N="53">In my glory sholde make his mansyon,</L><L N="54">And therto I had them all electe;</L><L N="55">But now I se, lyke traytours deiecte,</L><L N="56">They thanke me not for the pleasure that I to them ment,</L><L N="57">Nor yet for theyr beynge that I them haue lent.</L><L N="58">I profered the people grete multytude of mercy,</L><L N="59">And fewe there be that asketh it hertly.</L><L N="60">They be so combred with worldly ryches</L><EPB/><PB N="3"/><L N="61">That nedes on them I must do iustyce,</L><L N="62">On euery man lyuynge without fere.</L><L N="63">Where arte thou, Deth, thou myghty messengere?</L></SP></DIV1><DIV1 NODE="Everyman:3" TYPE="french scene" N="3"><HEAD>Scene 3</HEAD><STAGE TYPE="mix">Dethe.</STAGE><SP><SPEAKER>Dethe.</SPEAKER><L N="64">Almyghty God, I am here at your wyll,</L><L N="65">Your commaundement to fulfyll.</L></SP><SP><SPEAKER>God.</SPEAKER><L N="66">Go thou to Eueryman</L><L N="67">And shewe hym, in my name,</L><L N="68">A pylgrymage he must on hym take,</L><L N="69">Whiche he in no wyse may escape;</L><L N="70">And that he brynge with hym a sure rekenynge</L><L N="71">Without delay or ony taryenge.</L></SP><SP><SPEAKER>Dethe.</SPEAKER><L N="72">Lorde, I wyll in the worlde go renne ouer-all</L><L N="73">And cruelly out-serche both grete and small.</L><L N="74">Euery man wyll I beset that lyueth beestly</L><L N="75">Out of Goddes lawes, and dredeth not foly.</L><L N="76">He that loueth rychess I wyll stryke with my darte,</L><L N="77">His syght to blynde, and fro heuen to departe—</L><L N="78">Excepte that almes be his good frende—</L><L N="79">In hell for to dwell, worlde without ende.</L><L N="80">Loo, yonder I se Eueryman walkynge.</L><L N="81">Full lytell he thynketh on my comynge;</L><L N="82">His mynde is on flesshely lustes and his treasure,</L><L N="83">And grete payne it shall cause hym to endure</L><L N="84">Before the Lorde, Heuen Kynge.</L><L N="85">Eueryman, stande styll! Whyder arte thou goynge</L><L N="86">Thus gayly? / Hast thou thy Maker forgete?</L></SP></DIV1><DIV1 NODE="Everyman:4" TYPE="french scene" N="5"><HEAD>Scene 5</HEAD><STAGE TYPE="mix">Eueryman.</STAGE><SP><SPEAKER>Eueryman.</SPEAKER><L N="87">Why askest thou?</L><L N="88">Woldest thou wete?</L></SP><SP><SPEAKER>Dethe.</SPEAKER><L N="89">Ye, syr. I wyll shewe you:</L><L N="90">In grete hast I am sende to the</L><L N="91">Fro God out of his mageste.</L></SP><SP><SPEAKER>Eueryman.</SPEAKER><L N="92"> What, sente to me? </L></SP><EPB/><PB N="4"/><MILESTONE N="A.iii." UNIT="signature"/><SP><SPEAKER>Dethe.</SPEAKER><L N="93">Ye, certaynly.</L><L N="94">Thoughe thou haue forgete hym here,</L><L N="95">He thynketh on the in the heuenly spere,</L><L N="96">As, or we departe, thou shalte knowe.</L></SP><SP><SPEAKER>Eueryman.</SPEAKER><L N="97">What desyreth God of me?</L></SP><SP><SPEAKER>Dethe.</SPEAKER><L N="98">That shall I shewe the:</L><L N="99">A rekenynge he wyll nedes haue</L><L N="100">Without ony lenger respyte.</L></SP><SP><SPEAKER>Eueryman.</SPEAKER><L N="101">To gyue a rekenynge longer layser I craue;</L><L N="102">This blynde mater troubleth my wytte.</L></SP><SP><SPEAKER>Dethe.</SPEAKER><L N="103">On the thou must take a long iourney;</L><L N="104">Therfore thy boke of counte with the thou brynge,</L><L N="105">For tourne agayne thou can not by no waye.</L><L N="106">And loke thou be sure of thy rekenynge,</L><L N="107">For before God thou shalte answere, and shewe</L><L N="108">Thy many badde dedes, and good but a fewe;</L><L N="109">How thou hast spente thy lyfe, and in what wyse,</L><L N="110">Before the chefe Lorde of paradyse.</L><L N="111">Haue ado that thou were in that waye,</L><L N="112">For wete thou well thou shalte make none attournay.</L></SP><SP><SPEAKER>Eueryman.</SPEAKER><L N="113">Full vnredy I am suche rekenynge to gyue.</L><L N="114">I knowe the not. What messenger arte thou?</L></SP><SP><SPEAKER>Dethe.</SPEAKER><L N="115">I am Dethe that no man dredeth—</L><L N="116">For euery man I reste — and no man spareth;</L><L N="117">For it is Goddes commaundement</L><L N="118">That all to me sholde be obedyent.</L></SP><SP><SPEAKER>Eueryman.</SPEAKER><L N="119">O Deth, thou comest whan I had the leest in mynde!</L><L N="120">In thy power it lyeth me to saue;</L><L N="121">Yet of my good wyl I gyue the, yf thou wyl be kynde —</L><L N="122">Ye, a thousande pounde shalte thou haue —</L><L N="123">And dyfferre this mater tyll an other daye.</L></SP><SP><SPEAKER>Dethe.</SPEAKER><L N="124">Eueryman, it may not be by no waye.</L><L N="125">I set not by golde, syluer, nor rychesse,</L><L N="126">Ne by pope / emperour / kynge / duke, ne prynces;</L><L N="127">For, and I wolde receyue gyftes grete,</L><L N="128">All the worlde I myght gete; </L><EPB/><PB N="5"/><L N="129">But my custome is clene contrary.</L><L N="130">I gyue the no respyte. Come hens, and not tary!</L></SP><SP><SPEAKER>Eueryman.</SPEAKER><L N="131">Alas, shall I haue no lenger respyte?</L><L N="132">I may saye Deth gyueth no warnynge!</L><L N="133">To thynke on the, it maketh my herte seke,</L><L N="134">For all vnredy is my boke of rekenynge.</L><L N="135">But xii. yere and I myght haue a-bydynge,</L><L N="136">My countynge-boke I wolde make so clere</L><L N="137">That my rekenynge I sholde not nede to fere.</L><L N="138">Wherfore, Deth, I praye the, for Goddes mercy,</L><L N="139">Spare me tyll I be prouyded of remedy.</L></SP><SP><SPEAKER>Dethe.</SPEAKER><L N="140">The auayleth not to crye, wepe, and praye;</L><L N="141">But hast the lyghtly that thou were gone that iournaye,</L><L N="142">And preue thy frendes yf thou can.</L><L N="143">For wete thou well the tyde abydeth no man,</L><L N="144">And in the worlde eche lyuynge creature</L><L N="145">For Adams synne must dye of nature.</L></SP><SP><SPEAKER>Eueryman.</SPEAKER><L N="146">Dethe, yf I sholde this pylgrymage take,</L><L N="147">And my rekenynge suerly make,</L><L N="148">Shewe me, for saynt charyte,</L><L N="149">Sholde I not come agayne shortly?</L></SP><SP><SPEAKER>Dethe.</SPEAKER><L N="150">No, Eueryman; and thou be ones there,</L><L N="151">Thou mayst neuer more come here,</L><L N="152">Trust me veryly.</L></SP><SP><SPEAKER>Eueryman.</SPEAKER><L N="153">O gracyous God in the hye sete celestyall,</L><L N="154">Haue mercy on me in this moost nede!</L><L N="155">Shall I haue no company fro this vale terestryall</L><L N="156">Of myne acqueyntaunce, that way me to lede?</L></SP><SP><SPEAKER>Dethe.</SPEAKER><L N="157">Ye, yf ony be so hardy</L><L N="158">That wolde go with the and bere the company.</L><L N="159">Hye the that thou were gone to Goddes magnyfycence,</L><L N="160">Thy rekenynge to gyue before his presence.</L><L N="161">What, wenest thou thy lyue is gyuen the,</L><L N="162">And thy worldely gooddes also?</L></SP><SP><SPEAKER>Eueryman.</SPEAKER><L N="163">I had wende so, veryle.</L></SP><SP><SPEAKER>Dethe.</SPEAKER><L N="164">Nay, nay, it was but lende the;</L><L N="165">For as soone as thou arte go, </L><EPB/><PB N="6"/><L N="166">Another a whyle shall haue it, and than go ther-fro,</L><L N="167">Euen as thou hast done.</L><L N="168">Eueryman, thou arte made! Thou hast thy wyttes fyue,</L><L N="169">And here on erthe wyll not amende thy lyue;</L><L N="170">For sodeynly I do come.</L></SP><SP><SPEAKER>Eueryman.</SPEAKER><L N="171">O wretched caytyfe, wheder shall I flee,</L><L N="172">That I myght scape this endles sorowe?</L><L N="173">Now, gentyll Deth, spare me tyll to-morowe,</L><L N="174">That I may amende me</L><L N="175">With good aduysement.</L></SP><SP><SPEAKER>Dethe.</SPEAKER><L N="176">Naye, therto I wyll not consent,</L><L N="177">Nor no man wyll I respyte;</L><L N="178">But to the herte sodeynly I shall smyte</L><L N="179">Without ony aduysement.</L><L N="180">And now out of thy syght I wyll me hy.</L><L N="181">Se thou make the redy shortely,</L><L N="182">For thou mayst saye this is the daye</L><L N="183">That no man lyuynge may scape a-way.</L></SP><SP><SPEAKER>Eueryman.</SPEAKER><L N="184">Alas, I may well wepe with syghes depe!</L><L N="185">Now haue I no maner of company</L><L N="186">To help me in my iourney, and me to kepe;</L><L N="187">And also my wrytynge is full vnredy.</L><L N="188">How shall I do now for to exscuse me?</L><L N="189">I wolde to God I had neuer be gete!</L><L N="190">To my soule a full grete profyte it had be,</L><L N="191">For now I fere paynes huge and grete.</L><L N="192">The tyme passeth. Lorde, helpe, that all wrought!</L><L N="193">For though I mourne, it auayleth nought.</L><L N="194">The day passeth and is almoost ago;</L><L N="195">I wote not well what for to do.</L><L N="196">To whome were I best my complaynt to make?</L><L N="197">What and I to Felawshyp therof spake,</L><L N="198">And shewed hym of this sodeyne chaunce?</L><L N="199">For in hym is all muyne affyaunce;</L><L N="200">We haue in the worlde so many a daye</L><L N="201">Be good frendes in sporte and playe.</L><L N="202">I se hym yonder, certaynely. </L><EPB/><PB N="7"/><L N="203">I trust that he wyll bere me company;</L><L N="204">Therfore to hym wyll I speke to ese my sorowe.</L><L N="205">Well mette, Good Felawshyp, and good morowe!  <STAGE TYPE="mix">Felawshyp speketh.</STAGE></L></SP><SP><SPEAKER>Felawship.</SPEAKER><L N="206"> Eueryman, good morowe, by this daye!</L><L N="207">Syr, why lokest thou so pyteously?</L><L N="208">If ony thynge be a-mysse, I praye the me saye,</L><L N="209">That I may helpe to remedy.</L></SP><SP><SPEAKER>Eueryman.</SPEAKER><L N="210">Ye, good Felawshyp, ye,</L><L N="211">I am in greate ieoparde.</L></SP><SP><SPEAKER>Felawship.</SPEAKER><L N="212"> My true frende, shewe to me your mynde.</L><L N="213">I wyll not forsake the to my lyues ende,</L><L N="214">In the waye of good company.</L></SP><SP><SPEAKER>Eueryman.</SPEAKER><L N="215">That was well spoken and louyngly.</L></SP><SP><SPEAKER>Felawshyp.</SPEAKER><L N="216"> Syr, I must nedes knowe your heuynesse;</L><L N="217">I haue pyte to se you in ony dystresse.</L><L N="218">If ony haue you wronged, ye shall reuenged be,</L><L N="219">Thoughe I on the grounde be slayne for the,  <MILESTONE N="B.i" UNIT="signature"/></L><L N="220">Though that I knowe before that I sholde dye.</L></SP><SP><SPEAKER>Eueryman.</SPEAKER><L N="221">Veryly, Felawshyp, gramercy.</L></SP><SP><SPEAKER>Felawship.</SPEAKER><L N="222"> Tusshe! by thy thankes I set not a strawe.</L><L N="223">Shewe me your grefe, and saye no more.</L></SP><SP><SPEAKER>Eueryman.</SPEAKER><L N="224">If I my herte sholde to you breke,</L><L N="225">And than you to tourne your mynde fro me</L><L N="226">And wolde not me comforte whan ye here me speke,</L><L N="227">Than sholde I ten tymes soryer be.</L></SP><SP><SPEAKER>Felawship.</SPEAKER><L N="228"> Syr, I saye as I wyll do in dede.</L></SP><SP><SPEAKER>Eueryman.</SPEAKER><L N="229">Than be you a good frende at nede.</L><L N="230">I haue founde you true here-before.</L></SP><SP><SPEAKER>Felawship.</SPEAKER><L N="231"> And so ye shall euermore;</L><L N="232">For, in fayth, and thou go to hell,</L><L N="233">I wyll not forsake the by the waye.</L></SP><SP><SPEAKER>Eueryman.</SPEAKER><L N="234">Ye speke lyke a good frende; I byleue you well</L><L N="235">I shall deserue it, and I maye.</L></SP><SP><SPEAKER>Felawship.</SPEAKER><L N="236"> I speke of no deseruynge, by this daye! </L><EPB/><PB N="8"/><L N="237">For he that wyll saye, and nothynge do,</L><L N="238">Is not worthy with good company to go;</L><L N="239">Therfore shewe me the grefe of your mynde,</L><L N="240">As to your frende moost louynge and kynde.</L></SP><SP><SPEAKER>Eueryman.</SPEAKER><L N="241">I shall shewe you how it is:</L><L N="242">Commaunded I am to go a iournaye,</L><L N="243">A longe waye harde and daungerous,</L><L N="244">And gyue a strayte counte, without delaye,</L><L N="245">Before the hye Iuge, Adonay.</L><L N="246">Wherfore, I pray you, bere me company,</L><L N="247">As ye haue promysed, in this iournaye.</L></SP><SP><SPEAKER>Felawship.</SPEAKER><L N="248"> That is mater in dede! Promyse is duty;</L><L N="249">But, and I sholde take suche a vyage on me,</L><L N="250">I knowe it well, it sholde be to my payne;</L><L N="251">Also it maketh me aferde, certayne.</L><L N="252">But let vs take counsell here as well as we can,</L><L N="253">For your wordes wolde fere a stronge man.</L></SP><SP><SPEAKER>Eueryman.</SPEAKER><L N="254">Why, ye sayd yf I had nede</L><L N="255">Ye wolde me neuer forsake, quycke ne deed,</L><L N="256">Thoughe it were to hell, truely.</L></SP><SP><SPEAKER>Felawship.</SPEAKER><L N="257"> So I sayd, certaynely,</L><L N="258">But suche pleasures be set a-syde, the sothe to saye;</L><L N="259">And also, yf we toke suche a iournaye,</L><L N="260">Whan sholde we agayne come?</L></SP><SP><SPEAKER>Eueryman.</SPEAKER><L N="261">Naye, neuer agayne tyll the daye of dome.</L></SP><SP><SPEAKER>Felawship.</SPEAKER><L N="262"> In fayth, than wyll not I come there!</L><L N="263">Who hath you these tydynges brought?</L></SP><SP><SPEAKER>Eueryman.</SPEAKER><L N="264">In dede, Deth was with me here.</L></SP><SP><SPEAKER>Felawshyp.</SPEAKER><L N="265">Now, by God that all hathe bought,</L><L N="266">If Deth were the messenger,</L><L N="267">For no man that is lyuynge to-daye</L><L N="268">I wyll not go that lothe iournaye —</L><L N="269">Not for the fader that bygate me!</L></SP><SP><SPEAKER>Eueryman.</SPEAKER><L N="270">Ye promysed other wyse, parde.</L></SP><SP><SPEAKER>Felawship.</SPEAKER><L N="271"> I wote well I sayd so, truely; </L><EPB/><PB N="9"/><L N="272">And yet, yf thou wylte ete &amp; drynke &amp; make good chere,</L><L N="273">Or haunt to women the lusty company,</L><L N="274">I wolde not forsake you whyle the daye is clere,</L><L N="275">Trust me veryly.</L></SP><SP><SPEAKER>Eueryman.</SPEAKER><L N="276">Ye, therto ye wolde be redy!</L><L N="277">To go to myrthe, solas, and playe</L><L N="278">Your mynde wyll soner apply,</L><L N="279">Than to bere me company in my longe iournaye.</L></SP><SP><SPEAKER>Felawship.</SPEAKER><L N="280"> Now, in good fayth, I wyll not that waye;</L><L N="281">But and thou wyll murder, or ony man kyll,</L><L N="282">In that I wyll helpe the with a good wyll.</L></SP><SP><SPEAKER>Eueryman.</SPEAKER><L N="283">O, that is a symple aduyse in dede.  <MILESTONE N="B.ii" UNIT="signature"/></L><L N="284">Gentyll felawe, helpe me in my necessyte!</L><L N="285">We haue loued longe, and now I nede;</L><L N="286">And now, gentyll Felawshyp, remembre me.</L></SP><SP><SPEAKER>Felawship.</SPEAKER><L N="287"> Wheder ye haue loued me or no,</L><L N="288">By Saynt Iohan I wyll not with the go!</L></SP><SP><SPEAKER>Eueryman.</SPEAKER><L N="289">Yet, I pray the, take the labour &amp; do so moche for me</L><L N="290">To brynge me forwarde, for saynt charyte,</L><L N="291">And comforte me tyll I come without the towne.</L></SP><SP><SPEAKER>Felawship.</SPEAKER><L N="292"> Nay, and thou wolde gyue me a newe gowne,</L><L N="293">I wyll not a fote with the go;</L><L N="294">But, and thou had taryed, I wolde not haue lefte the so.</L><L N="295">And as now God spede the in thy iournaye,</L><L N="296">For from the I wyll departe as fast as I maye.</L></SP><SP><SPEAKER>Eueryman.</SPEAKER><L N="297">Wheder a-waye, Felawshyp? Wyll thou forsake me?</L></SP><SP><SPEAKER>Felawship.</SPEAKER><L N="298"> Ye, by my faye! To God I be-take the.</L></SP><SP><SPEAKER>Eueryman.</SPEAKER><L N="299">Farewell, good Felawshyp! For the my herte is sore.</L><L N="300">A-dewe for euer! I shall se the no more.</L></SP><SP><SPEAKER>Felawship.</SPEAKER><L N="301"> In fayth, Eueryman, fare well now at the endynge!</L><L N="302">For you I wyll remembre that partynge is mournynge.</L></SP><SP><SPEAKER>Eueryman.</SPEAKER><L N="303">A-lacke, shall wee thus departe in ded —</L><EPB/><PB N="10"/><L N="304">A, Lady, helpe! — without ony more comforte?</L><L N="305">Lo, Felawshyp forsaketh me in my moost nede.</L><L N="306">For helpe in this worlde wheder shall I resorte?</L><L N="307">Felawshyp here-before with me wolde mery make,</L><L N="308">And now lytell sorowe for me dooth he take.</L><L N="309">It is sayd, 'In prosperyte men frendes may fynde,</L><L N="310">Whiche in aduersyte be full vnkynde.'</L><L N="311">Now wheder for socoure shall I flee,</L><L N="312">Syth that Felawshyp hath forsaken me?</L><L N="313">To my kynnesmen I wyll, truely,</L><L N="314">Prayenge them to helpe me in my necessyte.</L><L N="315">I byleue that they wyll do so,</L><L N="316">For kynde wyll crepe where it may not go.</L><L N="317">I wyll go saye, for yonder I se them.</L><L N="318">Where be ye now, my frendes and kynnesmen?</L></SP></DIV1><DIV1 NODE="Everyman:5" TYPE="french scene" N="6"><HEAD>Scene 6</HEAD><SP><SPEAKER>Kynrede.</SPEAKER><L N="319">Here be we now at your commaundement.</L><L N="320">Cosyn, I praye you shewe vs your entent</L><L N="321">In ony wyse, and not spare.</L></SP><SP><SPEAKER>Cosyn.</SPEAKER><L N="322">Ye, Eueryman, and to vs declare</L><L N="323">If ye be dysposed to go ony-whyder;</L><L N="324">For, wete you well, we wyll lyue and dye to-gyder.</L></SP><SP><SPEAKER>Kynrede.</SPEAKER><L N="325">In welth and wo we wyll with you holde,</L><L N="326">For ouer his kynne a man may be bolde.</L></SP><SP><SPEAKER>Eueryman.</SPEAKER><L N="327">Gramercy, my frendes and kynnesmen kynde.</L><L N="328">Now shall I shewe you the grefe of my mynde:</L><L N="329">I was commaunded by a messenger,</L><L N="330">That is a hye kynges chefe offycer.</L><L N="331">He bad me go a pylgrymage, to my payne,</L><L N="332">And I knowe well I shall neuer come agayne.</L><L N="333">Also I must gyue a rekenynge strayte,</L><L N="334">For I haue a grete enemy that hath me in wayte,</L><L N="335">Whiche entendeth me for to hynder.</L></SP><SP><SPEAKER>Kynrede.</SPEAKER><L N="336">What a-counte is that whiche ye must render?</L><L N="337">That wolde I knowe.</L></SP><SP><SPEAKER>Eueryman.</SPEAKER><L N="338">Of all my workes I must shewe </L><EPB/><PB N="11"/><L N="339">How I haue lyued and my dayes spent;</L><L N="340">Also of yll dedes that I haue vsed</L><L N="341">In my tyme, syth lyfe was me lent;</L><L N="342">And of all vertues that I haue refused.</L><L N="343">Therfore, I praye you, go thyder with me</L><L N="344">To helpe to make myn accounte, for saynt charyte.</L></SP><SP><SPEAKER>Cosyn.</SPEAKER><L N="345">What, to go thyder? Is that the mater?</L><L N="346">Nay, Eueryman, I had leuer fast brede and water</L><L N="347">All this fyue yere and more.  <MILESTONE N="B.iii" UNIT="signature"/></L></SP><SP><SPEAKER>Eueryman.</SPEAKER><L N="348">Alas, that euer I was bore!</L><L N="349">For now shall I neuer be mery,</L><L N="350">If that you forsake me.</L></SP><SP><SPEAKER>Kynrede.</SPEAKER><L N="351">A, syr, what ye be a mery man!</L><L N="352">Take good herte to you, and make no mone.</L><L N="353">But one thynge I warne you, by Saynt Anne —</L><L N="354">As for me, ye shall go alone.</L></SP><SP><SPEAKER>Eueryman.</SPEAKER><L N="355">My Cosyn, wyll you not with me go?</L></SP><SP><SPEAKER>Cosyn.</SPEAKER><L N="356">No, by our Lady! I haue the crampe in my to.</L><L N="357">Trust not to me; for, so God me spede,</L><L N="358">I wyll deceyue you in your moost nede.</L></SP><SP><SPEAKER>Kynrede.</SPEAKER><L N="359">It auayleth not vs to tyse.</L><L N="360">Ye shall haue my mayde with all my herte;</L><L N="361">She loueth to go to feestes, there to be nyse,</L><L N="362">And to daunce, and a-brode to sterte.</L><L N="363">I wyll gyue her leue to helpe you in that iourney,</L><L N="364">If that you and she may a-gree.</L></SP><SP><SPEAKER>Eueryman.</SPEAKER><L N="365">Now shewe me the very effecte of your mynde:</L><L N="366">Wyll you go with me, or abyde be-hynde?</L></SP><SP><SPEAKER>Kynrede.</SPEAKER><L N="367">Abyde behynde? / Ye, that wyll I, and I maye!</L><L N="368">Therfore farewell tyll another daye.</L></SP><SP><SPEAKER>Eueryman.</SPEAKER><L N="369">Howe sholde I be mery or gladde?</L><L N="370">For fayre promyses men to me make,</L><L N="371">But whan I haue moost nede they me forsake.</L><L N="372">I am deceyued; that maketh me sadde.</L></SP><SP><SPEAKER>Cosyn.</SPEAKER><L N="373">Cosyn Eueryman, farewell now,</L><L N="374">For veryly I wyll not go with you.</L><L N="375">Also of myne owne an vnredy rekenynge</L><L N="376">I haue to accounte; therfore I make taryenge. </L><EPB/><PB N="12"/><L N="377">Now God kepe the, for now I go.</L></SP></DIV1><DIV1 NODE="Everyman:6" TYPE="french scene" N="7"><HEAD>Scene 7</HEAD><SP><SPEAKER>Eueryman.</SPEAKER><L N="378">A, Iesus, is all come here-to?</L><L N="379">Lo, fayre wordes maketh fooles fayne;</L><L N="380">They promyse, and nothynge wyll do, certayne.</L><L N="381">My kynnesmen promysed me faythfully</L><L N="382">For to a-byde with me stedfastly,</L><L N="383">And now fast a-waye do they flee.</L><L N="384">Euen so Felawshyp promysed me.</L><L N="385">What frende were best me of to prouyde?</L><L N="386">I lose my tyme here longer to abyde.</L><L N="387">Yet in my mynde a thynge there is:</L><L N="388">All my lyfe I haue loued ryches;</L><L N="389">If that my Good now helpe my myght,</L><L N="390">He wolde make my herte full lyght.</L><L N="391">I wyll speke to hym in this dystresse.</L><L N="392">Where arte thou, my Gooddes and ryches?</L></SP></DIV1><DIV1 NODE="Everyman:7" TYPE="french scene" N="8"><HEAD>Scene 8</HEAD><SP><SPEAKER>Goodes.</SPEAKER><L N="393">Who calleth me? Eueryman? / What, hast thou haste?</L><L N="394">I lye here in corners, trussed and pyled so hye,</L><L N="395">And in chestes I am locked so fast,</L><L N="396">Also sacked in bagges. Thou mayst se with thyn eye</L><L N="397">I can not styre; in packes, lowe I lye.</L><L N="398">What wolde ye haue? Lyghtly me saye.</L></SP><SP><SPEAKER>Eueryman.</SPEAKER><L N="399">Come hyder, Good, in al the hast thou may,</L><L N="400">For of counseyll I must desyre the.</L></SP><SP><SPEAKER>Goodes.</SPEAKER><L N="401">Syre, &amp; ye in the worlde haue sorowe or aduersyte,</L><L N="402">That can I helpe you to remedy shortly.</L></SP><SP><SPEAKER>Eueryman.</SPEAKER><L N="403">It is another dysease that greueth me;</L><L N="404">In this worlde it is not, I tell the so.</L><L N="405">I am sent for, an other way to go,</L><L N="406">To gyue a strayte counte generall</L><L N="407">Before the hyest Iupyter of all.</L><L N="408">And all my lyfe I haue had ioye &amp; pleasure in the,</L><L N="409">Therfore, I pray the, go with me;</L><L N="410">For parauenture, thou mayst before God Almyghty</L><L N="411">My rekenynge helpe to clene and puryfye,  <MILESTONE N="B.iiii" UNIT="signature"/></L><L N="412">For it is sayd euer amonge </L><EPB/><PB N="13"/><L N="413">That 'money maketh all ryght that is wronge.'</L></SP><SP><SPEAKER>Goodes.</SPEAKER><L N="414">Nay, Eueryman, I synge an other songe.</L><L N="415">I folowe no man in suche vyages;</L><L N="416">For, and I wente with the,</L><L N="417">Thou sholdest fare moche the worse for me.</L><L N="418">For bycause on me thou dyd set thy mynde,</L><L N="419">Thy rekenynge I haue made blotted and blynde,</L><L N="420">That thyne accounte thou can not make truly —</L><L N="421">And that hast thou for the loue of me!</L></SP><SP><SPEAKER>Eueryman.</SPEAKER><L N="422">That wolde greue me full sore,</L><L N="423">Whan I sholde come to that ferefull answere.</L><L N="424">Vp, let vs go thyder to-gyder.</L></SP><SP><SPEAKER>Goodes.</SPEAKER><L N="425">Nay, not so! I am to brytell, I may not endure.</L><L N="426">I wyll folowe no man one fote, be ye sure.</L></SP><SP><SPEAKER>Eueryman.</SPEAKER><L N="427">Alas, I haue the loued, and had grete pleasure</L><L N="428">All my lyfe-dayes on good and treasure.</L></SP><SP><SPEAKER>Goodes.</SPEAKER><L N="429">That is to thy dampnacyon, without lesynge,</L><L N="430">For my loue is contrary to the loue euerlastynge.</L><L N="431">But yf thou had me loued moderately durynge,</L><L N="432">As to the poore gyue parte of me,</L><L N="433">Than sholdest thou not in this dolour be,</L><L N="434">Nor in this grete sorowe and care.</L></SP><SP><SPEAKER>Eueryman.</SPEAKER><L N="435">Lo, now was I deceyued or I was ware;</L><L N="436">And all I may wyte my spendynge of tyme.</L></SP><SP><SPEAKER>Goodes.</SPEAKER><L N="437">What, wenest thou that I am thyne?</L></SP><SP><SPEAKER>Eueryman.</SPEAKER><L N="438">I had went so.</L></SP><SP><SPEAKER>Goodes.</SPEAKER><L N="439">Naye, Eueryman, I saye no.</L><L N="440">As for a whyle I was lente the;</L><L N="441">A season thou hast had me in prosperyte.</L><L N="442">My condycyon is mannes soule to kyll;</L><L N="443">If I saue one, a thousande I do spyll.</L><L N="444">Wenest thou that I wyll folowe the?</L><L N="445">Nay, fro this worlde not, veryle.</L></SP><SP><SPEAKER>Eueryman.</SPEAKER><L N="446">I had wende otherwyse. </L></SP><EPB/><PB N="14"/><SP><SPEAKER>Goodes.</SPEAKER><L N="447">Therfore to thy soule Good is a thefe;</L><L N="448">For whan thou arte deed, this is my gyse —</L><L N="449">Another to deceyue in this same wyse</L><L N="450">As I haue done the, and all to his soules reprefe.</L></SP><SP><SPEAKER>Eueryman.</SPEAKER><L N="451">O false Good, cursed thou be,</L><L N="452">Thou traytour to God, that hast deceyued me</L><L N="453">And caught me in thy snare!</L></SP><SP><SPEAKER>Goodes.</SPEAKER><L N="454">Mary, thou brought thy selfe in care,</L><L N="455">Wherof I am gladde.</L><L N="456">I must nedes laugh; I can not be sadde.</L></SP><SP><SPEAKER>Eueryman.</SPEAKER><L N="457">A, Good, thou hast had longe my hertely loue;</L><L N="458">I gaue the that whiche sholde be the Lordes aboue.</L><L N="459">But wylte thou not go with me in dede?</L><L N="460">I praye the trouth to saye.</L></SP><SP><SPEAKER>Goodes.</SPEAKER><L N="461">No, so God me spede!</L><L N="462">Therfore fare well, and haue good daye.</L></SP></DIV1><DIV1 NODE="Everyman:8" TYPE="french scene" N="9"><HEAD>Scene 9</HEAD><SP><SPEAKER>Eueryman.</SPEAKER><L N="463">O, to whome shall I make my mone</L><L N="464">For to go with me in that heuy iournaye?</L><L N="465">Fyrst Felawshyp sayd he wolde with me gone;</L><L N="466">His wordes were very pleasaunt and gaye,</L><L N="467">But afterwarde he lefte me alone.</L><L N="468">Than spake I to my kynnesmen, all in dyspayre,</L><L N="469">And also they gaue me wordes fayre;</L><L N="470">They lacked no fayre spekynge,</L><L N="471">But all forsake me in the endynge.</L><L N="472">Than wente I to my Goodes that I loued best,</L><L N="473">In hope to haue comforte; but there had I leest,</L><L N="474">For my Goodes sharpely dyd me tell</L><L N="475">That he bryngeth many in to hell.</L><L N="476">Than of my selfe I was ashamed,</L><L N="477">And so I am worthy to be blamed;</L><L N="478">Thus may I well my selfe hate.</L><L N="479">Of whome shall I now counseyll take?</L><L N="480">I thynke that I shall neuer spede</L><L N="481">Tyll that I go to my Good Dede.</L><L N="482">But, alas, she is so weke </L><EPB/><PB N="15"/><L N="483">That she can nother go nor speke;</L><L N="484">Yet wyll I venter on her now.</L><L N="485">My Good Dedes, where be you?</L></SP></DIV1><DIV1 NODE="Everyman:9" TYPE="french scene" N="10"><HEAD>Scene 10</HEAD><SP><SPEAKER>Good Dedes.</SPEAKER><L N="486">Here I lye, colde in the grounde.</L><L N="487">Thy synnes hath me sore bounde,</L><L N="488">That I can not stere.</L></SP><SP><SPEAKER>Eueryman.</SPEAKER><L N="489">O Good Dedes, I stande in fere!</L><L N="490">I must you pray of counseyll,</L><L N="491">For help now sholde come ryght well.</L></SP><SP><SPEAKER>Good Dedes.</SPEAKER><L N="492">Eueryman, I haue vnderstandynge</L><L N="493">That ye be somoned a-counte to make</L><L N="494">Before Myssyas, of Iherusalem kynge;</L><L N="495">And you do by me, that iournay with you wyll I take.</L></SP><SP><SPEAKER>Eueryman.</SPEAKER><L N="496">Therfore I come to you my moone to make.</L><L N="497">I praye you that ye wyll go with me.</L></SP><SP><SPEAKER>Good Dedes.</SPEAKER><L N="498">I wolde full fayne, but I can not stande, veryly.</L></SP><SP><SPEAKER>Ereryman.</SPEAKER><L N="499">Why, is there ony thynge on you fall?</L></SP><SP><SPEAKER>Goode Dedes.</SPEAKER><L N="500">Ye, syr, I may thanke you of all.</L><L N="501">If ye had parfytely chered me,</L><L N="502">Your boke of counte full redy had be.</L><L N="503">Loke, the bokes of your workes and dedes eke</L><L N="504">Ase how they lye vnder the fete,</L><L N="505">To your soules heuynes.</L></SP><SP><SPEAKER>Eueryman.</SPEAKER><L N="506">Our Lorde Iesus help me!</L><L N="507">For one letter here I can not se.</L></SP><SP><SPEAKER>Good Dedes.</SPEAKER><L N="508">There is a blynde rekenynge in tyme of dystres.</L></SP><SP><SPEAKER>Eueryman.</SPEAKER><L N="509">Good Dedes, I praye you helpe me in this nede,</L><L N="510">Or elles I am for euer dampned in dede;</L><L N="511">Therfore helpe me to make rekenynge</L><L N="512">Before the Redemer of all thynge,</L><L N="513">That Kynge is, and was, and euer shall.</L></SP><SP><SPEAKER>Good Dedes.</SPEAKER><L N="514">Eueryman, I am sory of your fall,</L><L N="515">And fayne wolde I help you, and I were able.</L></SP><SP><SPEAKER>Eueryman.</SPEAKER><L N="516">Good Dedes, your counseyll I pray you gyue me. </L></SP><EPB/><PB N="16"/><SP><SPEAKER>Good Dedes.</SPEAKER><L N="517">That shall I do veryly.</L><L N="518">Thoughe that on my fete I may not go,</L><L N="519">I haue a syster that shall with you also,</L><L N="520">Called Knowlege, whiche shall with you abyde,</L><L N="521">To helpe you to make that dredefull rekenynge.</L></SP></DIV1><DIV1 NODE="Everyman:10" TYPE="french scene" N="11"><HEAD>Scene 11</HEAD><SP><SPEAKER>Knowlege.</SPEAKER><L N="522">Eueryman, I wyll go with the and be thy gyde,</L><L N="523">In they moost nede to go by thy syde.</L></SP><SP><SPEAKER>Eueryman.</SPEAKER><L N="524">In good condycyon I am now in euery thynge,</L><L N="525">And am holy content with this good thynge,</L><L N="526">Thanked be God my creature.</L></SP><SP><SPEAKER>Good Dedes.</SPEAKER><L N="527">And whan she hath brought you there</L><L N="528">Where thou shalte hele the of thy smarte,</L><L N="529">Than go you with your rekenynge &amp; your Good Dedes togyder,</L><L N="530">For to make you ioyfull at herte</L><L N="531">Before the Blessyd Trynyte.</L></SP><SP><SPEAKER>Eueryman.</SPEAKER><L N="532">My Good Dedes, gramercy!</L><L N="533">I am well content, certaynly,</L><L N="534">With your wordes swete.</L></SP><SP><SPEAKER>Knowlege.</SPEAKER><L N="535">Now go we togyder louyngly</L><L N="536">To Confessyon, that clensynge ryuere.</L></SP><SP><SPEAKER>Eueryman.</SPEAKER><L N="537">For ioy I wepe; I wolde we were there!</L><L N="538">But, I pray you, gyue me cognycyon</L><L N="539">Where dwelleth that holy man, Confessyon.</L></SP><SP><SPEAKER>Knowlege.</SPEAKER><L N="540">In the house of saluacyon;</L><L N="541">We shall fynde hym in that place,</L><L N="542">That shall vs comforte, by Goddes grace.</L><L N="543">Lo, this is Confessyon. Knele downe &amp; aske mercy,</L><L N="544">For he is in good conceyte with God Almyghty.</L></SP><SP><SPEAKER>Eueryman.</SPEAKER><L N="545">O gloryous fountayne, that all vnclennes doth claryfy,</L><L N="546">Wasshe fro me the spottes of vyce vnclene,</L><L N="547">That on me no synne may be sene.</L><L N="548">I come with Knowlege for my redempcyon,</L><L N="549">Redempte with herte and full contrycyon; </L><EPB/><PB N="17"/><L N="550">For I am commaunded a pylgrymage to take,</L><L N="551">And grete accountes before God to make.</L><L N="552">Now I praye you, Shryfte, moder of saluacyon,</L><L N="553">Helpe my Good Dedes for my pyteous exclamacyon.</L></SP></DIV1><DIV1 NODE="Everyman:11" TYPE="french scene" N="12"><HEAD>Scene 12</HEAD><SP><SPEAKER>Confessyon.</SPEAKER><L N="554">I knowe your sorowe well, Eueryman.</L><L N="555">Bycause with Knowlege ye come to me,</L><L N="556">I wyll you comforte as well as I can.</L><L N="557">And a precyous iewell I wyll gyue the,</L><L N="558">Called penaunce, voyder of aduersyte;</L><L N="559">Therwith shall your body chastysed be,</L><L N="560">With abstynence &amp; perseueraunce in Goddes seruyture.</L><L N="561">Here shall you receyue that scourge of me,</L><L N="562">Whiche is penaunce stronge that ye must endure,</L><L N="563">To remembre thy Sauyour was scourged for the</L><L N="564">With sharpe scourges, and suffred it pacyently;</L><L N="565">So must thou or thou scape that paynful pylgrymage.</L><L N="566">Knowlege, kepe hym in this vyage,</L><L N="567">And by that tyme Good Dedes wyll be with the.</L><L N="568">But in ony wyse be seker of mercy,</L><L N="569">For your tyme draweth fast; and ye wyll saued be,</L><L N="570">Aske God mercy, and he wyll graunte truely.</L><L N="571">Whan with the scourge of penaunce man doth hym bynde,</L><L N="572">The oyle of forgyuenes than shall he fynde.</L></SP><SP><SPEAKER>Eueryman.</SPEAKER><L N="573">Thanked be God for his gracyous werke!</L><L N="574">For now I wyll my penaunce begyn.</L><L N="575">This hath reioysed and lyghted my herte,</L><L N="576">Though the knottes by paynful and harde, within.</L></SP><SP><SPEAKER>Knowlege.</SPEAKER><L N="577">Eueryman, loke your penaunce that ye fulfyll,</L><L N="578">What payne that euer it to you be;</L><L N="579">And Knowlege shall gyue you counseyll at wyll</L><L N="580">How your accounte ye shall make clerely.</L></SP><SP><SPEAKER>Eueryman.</SPEAKER><L N="581">O eternall God / O heuenly fygure,</L><L N="582">O way of ryghtwysnes / O goodly vysyon,</L><L N="583">Whiche dyscended downe in a vyrgyn pure</L><L N="584">Bycause he wolde euery man redeme,</L><L N="585">Which Adam forfayted by his dysobedyence: </L><EPB/><PB N="18"/><L N="586">O blessyd God-heed, electe and hye deuyne,</L><L N="587">Forgyue me my greuous offence!</L><L N="588">Here I crye the mercy in this presence.</L><L N="589">O ghostly treasure, O raunsomer and redemer,</L><L N="590">Of all the worlde hope and conduyter,</L><L N="591">Myrrour of ioye, foundatour of mercy,</L><L N="592">Whiche enlumyneth heuen and erth therby,</L><L N="593">Here my clamorous complaynt, though it late be,</L><L N="594">Receyue my prayers vnworthy in this heuy lyfe!</L><L N="595">Though I be a synner moost abhomynable,</L><L N="596">Yet let my name be wryten in Moyses table.</L><L N="597">O Mary, praye to the Maker of all thynge,</L><L N="598">Me for to helpe at my endynge;</L><L N="599">And saue me from the power of my enemy,</L><L N="600">For Deth assayleth me strongly.</L><L N="601">And, Lady, that I may by meane of thy prayer</L><L N="602">Of your Sones glory to be partynere,</L><L N="603">By the meanes of his passyon, I it craue;</L><L N="604">I besech you helpe my soule to saue.</L><L N="605">Knowlege, gyue me the scourge of penaunce;</L><L N="606">My flesshe therwith shall gyue acqueyntaunce.</L><L N="607">I wyll now begyn yf God gyue me grace.</L></SP><SP><SPEAKER>Knowlege.</SPEAKER><L N="608">Eueryman, God gyue you tyme and space!</L><L N="609">Thus I bequeth you in the handes of our Sauyour;</L><L N="610">Now may you make your rekenynge sure.</L></SP><SP><SPEAKER>Eueryman.</SPEAKER><L N="611">In the name of the Holy Trynyte,</L><L N="612">My body sore punysshed shall be:</L><L N="613">Take this, body, for the synne of the flesshe!</L><L N="614">Also thou delytest to go gay and fresshe,</L><L N="615">And in the way of dampnacyon thou dyd me brynge;</L><L N="616">Therfore suffre now strokes of punysshynge.</L><L N="617">Now of penaunce I wyll wade the water clere,</L><L N="618">To saue me from Purgatory, that sharpe fyre. </L></SP><EPB/><PB N="19"/><SP><SPEAKER>Goode Dedes.</SPEAKER><L N="619">I thanke God, now I can walke and go,</L><L N="620">And am delyuered of my sykenesse and wo.</L><L N="621">Therfore with Eueryman I wyll go, and not spare;</L><L N="622">His good workes I wyll helpe hym to declare.</L></SP><SP><SPEAKER>Knowlege.</SPEAKER><L N="623">Now, Eueryman, be mery and glad!</L><L N="624">Your Good Dedes cometh now; ye may not be sad.</L><L N="625">Now is your Good Dedes hole and sounde,</L><L N="626">Goynge vpryght vpon the grounde.</L></SP><SP><SPEAKER>Eueryman.</SPEAKER><L N="627">My herte is lyght, and shal be euermore;</L><L N="628">Now wyll I smyte faster than I dyde before.</L></SP><SP><SPEAKER>Good Dedes.</SPEAKER><L N="629">Eueryman, pylgryme, my specyall frende,</L><L N="630">Blessyd be thou without ende!</L><L N="631">For the is preparate the eternall glory.</L><L N="632">Ye haue me made hole and sounde,</L><L N="633">Therfore I wyll byde by the in euery stounde.</L></SP><SP><SPEAKER>Eueryman.</SPEAKER><L N="634">Welcome, my Good Dedes! Now I here thy voyce</L><L N="635">I wepe for very swetenes of loue.</L></SP><SP><SPEAKER>Knowlege.</SPEAKER><L N="636">Be no more sad, but euer reioyce;</L><L N="637">God seeth thy lyuynge in his trone aboue.</L><L N="638">Put on this garment to thy behoue,</L><L N="639">Whiche is wette with your teres,</L><L N="640">Or elles before God you may it mysse,</L><L N="641">Whan ye to your iourneys ende come shall.</L></SP><SP><SPEAKER>Eueryman.</SPEAKER><L N="642">Gentyll Knowlege, what do ye it call?</L></SP><SP><SPEAKER>Knowlege.</SPEAKER><L N="643">It is a garment of sorowe;</L><L N="644">Fro payne it wyll you borowe.</L><L N="645">Contrycyon it is</L><L N="646">That getteth forgyuenes;</L><L N="647">He pleaseth God passynge well.</L></SP><SP><SPEAKER>Good Dedes.</SPEAKER><L N="648">Eueryman, wyll you were it for your hele?</L></SP><SP><SPEAKER>Eueryman.</SPEAKER><L N="649">Now blessyde be Iesu, Maryes sone,</L><L N="650">For now haue I on true contrycyon;</L><L N="651">And lette vs go now without taryenge.</L><L N="652">Good Dedes, haue we clere our rekenynge?</L></SP><SP><SPEAKER>Good Dedes.</SPEAKER><L N="653">Ye, in dede, I haue it here. </L></SP><EPB/><PB N="20"/><SP><SPEAKER>Eueryman.</SPEAKER><L N="654">Than I trust we nede not fere.</L><L N="655">Now, frendes, let vs not parte in twayne.</L></SP><SP><SPEAKER>Knowlege.</SPEAKER><L N="656">Nay, Eueryman, that wyll we not, certayne.</L></SP><SP><SPEAKER>Good Dedes.</SPEAKER><L N="657">Yet must thou lede with the</L><L N="658">Thre persones of grete myght.</L></SP><SP><SPEAKER>Eueryman.</SPEAKER><L N="659">Who sholde they be?</L></SP><SP><SPEAKER>Good Dedes.</SPEAKER><L N="660">Dyscrecyon and Strength they hyght,</L><L N="661">And thy Beaute may not abyde behynde.</L></SP><SP><SPEAKER>Knowlege.</SPEAKER><L N="662">Also ye must call to mynde</L><L N="663">Your Fyue Wyttes as for your counseylours.</L></SP><SP><SPEAKER>Good Dedes.</SPEAKER><L N="664">You must haue them redy at all houres.</L></SP><SP><SPEAKER>Eueryman.</SPEAKER><L N="665">Howe shall I gette them hyder?</L></SP><SP><SPEAKER>Knowlege.</SPEAKER><L N="666">You must call them all togyder,</L><L N="667">And they wyll here you in-contynent.</L></SP><SP><SPEAKER>Eueryman.</SPEAKER><L N="668">My frendes, come hyder and be present,</L><L N="669">Dyscrecyon, Strengthe, my Fyue Wyttes, and Beaute.</L></SP></DIV1><DIV1 NODE="Everyman:12" TYPE="french scene" N="13"><HEAD>Scene 13</HEAD><SP><SPEAKER>Beaute.</SPEAKER><L N="670">Here at your wyll we be all redy.</L><L N="671">What wolde ye that we shold do?</L></SP><SP><SPEAKER>Good Dedes.</SPEAKER><L N="672">That ye wolde with Eueryman go,</L><L N="673">And help hym in his pylgrymage.</L><L N="674">Aduyse you / wyll ye with him or not in that vyage?</L></SP><SP><SPEAKER>Strength.</SPEAKER><L N="675">We wyll brynge hym all thyder,</L><L N="676">To his helpe and comforte / ye may byleue me.</L></SP><SP><SPEAKER>Dyscrecion.</SPEAKER><L N="677">So wyll we go with hym all togyder.</L></SP><SP><SPEAKER>Eueryman.</SPEAKER><L N="678">Almyghty God, loued may thou be!</L><L N="679">I gyue the laude that I haue hyder brought</L><L N="680">Strength, Dyscrecyon, Beaute, &amp; V. Wyttes. Lacke I nought.</L><L N="681">And my Good Dedes, with Knowlege clere,</L><L N="682">All be in company at my wyll here.</L><L N="683">I desyre no more to my besynes.</L></SP><SP><SPEAKER>Strengthe.</SPEAKER><L N="684">And I, Strength, wyll gy you stande in dystres,</L><L N="685">Though thou wolde in batayle fyght on the grounde. </L></SP><EPB/><PB N="21"/><SP><SPEAKER>V. Wyttes.</SPEAKER><L N="686">And though it were thrugh the worlde rounde,</L><L N="687">We wyll not departe for swete ne soure.</L></SP><SP><SPEAKER>Beaute.</SPEAKER><L N="688">No more wyll I vnto dethes houre,</L><L N="689">What so euer therof befall.</L></SP><SP><SPEAKER>Dyscrecion.</SPEAKER><L N="690">Eueryman, aduyse you fyrst of all;</L><L N="691">Go with a good aduysement and delyberacyon.</L><L N="692">We all gyue you vertuous monycyon</L><L N="693">That all shall be well.</L></SP><SP><SPEAKER>Eueryman.</SPEAKER><L N="694">My frendes, harken what I wyll tell:</L><L N="695">I praye God rewarde you in his heuenly spere.</L><L N="696">Now herken, all that be here,</L><L N="697">For I wyll make my testament</L><L N="698">Here before you all present:</L><L N="699">In almes / halfe my good I wyll gyue with my handes twayne</L><L N="700">In the way of charyte with good entent,</L><L N="701">And the other halfe styll shall remayne</L><L N="702">In queth, to be retourned there it ought to be.</L><L N="703">This I do in despyte of the fende of hell,</L><L N="704">To go quyte out of his perell</L><L N="705">Euer after and this daye.</L></SP><SP><SPEAKER>Knowlege.</SPEAKER><L N="706">Eueryman, herken what I saye:</L><L N="707">Go to Presthode, I you aduyse,</L><L N="708">And receyue of hym in ony wyse</L><L N="709">The holy sacrament and oyntement togyder.</L><L N="710">Than shortly se ye tourne agayne hyder;</L><L N="711">We wyll all abyde you here.</L></SP><SP><SPEAKER>V. Wwyttes.</SPEAKER><L N="712">Ye, Eueryman, hye you that ye redy were.</L><L N="713">There is no Emperour, Kynge, Duke, ne Baron,</L><L N="714">That of God hath commycyon</L><L N="715">As hath the leest preest in the worlde beynge;</L><L N="716">For of the blessyd sacraments pure and benygne</L><L N="717">He bereth the keyes, and therof hath the cure</L><L N="718">For mannes recempcyon — it is euer sure —</L><L N="719">Whiche God for our soules medycyne  <EPB/><PB N="22"/></L><L N="720">Gaue vs out of his herte with grete pyne.</L><L N="721">Here in this transytory lyfe, for the and me,</L><L N="722">The blessyd sacraments vii. there be:</L><L N="723">Baptym, confyrmacyon, with preesthode good,</L><L N="724">And the sacrament of Goddes precyous flesshe &amp; blod,</L><L N="725">Maryage, the holy extreme vnccyon, and penaunce.</L><L N="726">These seuen be good to haue in remembraunce,</L><L N="727">Gracyous sacraments of hye deuynyte.</L></SP><SP><SPEAKER>Eueryman.</SPEAKER><L N="728">Fayne wolde I receyue that holy body,</L><L N="729">And mekely to my ghostly fader I wyll go.</L></SP><SP><SPEAKER>V. Wyttes.</SPEAKER><L N="730">Eueryman, that is the best that ye can do.</L><L N="731">God wyll you to saluacyon brynge,</L><L N="732">For preesthode excedeth all other thynge:</L><L N="733">To vs holy scrypture they do teche,</L><L N="734">And conuerteth man fro synne, heuen to reche;</L><L N="735">God hath to them more power gyuen</L><L N="736">Than to ony aungell that is in heuen.</L><L N="737">With v. wordes he may consecrate,</L><L N="738">Goddes body in flesshe and blode to make,</L><L N="739">And handeleth his Maker bytwene his handes.</L><L N="740">The preest byndeth and vnbyndeth all bandes,</L><L N="741">Bothe in erthe and in heuen.</L><L N="742">Thou mynystres all the sacramentes seuen;</L><L N="743">Though we kysse thy fete, thou were worthy.</L><L N="744">Thou arte surgyon that cureth synne deedly;</L><L N="745">No remedy we fynde vnder God</L><L N="746">But all onely preesthode.</L><L N="747">Eueryman, God gaue preest that dygnyte,</L><L N="748">And setteth them in his stede amonge vs to be;</L><L N="749">Thus be they aboue aungelles in degree.</L></SP><SP><SPEAKER>Knowlege.</SPEAKER><L N="750">If preestes be good, it is so, suerly.</L><L N="751">But whan Iesu hanged on the crosse with grete smarte,</L><L N="752">There he gaue out of his blessyd herte</L><L N="753">The seuen sacraments in grete tourment;  <EPB/><PB N="23"/></L><L N="754">He solde them not to vs, that Lorde omnypotent.</L><L N="755">Therfore Saynt Peter the apostell dothe saye</L><L N="756">That Iesus curse hath all they</L><L N="757">Whiche God theyr Sauyour do by or sell,</L><L N="758">Or they for ony money do take or tell.</L><L N="759">Synfull preestes gyueth the synners example bad:</L><L N="760">Theyr chyldren sytteth by other mennes fyres, I haue harde;</L><L N="761">And some haunteth womens company</L><L N="762">With vnclene lyfe, as lustes of lechery.</L><L N="763">These be with synne made blynde.</L></SP><SP><SPEAKER>V. Wyttes.</SPEAKER><L N="764">I trust to God no suche may we fynde;</L><L N="765">Therfore let vs preesthode honour,</L><L N="766">And folowe theyr doctryne for our soules socoure.</L><L N="767">We be theyr shepe, and they shepeherdes be</L><L N="768">By whome we all be kepte in suerte.</L><L N="769">Peas! For yonder I se Eueryman come,</L><L N="770">Which hath made true satysfaccyon.</L></SP><SP><SPEAKER>Good Dedes.</SPEAKER><L N="771">Me thyhnke it is he in ded.</L></SP><SP><SPEAKER>Eueryman.</SPEAKER><L N="772">Now Iesu be your alder spede!</L><L N="773">I haue receyued the sacrament for my redempycon,</L><L N="774">And than myne extreme vnccyon.</L><L N="775">Blessyd be all they that counseyled me to take it!</L><L N="776">And now, frendes, let vs go with-out longer respyte.</L><L N="777">I thanke God that ye haue taryed so longe.</L><L N="778">Now set eche of you on this rodde your honde,</L><L N="779">And shortely folowe me.</L><L N="780">I go before there I wolde be. God be our gyde!</L></SP><SP><SPEAKER>Strength.</SPEAKER><L N="781">Eueryman, we wyll not fro you go</L><L N="782">Tyll ye haue done this vyage longe.</L></SP><SP><SPEAKER>Dyscrecion.</SPEAKER><L N="783">I, Dyscrecyon, wyll byde by you also.</L></SP><SP><SPEAKER>Knowlege.</SPEAKER><L N="784">And though this pylgrymage be neuer so stronge,</L><L N="785">I wyll neuer parte you fro.</L></SP><SP><SPEAKER>Strength.</SPEAKER><L N="786">Eueryman, I wyll be as sure by the</L><L N="787">As euer I dyde by Iudas Machabee.</L></SP><SP><SPEAKER>Eueryman.</SPEAKER><L N="788">Alas, I am so faynt I may not stande; </L><EPB/><PB N="24"/><L N="789">My lymmes vnder me do folde.</L><L N="790">Frendes, let vs not tourne agayne to this lande,</L><L N="791">Not for all the worldes golde;</L><L N="792">For in to this caue must I crepe</L><L N="793">And tourne to erth, and there to slepe.</L></SP><SP><SPEAKER>Beaute.</SPEAKER><L N="794">What, in to this graue? Alas!</L></SP><SP><SPEAKER>Eueryman.</SPEAKER><L N="795">Ye, there shall ye consume, more and lesse.  <MILESTONE N="C.ii" UNIT="signature"/></L></SP><SP><SPEAKER>Beaute.</SPEAKER><L N="796">And what, sholde I smoder here?</L></SP><SP><SPEAKER>Eueryman.</SPEAKER><L N="797">Ye, by my fayth, and neuer more appere.</L><L N="798">In this worlde lyue no more we shall,</L><L N="799">But in heuen before the hyest Lorde of all.</L></SP><SP><SPEAKER>Beaute.</SPEAKER><L N="800">I crosse out all this. / Adewe, by Saynt Iohan!</L><L N="801">I take my tappe in my lappe and am gone.</L></SP><SP><SPEAKER>Eueryman.</SPEAKER><L N="802">What, Beaute, whyder wyll ye?</L></SP><SP><SPEAKER>Beaute.</SPEAKER><L N="803">Peas! I am defe. I loke not behynde me,</L><L N="804">Not &amp; thou wolde gyue me all the golde in thy chest.</L></SP></DIV1><DIV1 NODE="Everyman:13" TYPE="french scene" N="14"><HEAD>Scene 14</HEAD><SP><SPEAKER>Eueryman.</SPEAKER><L N="805">Alas, wherto may I truste?</L><L N="806">Beaute gothe fast awaye fro me.</L><L N="807">She promysed with me to lyue and dye.</L></SP><SP><SPEAKER>Strength.</SPEAKER><L N="808">Eueryman, I wyll the also forsake and denye;</L><L N="809">Thy game lyketh me not at all.</L></SP><SP><SPEAKER>Eueryman.</SPEAKER><L N="810">Why, than, ye wyll forsake me all?</L><L N="811">Swete Strength, tary a lyttel space.</L></SP><SP><SPEAKER>Strengthe.</SPEAKER><L N="812">Nay, syr, by the rode of grace!</L><L N="813">I wyll hye me from the fast,</L><L N="814">Though thou wepe to thy herte to-brast.</L></SP><SP><SPEAKER>Eueryman.</SPEAKER><L N="815">Ye wolde euer byde by me, ye sayd.</L></SP><SP><SPEAKER>Strength.</SPEAKER><L N="816">Ye, I haue you ferre ynoughe conueyde.</L><L N="817">Ye be olde ynoughe, I vnderstande,</L><L N="818">Your pylgrymage to take on hande.</L><L N="819">I repent me that I hyder came.</L></SP><SP><SPEAKER>Eueryman.</SPEAKER><L N="820">Strength, you to dysplease I am to blame. </L><EPB/><PB N="25"/><L N="821">Wyll ye breke promyse that is dette?</L></SP><SP><SPEAKER>Strength.</SPEAKER><L N="822">In fayth, I care not.</L><L N="823">Thou arte but a foole to complayne;</L><L N="824">You spend your speche and wast your brayne.</L><L N="825">Go thryst the in to the grounde.</L></SP></DIV1><DIV1 NODE="Everyman:14" TYPE="french scene" N="15"><HEAD>Scene 15</HEAD><SP><SPEAKER>Everyman.</SPEAKER><L N="826">I had wende surer I sholde you haue founde.</L><L N="827">He that trusteth in his Strength,</L><L N="828">She hym deceyueth at the length.</L><L N="829">Bothe Strength and Beaute forsaketh me;</L><L N="830">Yet they promysed me fayre and louyngly.</L></SP><SP><SPEAKER>Dyscrecion.</SPEAKER><L N="831">Eueryman, I wyll after Strength be gone.</L><L N="832">As for me, I wyll leue you alone.</L></SP><SP><SPEAKER>Eueryman.</SPEAKER><L N="833">Why, Dyscrecyon, wyll ye forsake me?</L></SP><SP><SPEAKER>Dyscrecion.</SPEAKER><L N="834">Ye, in faytyh, I wyll go fro the,</L><L N="835">For whan Strength goth before</L><L N="836">I folowe after euer more.</L></SP><SP><SPEAKER>Eueryman.</SPEAKER><L N="837">Yet, I pray the, for the loue of the Trynyte,</L><L N="838">Loke in my graue ones pyteously.</L></SP><SP><SPEAKER>Dyscrecion.</SPEAKER><L N="839">Nay, so nye wyll I not come.</L><L N="840">Fare well, euerychone!</L></SP></DIV1><DIV1 NODE="Everyman:15" TYPE="french scene" N="16"><HEAD>Scene 16</HEAD><SP><SPEAKER>Eueryman.</SPEAKER><L N="841">O, all thynge fayleth, saue God alone —</L><L N="842">Beaute, Strength, and Dyscrecyon;</L><L N="843">For whan Deth bloweth his blast,</L><L N="844">They all renne fro me full fast.</L></SP><SP><SPEAKER>V. Wyttes.</SPEAKER><L N="845">Eueryman, my leue now of the I take.</L><L N="846">I wyll folowe the other, for here I the forsake.</L></SP><SP><SPEAKER>Eueryman.</SPEAKER><L N="847">Alas, than may I wayle and wepe,</L><L N="848">For I toke you for my best frende.</L></SP><SP><SPEAKER>V. Wyttes.</SPEAKER><L N="849">I wyll no lenger the kepe.</L><L N="850">Now fare well, and there an ende.</L></SP></DIV1><DIV1 NODE="Everyman:16" TYPE="french scene" N="17"><HEAD>Scene 17</HEAD><SP><SPEAKER>Eueryman.</SPEAKER><L N="851">O Iesu, helpe! All hath forsaken me.</L></SP><SP><SPEAKER>Good Dedes.</SPEAKER><L N="852">Nay, Eueryman, I wyll byde with the.</L><L N="853">I wyll not forsake the in dede;</L><L N="854">Thou shalte fynde me a good frende at nede.</L></SP><SP><SPEAKER>Eueryman.</SPEAKER><L N="855">Gramercy, Good Dedes! Now may I true frendes se. </L><EPB/><PB N="26"/><L N="856">They haue forsaken me, euerychone;</L><L N="857">I loued them better than my Good Dedes alone.</L><L N="858">Knowlege, wyll ye forsake me also?</L></SP><SP><SPEAKER>Knowlege.</SPEAKER><L N="859">Ye, Eueryman, whan ye to Deth shall go;  <MILESTONE N="C.iii" UNIT="signature"/></L><L N="860">But not yet, for no maner of daunger.</L></SP><SP><SPEAKER>Everyman.</SPEAKER><L N="861"> Gramercy, Knowlege, with all my herte.</L></SP><SP><SPEAKER>Knowlege.</SPEAKER><L N="862">Nay, yet I wyll not from hens departe</L><L N="863">Tyll I se where ye shall be-come.</L></SP><SP><SPEAKER>Eueryman.</SPEAKER><L N="864">Me thynke, alas, that I must be gone</L><L N="865">To make my rekenynge and my dettes paye,</L><L N="866">For I se my tyme is nye spent awaye.</L><L N="867">Take example, all ye that this do here or se,</L><L N="868">How they that I loued best do forsake me,</L><L N="869">Except my Good Dedes that bydeth truely.</L></SP><SP><SPEAKER>Good Dedes.</SPEAKER><L N="870">All erthly thynges is but vanyte:</L><L N="871">Beaute, Strength / and Dyscrecyon do man forsake,</L><L N="872">Folysshe frendes and kynnesmen that fayre spake —</L><L N="873">All fleeth saue Good Dedes, and that am I.</L></SP><SP><SPEAKER>Eueryman.</SPEAKER><L N="874">Haue mercy on me, God moost myghty,</L><L N="875">And stande by me, thou moder &amp; mayde, Holy Mary!</L></SP><SP><SPEAKER>Good Dedes.</SPEAKER><L N="876">Fere not; I wyll speke for the.</L></SP><SP><SPEAKER>Eueryman.</SPEAKER><L N="877">Here I crye God mercy.</L></SP><SP><SPEAKER>Good Dedes.</SPEAKER><L N="878">Shorte our ende and mynysshe our payne;</L><L N="879">Let vs go and neuer come agayne.</L></SP><SP><SPEAKER>Eueryman.</SPEAKER><L N="880">In to thy handes, Lorde, my soule I commende;</L><L N="881">Receyue it, Lorde, that it be not lost.</L><L N="882">As thou me boughtest, so me defende,</L><L N="883">And saue me from the fendes boost,</L><L N="884">That I may appere with that blessyd hoost</L><L N="885">That shall be saued at the day of dome.</L><L N="886"><FOREIGN> <HI1 REND="i">In manus tuas</HI1></FOREIGN>, of myghtes moost</L><L N="887">For euer,   <FOREIGN> <HI1 REND="i">Commendo spiritum meum.</HI1></FOREIGN></L></SP><SP><SPEAKER>Knowlege.</SPEAKER><L N="888">Now hath he suffred that we all shall endure;</L><L N="889">The Good Dedes shall make all sure. </L><EPB/><PB N="27"/><L N="890">Now hath he made endynge;</L><L N="891">Me thynketh that I here aungelles synge</L><L N="892">And make grete ioy and melody</L><L N="893">Where Euerymannes soule receyued shall be.</L></SP></DIV1><DIV1 NODE="Everyman:17" TYPE="french scene" N="18"><HEAD>Scene 18</HEAD><SP><SPEAKER>The Aungell.</SPEAKER><L N="894">Come, excellente electe spouse, to Iesu!</L><L N="895">Here aboue thou shalte go</L><L N="896">Bycause of thy synguler vertue.</L><L N="897">Now thy soule is taken thy body fro,</L><L N="898">Thy rekenynge is crystall-clere.</L><L N="899">Now shalte thou in to the heuenly spere,</L><L N="900">Vnto the whiche all ye shall come</L><L N="901">That lyueth well before the daye of dome.</L></SP></DIV1><DIV1 NODE="Everyman:18" TYPE="french scene" N="19"><HEAD>Scene 19</HEAD><SP><SPEAKER>Doctour.</SPEAKER><L N="902">This morall men may haue in mynde.</L><L N="903">Ye herers, take it of worth, olde and yonge,</L><L N="904">And forsake Pryde, for he deceyueth you in the ende;</L><L N="905">And remembre Beaute, V. Wyttes, Strength, &amp; Dyscrecyon,</L><L N="906">They all at the last do Eueryman forsake,</L><L N="907">Saue his Good Dedes there dothe he take.</L><L N="908">But be-ware, for and they be small,</L><L N="909">Before God he hath no helpe at all:</L><L N="910">None excuse may be there for Eueryman.</L><L N="911">Alas, how shall he do than?</L><L N="912">For after dethe amendes may no man make,</L><L N="913">For than mercy and pyte doth hym forsake.</L><L N="914">If his rekenynge be not clere whan he doth come,</L><L N="915">God wyll saye,   <FOREIGN> <HI1 REND="i">'Ite, maledicti, in ignem eternum.'</HI1></FOREIGN></L><L N="916">And he that hath his accounte hole and sounde,</L><L N="917">Hye in heuen he shall be crounde.</L><L N="918">Vnto which place God brynge vs all thyder,</L><L N="919">That we may lyue body and soule togyder.  <EPB/><PB N="28"/></L><L N="920">Therto helpe the Trynyte!</L><L N="921">Amen, saye ye, for saynt charyte.</L></SP><CLOSER>FINIS. <LB/><HI1>Thus endeth this morall playe of Eueryman. <LB/>Imprynted at London in Poules<LB/> chyrche yarde by me<LB/> Iohan Skot.</HI1></CLOSER></DIV1></BODY><EPB/></TEXT></DLPSTEXTCLASS>
