<?xml version="1.0" encoding="utf-8"?>
<!DOCTYPE ETS SYSTEM "http://www.textcreationpartnership.org/docs/code/eebo2prf.xml.dtd">
<ETS>
<TEMPHEAD>
<REVDESCR>
<CHANGE><DATE>6-16-16</DATE><RESPSTMT><NAME>lattaj</NAME><RESP>MURP</RESP></RESPSTMT><ITEM>Added TEMPHEAD, checked ID, and added TYPEs to DIVs in order to validate. Checked for N=""s. Checked for GROUP tags. Proofed title; changed sub HEAD to HEADNOTE P; changed P to HEADNOTE P. Checked <SUP>s</SUP>. Reviewed structure; added MILESTONEs for "f." numbers; changed some non-hyphen pipes to |s. Checked placement and completeness of PBs. Checked for damage GAPs, #s, @s, --s, and UNCLEARs. Corrected [dollar]s. Checked for &amp;cs with incorrect spacing. Checked for LBs. Checked for startqs and endqs, abq's, oes, qs, Ae's, and Qs. Checked proofsheets and made corrections. Checked italic I / J and U / V. Checked for missing page GAPs. Checked for EPIGRAPHs and ARGUMENTS. Checked CLOSERs, OPENERs, SIGNEDs, SALUTEs, TRAILERs, BYLINEs. Checked decorated initials. Checked FIGUREs. Sample: 2 minutes. Proofing: 0 minutes. Tag review and corrections: 50 minutes. DONE.</ITEM></CHANGE>
</REVDESCR>
</TEMPHEAD>
<EEBO>
<IDG S="marc" R="UM" ID="CME00014">
<STC T="M">14</STC>
<BIBNO T="mec">CME00014</BIBNO>
<VID>CME00014</VID>
</IDG>
<TEXT LANG="enm">
<BODY>
<DIV1 TYPE="treatise">
<PB N="277" REF="1"/>
<HEAD>RATHSCHLÄGE FÜR EINE ORIENTREISE.</HEAD>
<HEADNOTE><P>(Aus MS. Cotton Append. VIII, f. 108 ff.)</P></HEADNOTE>
<HEADNOTE><P>(Anfang scheint zu fehlen.)</P></HEADNOTE>
<P>Furst to Caleys and through Flaundres, Almayne the hye and the lowe; softe and of faire speche atte alle tymes; for meny ben rude and so<HI REND="italic">m</HI>me right malyciouse and full of debate.</P>
<P>Item, be not to large of despences for yo<HI REND="italic">ur</HI>-self nor none other<HI REND="italic">e</HI> of youres,
<PB N="278" REF="2"/>
ne to oponly chepyng thynges of hye pris, for drede of suche aspies as ben in meny places and comen<HI REND="italic">e</HI> to Venyse-ward and suche other townes fro meny Countreis.</P>
<P>Item, be well avised atte Brigges in the feliship<HI REND="italic">e</HI> of suche as maken<HI REND="italic">e</HI> yo<HI REND="italic">ur</HI> exchaunde of the moste sure weyes from towne to towne: of the whiche ther ben ofte diu<HI REND="italic">er</HI>se, and oon better<HI REND="italic">e</HI> thenne a nother, be-cause of werre and other mysdoers for the tyme.</P>
<P>Item, lete no man knowe which<HI REND="italic">e</HI> wey ye woll to, but sette ye theron<HI REND="italic">e</HI> youre∣self, in eschewyng of suche fore-goers as myght hynder you and youres.</P>
<P>Item, who-so woll ride faste and with-oute hevy cariage, good were to fynde atte Brigges suche a scarceler <NOTE N="1)" PLACE="foot">Vom frz. escarcelle.</NOTE> as bereth m<HI REND="italic">ar</HI>chauntes l<HI REND="italic">ett</HI>res: whiche will fayne ride with men for fyndyng of hym and his hors, wt-oute eny other wages.</P>
<P>Item, or yef ye woll not so, but ride softe, suche a nother may be founde for litell good as can alle the weyes be nyght and day as well as the host<HI REND="italic">er</HI>ries and hostellers with ther<HI REND="italic">e</HI> diu<HI REND="italic">er</HI>se maners:</P>
<P>The whiche were moste plesaunte, surest and the beste: for thenne may ye ride fast or softe, erly or late, and the more previly, with-oute moche askyng after youre weyes, logyngge places, or eny other thyng that ye liste.</P>
<P>Neu<HI REND="italic">er</HI>e-the-lees suche a scarceler<HI REND="italic">e</HI> wold be knowe atte Brigges be the avys of the feliship<HI REND="italic">e</HI> of suche as maken<HI REND="italic">e</HI> youre exchaunde, for suffisaunte and abidyng with-ynne Brigges, and that he were sadde, secrete and wyse, and therwith nought dronklewe nor in no wyse rechelesse.</P>
<P>For with suche one with avyse of youre men ye may be avysed whether hit be beste that youre ostes ordeyne for youre mete and drynke or elles yo<HI REND="italic">ur</HI> one officers.</P>
<P>The ostes ben more spedefull in yo<HI REND="italic">ur</HI> iourney, but not so elenly ne ple∣saunte, and the same as is aforseid, be whiche wey that eu<HI REND="italic">er</HI>e ye take furst yo<HI REND="italic">ur</HI> passage be lande.</P>
<P>The seid scarceler<HI REND="italic">e</HI> may go the better chepe for the s<HI REND="italic">er</HI>uice that he may have homward ageyne with m<HI REND="italic">ar</HI>chauntes l<HI REND="italic">ett</HI>res.</P>
<P>But yo<HI REND="italic">ur</HI> officers moste be war and wyse, for the scarcellers and the ostellers <MILESTONE UNIT="f." N="109"/> pleyen<HI REND="italic">e</HI> ofte be oon assent and make you paye his costes homward.</P>
<P>Wherfore, or men herberowe, men moste be atte certein for hey and p<HI REND="italic">ro</HI>∣vender as well as for their one paste, and hit may be goodly brought aboute.</P>
<P>Item, men moste be war in Flaundres and alle the lowe lande, to go, ne suffre to go, aboute the walles ne dyches therof atte no tyme.</P>
<P>Atte Pado, Trevise and Verone is good abidyng, yef a man woll soiourne or abyde til his passage were redy, as atte the Freres or sum other hired hous, yef hit myght be g(ot) <NOTE N="2)" PLACE="foot">Der rand ist zu eng abgeschnitten, es fehlen daher öfter einzelne buch∣staben und worte.</NOTE>—for atte the ostries hit wold be ou<HI REND="italic">er</HI>e-hevye and costlewe, were hit at Venyse or els-whe(re).</P>
<P>The abidyng atte Venyse in wynter is goodly, havyng licence of the lord∣ship<HI REND="italic">e</HI> to be log(ed) oute of the ostries, as atte Seint George or atte sum other Religeous hous.</P>
<P>And ther men may geder suche stuffe to-geder as nedeth for the passage,
<PB N="279" REF="3"/>
be hit in ship<HI REND="italic">e</HI> or in galey, ayenst Septembre, the whiche is the beste tyme of alle the yere to go into the hote Countres-warde.</P>
<P>For ayenst Marche is no good passage for you, be-cause of somer that hit is ynne, and groweth so faste next after in the p<HI REND="italic">ar</HI>ties of Egipte the whiche ye desire to goo.</P>
<P>In Ytaile and alle his p<HI REND="italic">ar</HI>ties is grete hete in the seid moneth of Marche, and sone after suche a-boundance of frute as were not good for none englissh man sodenly comyng ther atte that tyme of the yere, but yef he were well aged and coude kepe hym the better.</P>
<P>Comyng atte the begynnyng of Septembre to Venyse, good and sesonable passage may not faille, with the galeis of Alexandr<HI REND="italic">e,</HI> or with sum good newe caryke, in the whiche men myght be atte more ese and atte lesse coste thenne ynne a galie, but not so (sure).</P>
<P>Be not the bolder though some goo and come savely the seid grete hetes not-withstandy(ng). Good l<HI REND="italic">ett</HI>res of recomendacion<HI REND="italic">e</HI> fro the Duke of the lord∣ship<HI REND="italic">e</HI> of Venyse to their counseill in Egypte and Surr<HI REND="italic">e</HI> weren<HI REND="italic">e</HI> good to be hadde. Atte Alexandre men moste paie the gret(e) tribute, for eu<HI REND="italic">er</HI>y man so moche, that is to sey VII or VIII ducates, ou<HI REND="italic">er</HI>e alle other smale tributes that men moste paye fro theyns forward—but the grete tribute is no more.</P>
<P>The counseill aforseid can counseill you toward the amerell drugemen and suche oth(er) as ye moste have to do with, the whiles ye ben in that lande.</P>
<P>Fro Alexandre to Keyre is be lande III dayes iourney, and be water more, but yef men have the better wynde; neu<HI REND="italic">er</HI>e-the-lees hit is the more plesaunte and light fare, for therforth men may se bothe water and lande, with strange thynges of bothe.</P>
<P>Do you to have a good Germe <NOTE N="1)" PLACE="foot">l. terme?</NOTE> with conyng maryners or as meny as ye neden<HI REND="italic">e,</HI> for ye shall fynde bothe more and lesse.</P>
<P>Be warre atte Venyse and atte alle suche other places as ye fynden<HI REND="italic">e</HI> eny p<HI REND="italic">re</HI>ciouse stones, Jewelles or Relikes ynne; for meny that ben right slye, will be right besy to disseyve you and youres.</P>
<P>A galeye of pilgrymes goth eu<HI REND="italic">er</HI>e to J<HI REND="italic">e</HI>r<HI REND="italic">usa</HI>l<HI REND="italic">e</HI>m in Marche, full stuffed with peple, that the eyre therynne waxeth sone cont<HI REND="italic">ra</HI>riouse and groweth alle-wey fro evill into wers for that viage, thorough thencresse of somer and the multitude of the peple: wherfore kepe you ther-fro bothe outeward and homward.</P>
<P>And triste in the goyng atte Septembre, be hit to Alexandre or to J<HI REND="italic">e</HI>r<HI REND="italic">usa</HI>l<HI REND="italic">e</HI>m; for thenne the ferther<HI REND="italic">e</HI> men go the fressher<HI REND="italic">e</HI> hit wexeth, as well outeward as homward, and alle vitailles, frutes, wyn and els the more resonable.</P>
<P>Good were to have fro Venyse be comaundement and orden<HI REND="italic">a</HI>nce of the lordship<HI REND="italic">e</HI> sum faire faryng man that cowde good Lumbard, Greke, Sarasyne and Turkesse and had ben vsed to go with lordes and pilgrymes into thos p<HI REND="italic">ar</HI>ties aforseid; for he with a s<HI REND="italic">er</HI>u<HI REND="italic">a</HI>nt of youres myght do youre thynges prevely and apert to you(r) right grete ese; and of suche be ther<HI REND="italic">e</HI> eu<HI REND="italic">er</HI>e atte Venyse.</P>
<P>Meny temptaciou<HI REND="italic">n</HI>s be ther ofte seen to make a worthy man to falle, yef he medle moche hym-self and goth oute abrode; and yet hit is good that a man se eu<HI REND="italic">er</HI>e wysely to hymself and alle that he hath to do or that he putte eny man to werk.</P>
<P>Thinketh on the m<HI REND="italic">ar</HI>chaunt and tho III thynges that he moste have, þe whiche y told you.</P>
<P><PB N="280" REF="4"/>
Item: wher that eu<HI REND="italic">er</HI>e ye be in the p<HI REND="italic">ar</HI>ties of Itaile, Egipte or elles-wher in somer, kepe you in the shadowe or vnder cou<HI REND="italic">er</HI>t, so that ye have alle-weye sumwhat betwene the sonne and you; and kepe you that the eire of the nyght touche you not naked.</P>
<P>The vsaunce of the hote landes is to ride be nyght, and not be day, dur∣yng the hete of the somer, for thenne the sonne dereth not, be the nyght neu<HI REND="italic">er</HI>e so hote.</P>
<P>Be be-tyme atte yo<HI REND="italic">ur</HI> amoderate dyner, or the sonne come and enfeble yo<HI REND="italic">ur</HI> stomakes and put a-wey your apitite; and soupe not vnto the hete be passed, and drynke not betwene meles, but yef suche thurst take you, that ye may not putte hit a-wey with other smale refresshynges in the mouthe.</P>
<P><MILESTONE UNIT="f." N="110"/> Do faire fere with youre-self and alle youres: for englissh men have but litell love in meny p<HI REND="italic">ar</HI>ties, but yef hit be for their money or the better of gou<HI REND="italic">er</HI>∣nance.</P>
<P>Item, do stuffe you of suche beddyng as woll be founde atte Venyse, bothe for ship<HI REND="italic">e</HI> and galeye, with a pailet of esement cou<HI REND="italic">er</HI>ed as well as vr(i)nalles cased.</P>
<P>Item, in a ship<HI REND="italic">e</HI> is grete space and ese, yef he be newe, large and a good sailler; but the galye is the more sure and derrer<HI REND="italic">e</HI> and of the wers eire.</P>
<P>Item, in a ship<HI REND="italic">e</HI> men may esely ordeyne for hem-self and their table with wode and water that men shull have of the patron<HI REND="italic">e;</HI> but in a galeye he moste paie for his borde, ou<HI REND="italic">er</HI>e the mete and drynke that men moste ordeyne beside.</P>
<P>Wherfore do ordeyne you a cage atte Venyse, and the place therof be or∣deigned atte the fowgon<HI REND="italic">e</HI> <NOTE N="1)" PLACE="foot">frz. fougon.</NOTE> of the kechen<HI REND="italic">e,</HI> for lx pullen<HI REND="italic">e,</HI> of the whiche ye may fynde good chepe atte alle tymes be the weye.</P>
<P>Item barelles for water and suche wyne as shall like you best, y-founde atte Venyse; with the whiche drynke alle-wey sum good water, and begynne atte Trymhyn(!) and put youre water therynne; the water of sisternes is byndyng and the tother<HI REND="italic">e</HI> laxatif.</P>
<P>The wynes of Candie, Rodes, Cipre, Cicilie and of Spayne moste have more water thenne eny of the tother, and after that a man is of age and complexc<HI REND="italic">i</HI>on; the yonge man the more water, yef he be hye of blode.</P>
<P>Do youre one men to fecche and chese youre water in eu<HI REND="italic">er</HI>y place; for the maryners fecchen<HI REND="italic">e</HI> for the patrone eu<HI REND="italic">er</HI>e of the next, be hit neu<HI REND="italic">er</HI>e so vnholsome.</P>
<P>Moche evill water shall ye fynde: whiche do sethe and scomme hit, and that hit be cold, or that ye drynke hit, be hit on londe or in the see, wher water will sone <NOTE N="2)" PLACE="foot">MS. some st. sone.</NOTE> stynke and wex full of wormes.</P>
<P>Do purvey you in eu<HI REND="italic">er</HI>y place of fressh brede and erbage, pulleyne and fressh egges; for the patrone woll make short acates and of the werst, alle-though ye be with hym atte youre grete costes and expenses dayly.</P>
<P>Yef ye be costif, vse fressh brede and good broth of pullaille alle-wey, in eschewyng of the nede that ye mote have of other<HI REND="italic">e</HI> more violent medicynes.</P>
<P>Spinage, betis, mercurie, malowes, borage, violettes and suche other laxatif erbes wolden<HI REND="italic">e</HI> be vsed eu<HI REND="italic">er</HI>e-amonge for the same cause.</P>
<P>Do gete you a glistiarie purce, with the whiche, and the broth of good fatte boef or a fatte capon<HI REND="italic">e</HI> or a shepes hede, alle to-soden<HI REND="italic">e</HI> the wolle and alle,
<PB N="281" REF="5"/>
and thenne streyne hit thorough a streyno<HI REND="italic">ur,</HI> bene esy glistiar<HI REND="italic">e</HI> and not herfull, whenne broth and erbage woll not s<HI REND="italic">er</HI>ue.</P>
<P>Neu<HI REND="italic">er</HI>e-the-lees yet woll suppostes <NOTE N="1)" PLACE="foot">= frz. suppositoire.</NOTE> go afore glistiaries for the more esy medicyne: whiche may be made like a manes fynger of white sope or of a faire talough-candell ende or of calstock pared of the rynde and anoynted with oyle dolyve <NOTE N="2)" PLACE="foot">= d'olyve.</NOTE>.</P>
<P>Other suppostes may be ther y-founde amonge the grocers be advise of a fesissian. Costyvenes is not so p<HI REND="italic">er</HI>ilous as is the ourreus: wherfore do purvey you ayenst bothe be the counseill of a good fisician<HI REND="italic">e.</HI></P>
<P>With Gera pigra, Castafistola, bran<HI REND="italic">e</HI> an handfull, salt a spon<HI REND="italic">e</HI>full put in water<HI REND="italic">e,</HI> where betes, malowes and blanoursyn, violettes, sede of fenell and anneys for the wynde have ben soden<HI REND="italic">e</HI> ynne, is the strengest of alle that is aforeseid.</P>
<P>Take no medycines be the mouthe in wynter ne somer, the whiles that broth and erbage may s<HI REND="italic">er</HI>ue, and figes grene and drye in wynter-tyme; in the whiche ye may well ete grapes; but yef ye drynke, hit moste be water after the grapes.</P>
<P>Of lyght medicynes be mouthe with-oute-warde take codenyate laxative, and another that is byndyng, in the morne erly; and ete not ne drynke a good while after.</P>
<P>Pynealby saunȝ-garde, of the whiche ther<HI REND="italic">e</HI> ben diu<HI REND="italic">er</HI>s, and after a manes compleccion<HI REND="italic">e</HI> and the counseill of the leche: whiche may well be taken<HI REND="italic">e</HI> erly and late by odde, and after as a man feleth the worchyng to his pleaser<HI REND="italic">e.</HI></P>
<P>Alloye is good medicyne and laxatife with-oute-warde, | and is made as a good fesician<HI REND="italic">e</HI> can devyse. | and a pece of good rebarbe the quantite of a grote is sette alle nyght in a pece with water: the whiche rebarbe maketh an esy laxa∣tife, and moste be dronken<HI REND="italic">e</HI> erly be the morne fastyng, and the rebarbe caste awey.</P>
<P>Meny other strenger medicynes ther ben<HI REND="italic">e,</HI> the whiche langen<HI REND="italic">e</HI> to hye fesike and a manes p<HI REND="italic">er</HI>sone, yef he kepe hit not contynuelly with medicynes aforseid in good estate.</P>
<P>Yef a man be ou<HI REND="italic">er</HI>e-lax<HI REND="italic">atif</HI> <NOTE N="3)" PLACE="foot">MS. lax'.</NOTE>, he moste kepe hym frome hem alle the seid laxatives with bisquyte, rede wyn, rosted metes, potage of rys made with alman∣des, and suche other metes and drynkes byndyng, that he be not to sodenly restreyned.</P>
<P>Item, do gete you ayenst hete sum fyne sugre roset in burneys or in close bagges of lether<HI REND="italic">e,</HI> a busshell of clene barly for tysayne, with half a busshell of orgeate, and pyneȝattes of erthe to make youre mete ynne; and sethe your tysayne therynne, with a litell lycorise, to make hit the more lustye to drynke.</P>
<P>Item, forgete not to have gourdes y-comfete, whiche ben good and fressh ayenst the hete. Almandes, bothe bitter and swete, ben byndyng, egges rosted is byndyng, and so is venegre ete furst and laste is lowsyng.</P>
<P>Yef eny hete take you, be war of alle-man<HI REND="italic">er</HI>e wyn; and whenne ye may not be put fro drynke, with sugre of Candye, prunes of Damask and suche other ordeyne therfore; take to youre tysayne as moderately as ye may.</P>
<P>As of peres, apples, anneys, coliau<HI REND="italic">n</HI>dre and suche other comfytes, the further ye gon<HI REND="italic">e</HI> the better shall ye fynde, as well as grene gynger<HI REND="italic">e.</HI></P>
<P><PB N="282" REF="6"/>
Do alle youre men be war of the furst frutes and wyne, the whiche be right lustye atte the begynnyng and hynderyng to mennes hele; and so is a thyng called bassysike.</P>
<P>Spede yo<HI REND="italic">ur</HI> viage alle that ye may to-ward Barwte, and suche sure passage, that ye dwelle not to longe in Cipre, where y knowe nother good eyre ne water, and namely in so(mer).</P>
<P>North-Est fro Barewte is Damask, where the Venisyantȝ have their<HI REND="italic">e</HI> counseill and lygers as well as in other grete places of marchandise of the see-costes ther<HI REND="italic">e.</HI></P>
<P>The seid Damask is a faire cite and a place of good eire, and meny so∣till and p<HI REND="italic">re</HI>cious thynges be wrought therynne; | and so is Aleppe more toward Turkey a nother, where þe Cadies dwellyng is, the whiche is chief of Mamentes lawe, &amp; a gret lord is.</P>
<P>And ther-after is Antyoche and Armonie the lesse, and thenne Turkey, levyng the wey of Perce and Armonie the more on the right hand to Lataney∣warde, a lordship<HI REND="italic">e</HI> of Venyse and a grete m<HI REND="italic">ar</HI>chandise.</P>
<P>But be that wey full of smale lordshipes and suspeccion<HI REND="italic">e</HI> may no man of thrifte well passe, but yef he were dissymelede, well langaged and in good feliship<HI REND="italic">e</HI> of suche as weren<HI REND="italic">e</HI> well acquaynted with m<HI REND="italic">ar</HI>chandes and pilgrymes of the seid Latanaye in the Countre of Tartarie or in the Countre nyghe aboute, or elles a boy of carvan, that coude dryve a camell, mule or asse.</P>
<P>Fro Antyoche even west to Costantyne-noble-ward is but oon lord and oon lordship<HI REND="italic">e,</HI> to the whiche alle the grete ben obeissante, and may be passed, as y have seide you, with grete trauaill and peyne.</P>
<P>Wherfore amonge meny other thynges that myght be-falle, spede you to Rodes-ward, wher is good aire and feliship<HI REND="italic">e</HI> of Ingeland as well as of alle other landes cristen; and ther shall ye be in good place of counseill, whether<HI REND="italic">e</HI> that ye woll into Turkeye, into Tartarye, into Russey, Blacheye, to more or the lesse Grece, Albanye, Barborie or Spayne.</P>
<P>Yet in Surr<HI REND="italic">e</HI> moste ye be war to speke or dispice eny thyng of Ma<HI REND="italic">kamet</HI> <NOTE N="1)" PLACE="foot">MS. urspr. mamentrie, in makamet corr. v. spät. hand.</NOTE>, the Sarasynes p<HI REND="italic">ro</HI>ffite; for yef men do, they moste renneye or be ded; and the same, yef a man holde vp his fynger rechelesly or be founde in eny of her Temples.</P>
<P>Wherfore for meny other<HI REND="italic">e</HI> suche p<HI REND="italic">er</HI>illes suche a man as were a-fore war, were good to be had in feliship<HI REND="italic">e</HI> be the comaundement of the lordship<HI REND="italic">e</HI> atte Venyse.</P>
<P>And spare not to desire to do the Duke reu<HI REND="italic">er</HI>ence and to desire suche oon be his comaundement and orden<HI REND="italic">a</HI>nce; whiche, as y wene, woll be glad of yo<HI REND="italic">ur</HI> comyng and of youre desire, atte youre cost; whiche cost may not passe VI du∣cates a moneth, though he be right sufficeant, beside his bord.</P>
<P>Turkey is fro Rodes but XVIII mile be see, the Castell of Seint Pere a CXX myle, and fro bothe ye may go to the Amaratte, the grete lord, be he atte Brusse, Ancree or atte eny other<HI REND="italic">e</HI> riall place of his in the seid lande; and so forth to Costantyne-noble be lande, and ou<HI REND="italic">er</HI>e atte the braas Seint George.</P>
<P>And yef ye woll not so but go be the see, Costantyne-noble is oute of Rodes VII<SUP>C</SUP> myle; toward the whiche ye moste thorough a p<HI REND="italic">ar</HI>tie of the Arche∣pylago,
<PB N="283" REF="7"/>
levyng the costes of Turkey nyghe by on youre right hand, þ<HI REND="italic">at</HI> is of Palatea, Hawtelogo, Bysmer<HI REND="italic">e,</HI> Foile and Troye.</P>
<P>And on yo<HI REND="italic">ur</HI> lift hand ye shull leve meny a nyle, the whiche were of old tyme mervelously inhabited, and worschiped the goddes of Marce, Mercur<HI REND="italic">e</HI> &amp;c. and that wey a good carike were moste sure for Turkes Curceries, robers of þ<HI REND="italic">e</HI> see.</P>
<P><MILESTONE UNIT="f." N="112"/> For in thilk . . . . and in youre wey ye shull fynde Langgo, Shyo, Mite∣lyne, Tendo, Romanye, Galipoly with-ynne the streite where the Turkes chief . . . is; and hit is not, where as hit is braddest, ou<HI REND="italic">er</HI>e XII myle fro the lande of Turkey to the lande of Romanye.</P>
<P>And so fro the seid Galipolye on youre lift hand and in Romanye to Co∣stantyne-noble, whiche is in the same and a bowe-shote fro Pere, whiche is a cite of the Gennayes: fro the whiche men may come more lightly to the grete Turkes p<HI REND="italic">re</HI>sence, yef he be atte Brusse, thenne fro Rodes by lande, and moo . . . . . se be water and be londe.</P>
<P>And yef men woll to Latana-warde and yet more North and into better<HI REND="italic">e</HI> ayre, wheder he woll be carik or galie m<HI REND="italic">ar</HI>chaunte, he may bothe go thorough the Mar<HI REND="italic">e</HI> maio<HI REND="italic">ur</HI> to the Emp<HI REND="italic">er</HI>our of Trepesonday, Caffay and Latana forseid; fro the whiche Caffay and meny other places on that side men may come be meny straunge wayes to Spruce.</P>
<P>Or elles to to<HI REND="italic">ur</HI>ne ageyne as men came to the seid Shyo: where is good abidyng for shippes goyng to Geane, Cecilia, Berborie, Garnade and so thorough the streites of Merroke be Spayne and Portyngale into Ingeland.</P>
<P>As fer as ye may caste youre viages, so that ye vse the hote Countres in wynter and the cold in somer; and kepe you frome alle mete, salt, fatte, fried, sowre and rawe; and ye desire to ete letuse or other erbes, do hem to be boilled furst.</P>
<P>And be well war<HI REND="italic">e</HI> of alle fressh-water-fissh of Egipte and Surrey; and taketh hede to the culuers that bereth so sone the l<HI REND="italic">ett</HI>res.</P>
<P>Meny marvailles shull ye se and here of by the weyes aforseid.</P>
<P>With the vessell that bryngeth you to Rodes or to eny other place that ye woll abide ate, make youre couen<HI REND="italic">a</HI>nt therafter; and atte the furst with eu<HI REND="italic">er</HI>y ship<HI REND="italic">e</HI> or galye that ye woll go with, | and that hit be atte yo<HI REND="italic">ur</HI> choys to go whider that ye woll go or abide, and payng therafter.</P>
<P>Atte Rodes is good wyn and called after the same name. atte Shyo is good Muscadell, and ther groweth the Mastik, and Jannayes be lordes ther<HI REND="italic">e,</HI> and atte Modon<HI REND="italic">e</HI> the Venysianes: wher<HI REND="italic">e</HI> groweth good Romeney and Rase. and atte Candie, that is of the Venysianes, good Malvesye and Tire. and so ther is in Cipre a good wyn called Marewaye, and so forth in eu<HI REND="italic">er</HI>y land after diu<HI REND="italic">er</HI>se wynes of diu<HI REND="italic">er</HI>se names.</P>
<P>In Candie is no good sodeyne abidyng in somer. Fro Rodes, Shyo and Modon<HI REND="italic">e</HI> fynde men ofte in the good yere and sure shippyng into what p<HI REND="italic">ar</HI>tie that eu<HI REND="italic">er</HI>e a man woll be the see, be hit homward or outeward.</P>
<P>Meny straunge and plesaunte thynges may ye do brynge and do come be water that wold not come esely be lande ne so surely as with yo<HI REND="italic">ur</HI>-self. But that is after as ye fynde you cordyng with the see.</P>
<P>Yef ye come home be the see, Cecillie is not oute of youre wey, ne the good townes of Missene and Palerme; betwix the whiche ye shull fynde the
<PB N="284" REF="8"/>
yle called Etteney and the mountayne that brenneth eu<HI REND="italic">er</HI>e, and sum man calleth hit Wulcan, with meny suche other<HI REND="italic">e</HI> brennyng Iles aboute hit.</P>
<P>And fro the seid Palerme go ye be shippe or with the galeyes of Venyse. Myarke the yle is in youre weye, wher<HI REND="italic">e</HI> and yn alle other<HI REND="italic">e</HI> places that ye here of Catelyns galies, do youre men to be war that they be not take amonge the feliship<HI REND="italic">e</HI> of hem and so lerne to rowe t<HI REND="italic">er</HI>me of alle their lyf: for they spare nother<HI REND="italic">e</HI> prest nor clerk, knyght ne squyer<HI REND="italic">e,</HI> yef they may have hym prevely.</P>
<P>To Berselone and Gene men may fynde shippyng ynough, and so forth be the costes of Spruce, Spayne and Gernade to Malyk, fro thens the good fyges cometh.</P>
<P>And fro thens thorough the streites of Marroke, levyng Septta that the kyng of Portynggale holdeth in Berborie on the lift hand with-ynne sight to the whiche abidyng atte Lisbone men may fynde alle day good and sure shippyng to go &amp; come.</P>
<P>Be neu<HI REND="italic">er</HI>e to bolde to shippe you in litell vessels in no costes of the hethen<HI REND="italic">e,</HI> for drede of suche Courssaries as bene aforeseid, as well of the Cristen<HI REND="italic">e</HI> as well of theyme nought of oure beleve, in eu<HI REND="italic">er</HI>y p<HI REND="italic">ar</HI>tie of the see.</P>
<P>Suche passages be ther<HI REND="italic">e</HI> be lande fro the p<HI REND="italic">ar</HI>ties of P<HI REND="italic">ro</HI>vynce, as have ben made shortely be meny men vnto Burdeux, and fro thens into Ingeland, but this and suche other passages be land wold have a well-avised saufconduyt for men of estate, and namely yef they be of Ingeland.</P>
<P>And the selder that ye chaunge yo<HI REND="italic">ur</HI> good shippyng, the more ese and the lesse coste, yef hit myght happe so to come aboute to yo<HI REND="italic">ur</HI> plesir and in short tyme.</P>
<P>And no more: for the further ye go, | the more ye shall se and knowe.</P>
<BYLINE>C. Horstmann.</BYLINE>
</DIV1>
</BODY>
</TEXT>
</EEBO>
</ETS>
