<?xml version="1.0" encoding="utf-8"?>
<?xml-stylesheet TYPE="text/css" href="http://www.textcreationpartnership.org/docs/code/pfs.css"?>
<!DOCTYPE ETS SYSTEM "http://www.textcreationpartnership.org/docs/code/eebo2prf.xml.dtd">
<ETS>
<TEMPHEAD>
<REVDESCR>
<CHANGE><DATE>7-14-16</DATE><RESPSTMT><NAME>lattaj</NAME><RESP>MURP</RESP></RESPSTMT><ITEM>Added TEMPHEAD, checked ID, and added TYPEs to DIVs in order to validate. Checked for N=""s. Checked for GROUP tags. Proofed title page. Checked <SUP>s</SUP>. Reviewed structure; removed missing GAPs; changed some mdashes to hyphens; moved end FRONT beginning BODY; made all NOTE PLACE attributes lower-case; changed numerous incorrect NOTE PLACE attributes from "marg" to "foot"; changed CLOSER to TRAILER; replaced several incorrect backticks (for opening single quotation mark) with 's; added space before MILESTONEs. Checked placement and completeness of PBs. Checked for damage GAPs, #s, @s, --s, and UNCLEARs. Corrected [dollar]s. Checked for &amp;cs with incorrect spacing. Checked for LBs. Checked for startqs and endqs, abq's, oes, qs, Ae's, and Qs. Checked proofsheets and made corrections. Checked italic I / J and U / V. Checked for missing page GAPs. Checked for EPIGRAPHs and ARGUMENTS. Checked CLOSERs, OPENERs, SIGNEDs, SALUTEs, TRAILERs, BYLINEs. Checked decorated initials. Checked FIGUREs. Sample: 2 minutes. Proofing: 0 minutes. Tag review and corrections: 50 minutes. DONE.</ITEM></CHANGE>
</REVDESCR>
</TEMPHEAD>
<EEBO>
<IDG S="marc" R="UM" ID="CME00027">
<STC T="M">27</STC>
<BIBNO T="mec">CME00027</BIBNO>
<VID>CME00027</VID>
</IDG>
<TEXT LANG="enm">
<FRONT>
<DIV1 TYPE="title page">
<PB REF="2"/>
<P>THE SERPENT OF DIVISION BY JOHN LYDGATE THE MONK OF BURY</P>
<P>EDITED, WITH INTRODUCTION, NOTES, AND A GLOSSARY BY HENRY NOBLE MACCRACKEN, PH. D. ASSISTANT PROFESSOR OF ENGLISH LITERATURE AT YALE UNIVERSITY, U. S. A.</P>
<P>WITH THREE FULL-PAGE REPRODUCTIONS FROM CONTEMPORARY MS. ILLUMINATIONS ACCOMPANYING THE TEXT</P>
<P>LONDON: HENRY FROWDE OXFORD UNIVERSITY PRESS</P>
<P>NEW HAVEN: YALE UNIVERSITY PRESS 1911</P>
</DIV1>
<DIV1 TYPE="introduction">
<PB REF="50"/>
<HEAD>MANUSCRIPTS AND PRINTS</HEAD>
<DIV2 TYPE="list of manuscripts">
<HEAD>MANUSCRIPTS.</HEAD>
<DIV3 TYPE="manuscript">
<HEAD>1. The McLean MS. 181 in the Fitzwilliam Museum, Cambridge.</HEAD>
<P>Vellum, quarto, 35 lines to the page. Well and clearly written in a good clerical hand, of the second quarter of the fifteenth century. þ and ȝ are constantly used, and abbreviations whenever possible. The MS. is more accurate in proper names and in general has a more consistent adherence to the text than other MSS. At times, however, clauses are omitted through carelessness.</P>
<P>The MS. contains, in addition to our piece, which takes up the first ten folios, some envoys from <HI REND="italic">The Fall of Princes,</HI> and a version of the <HI REND="italic">Governance of Kings and Princes,</HI> by Lydgate, and the <HI REND="italic">Regiment of Princes,</HI> by Hoccleve (with the prologue). It is described in Dr. James's catalogue of the collection.</P>
<P>The first folio is lacking. I have therefore used the Calthorpe MS. as my text, up to the point where the Fitzwilliam begins.</P>
<P>This MS. was formerly no. 134 of Lord Ashburnham's collection, and is described in the sale catalogue of Ashburnham MSS. III, app. 134. Through Mr. Yates Thompson's hands it passed into Mr. McLean's, who gave it to the present owner. Another MS. of the Ashburnham collection, loc. cit. III, app. 128, contained an eighteenth-century transcript of a print of this work, I believe from the 1590 text. I have not found this transcript.</P>
<P>The Fitzwilliam MS. was evidently written at some cost for a 'wise governour' who wanted 'mirrours' of government. It is not unlike in its contents the MSS. which Stephen Scrope compiled for Sir John Fastolf, and Great Book of Arms which William Ebesham compiled for Sir John Paston about this time. (See the <HI REND="italic">Paston Letters,</HI> ii, 335.)</P>
</DIV3>
<DIV3 TYPE="manuscript">
<HEAD>2. The Calthorpe MS. Yelverton 35, London.</HEAD>
<P>Paper, quarto, 37 lines to the page. Our piece occupies folios 146 b—156 b. Written in a small, rapid, careless, but easily readable hand of about 1460. The hand∣writing is not unlike some of the hands in the Paston correspondence. This MS. may have been in the hands of the Calthorpe family from the beginning, since the Calthorpes were at Yelverton throughout the later fifteenth century, as the Paston letters show. The forms in dialect show modern tendencies. It is stricken from the past plural (were for weren, &amp;c.), and the general absence of þ and ȝ point to a departure from original forms. Nevertheless this MS. alone gives the colophon ascribing the work to Lydgate, and dating
<PB N="46" REF="51"/>
the production. I use it to supplement F in most cases, and for the lines in the lost first folio of F.</P>
<P>The MS. is described in the Royal Historical MSS. Commission Report, II, App., p. 42. I am greatly indebted to Lord Calthorpe for his kind permission to have the MS. photographed for my purposes.</P>
</DIV3>
<DIV3 TYPE="manuscript">
<HEAD>3. The Pepys MS. 2006 in the Pepysian Library at Magdalene College, Cambridge.</HEAD>
<P>Vellum, 30 lines to the page, 391 pages. Written about 1450. Described in Dr. James's catalogue of the collection. The MS. contains Lydgate's <HI REND="italic">Complaint of the Black Knight</HI> and <HI REND="italic">Temple of Glas,</HI> Chaucer's <HI REND="italic">Legend of Good Women, A. B. C., Hous of Fame, Mars and Venus</HI> (two copies), <HI REND="italic">Fortune,</HI> and <HI REND="italic">Parlement of Foules,</HI> an anonymous prose version of <HI REND="italic">The Three Kings of Cologne, The Serpent of Division,</HI> Burgh's translation of Cato, Chaucer's <HI REND="italic">Tale of Melibeus, Parson's Tale, Anelida, Envoy to Scogan,</HI> A. B. C. (a second copy), <HI REND="italic">Purs, Trouthe,</HI> and <HI REND="italic">Merciles Beaute.</HI> The handwriting is clear and well executed, in beautifully regular lettering. The text of the <HI REND="italic">Serpent,</HI> on pp. 191-209, is in general sensible, but is marred by a number of inserted glosses and alterations of phrases throughout. Single words and letters are often omitted through carelessness.</P>
</DIV3>
<DIV3 TYPE="manuscript">
<HEAD>4. The MS. A. R. 5 in the Harvard University Library.</HEAD>
<P>Paper, 211 folios, large quarto. Written in two hands, of which one is that of John Shirley (d. 1459), the other—in which the <HI REND="italic">Serpent</HI> is written—contemporaneous with it. The MS. contains <HI REND="italic">The Compleynt of Crist</HI> (verse); <HI REND="italic">Guy of Warwick,</HI> a poem by Lydgate: <HI REND="italic">The Three Kings of Cologne, The Governance of Princes, The Serpent of Division,</HI> and a text of the <HI REND="italic">Brut (Cronycles of the Reaume of England),</HI> all in prose. Professor F. N. Robinson describes the MS. fully in <HI REND="italic">Harvard Studies and Notes,</HI> v. 181-6. Like the Fitzwilliam MS. the Harvard MS. puts our tract next a tract on the governance of princes—these two pieces in the Harvard MS. being in the non-Shirley handwriting. The Harvard text is the only one which preserves a title (quoted below); and in general its readings are excellent; but it lacks the <HI REND="italic">Envoy,</HI> and in minor details is inferior to the Fitzwilliam copy, with which it seems to me to have some relation.</P>
</DIV3>
</DIV2>
<DIV2 TYPE="list of prints">
<HEAD>PRINTS.</HEAD>
<DIV3 TYPE="print">
<HEAD>1. The Treverys Fragment.</HEAD>
<P>This was printed complete by J[oseph] H[aslewood] in Brydges's <HI REND="italic">Censura Literaria,</HI> ix. 369 (ed. 1809). Treverys used an excellent MS. though not any here described. He may have modernized the spelling to some extent. In the print the <HI REND="italic">envoy</HI> follows his colophon. This fact misled Mr. Sidney Lee (see under Lydgate, <HI REND="italic">Serpent,</HI> &amp;c., in the <HI REND="italic">Dict. Nat. Biog.</HI>), who ascribes the stanzas to the printer. For the text of the colophon, see p. 66.</P>
</DIV3>
<DIV3 TYPE="print">
<PB N="47" REF="52"/>
<HEAD>2. The Print by Owen Rogers, 1559.</HEAD>
<P>This print, so far as I can examine, seems to derive from the Treverys print, with possible reference to earlier MSS. The title, <HI REND="italic">Serpent of Division,</HI> is probably derived from the title of Treverys which is lost. The title runs: 'The Serpent of Division, set forth after the Auctours old Copy, by J. S. Anno M. D. L. IX. The iiij of May. Im∣printed at London by Owen Rogers in Smithfield by the Hospitall in little S. Bartolmews.' Collation A<SUP>8</SUP>-D<SUP>8</SUP>, in fours. Both this and the previous print are in black letter, 8vo.</P>
</DIV3>
<DIV3 TYPE="print">
<HEAD>3. The Print by E. Allde, 1590.</HEAD>
<P>'The Serpent of Devision. Wherein is conteined the true History or Mappe of Romes overthrowe, Gouerned by Auarice, Enuye, and Pride, the decaye of Empires be they neuer so sure. Whereunto is annexed the Tragedy of Gorboduc, sometime King of this Land, and of his two sonnes Ferrex and Porrex. Set foorth as the same was shewed before the Queenes most excellent Majesty, by the Gentlemen of the Inner Temple. At London printed by Edward Allde for John Perrin, and are to be sold in Paules Church∣yard at the signe of the Angell, 1590.' 4to. 44 leaves. Collation, <HI REND="italic">Serp. of Div.</HI> A-C in fours; <HI REND="italic">Gorboduc,</HI> A-H in fours. In this last print, while no additions are made to the source, the whole treatise is rewritten, so that for purposes of collation the whole tract would need re-printing. <NOTE N="1" PLACE="foot"><HI REND="italic">Gorboduc,</HI> the first English tragedy, was intended by its authors to illustrate the dangers of division. It was written by admirers of Lydgate, and this union of it with Lydgate's tract was not a mere accident of publication. The dumbshow in <HI REND="italic">Gorboduc,</HI> of the fable of the bundle of sticks, was probably suggested by the similar <HI REND="italic">exemplum</HI> in Lydgate's text, of the hairs in the horse-tail.</NOTE></P>
<P>It is certain that Rogers followed Treverys, and that Allde followed Rogers, in setting orth his copy. The former fact may be proved from my collations at the end of the tract. Allde's print I leave to a student of the Elizabethan period for analysis.</P>
<P>While I have on my desk photographic reproductions of all three MSS. and a careful transcript of the fourth made by myself, as well as a complete transcript of the Rogers print, I can see no advantage in printing my comparative study of the possible relations of the versions. I give in my text a faithful transcription, with modern punctuation, of the Fitzwilliam text (F), and of the Calthorpe where F fails, enclosing every alteration in brackets. I give in footnotes all the important variants of the other MSS. and of the Treverys print. I believe each MS. to be an independent transcript, with possibly a closer relation between F and H than among the others. C and P have taken the greatest liberties with the text.</P>
<P>The end of the text in C, which varies from the others, is probably derived from an early draft, omitted in later texts. This omission and revision was probably Lydgate's own. As I state in the <HI REND="italic">Lydgate Canon,</HI> Lydgate got out his work in different forms. <HI REND="italic">Death's Warning</HI> is a revamping of stanzas from the <HI REND="italic">Fall of Princes, The Prayer in Old Age</HI> a similar alteration of the <HI REND="italic">Verses of St. Bernard.</HI></P>
</DIV3>
</DIV2>
</DIV1>
</FRONT>
<BODY>
<DIV1 TYPE="account">
<PB REF="53"/>
<PB REF="54"/>
<HEAD>THE SERPENT OF DIVISION</HEAD>
<HEADNOTE><P>In the collation which follows, I follow the Calthorpe Yelverton MS. 35 (C) as far as p. 52, where I follow the Fitzwilliam Museum McLean MS. 182 (F), which begins at that point, to the end. For purposes of collation the Samuel Pepys MS. 2006 in Magdalene College, Camb. (P), and the Harvard MS. AR 5 (H) are also used. The print by Rogers (R) of 1559 is occasionally referred to.</P></HEADNOTE>
<P>WHILOME, as olde bookis make[n <NOTE N="1" PLACE="foot"><HI REND="italic">So</HI> PH: make C.</NOTE>] mencion, when tholde <NOTE N="2" PLACE="foot">when the.</NOTE> noble famovs <NOTE PLACE="marg">I<HI REND="italic">a.</HI> The origin of the Dictators.</NOTE> Citie of Rome was [most] <NOTE N="3" PLACE="foot">most] <HI REND="italic">from</HI> PH, <HI REND="italic">om.</HI> C.</NOTE> shyning in his felicite and flowring in his glory,—liche as it is remembered in bookis of olde antiquyte <NOTE N="4" PLACE="foot">auncetrie PH.</NOTE>,—the prime temps of his fundacioun, whenne the wallis were reised on heithe bi the manly &amp; prudent diligence of Remvs and Romvlus; fro þe which tyme þe Citie stood vnder <MILESTONE N="5"/> governaunce of kyngis, tyl at the tyme Tarquyne soone of Tarquyne the prowde, for his outragious offence doone vnto Lucresse wife of þe worþy Senatour Colla∣tyne, . . . in pvnysshing of whiche trespace by the manly pursuite of Collatyns kynrede and ful assente of all the Senate the name of kyngis ceased in the Citie of Rome for evur more, and all the Roial stokke of þe forsaide Tarqvyne was <MILESTONE N="10"/> proscripte &amp; put in exile. And aftir bi prvdente advice of the Senate the Cite was gouverned be twoo Covncellours, and so contvnyd vnto the tyme that Pompye the proude was repaired hoome ageyne from the Conqveste of Thire, bi fors made subgette to thempyre of Rome, wher with grete worthines of fame he was receyved. So that ilke tyme <NOTE N="5" PLACE="foot">thenn P: thilke H.</NOTE> for his grete noblesse he was chosen oon <MILESTONE N="15"/> of the iij<SUP>e</SUP> to gouverne the Citie; assigned other twoo <NOTE N="6" PLACE="foot">tweyne PH.</NOTE> vnto hym ful renovnyd of knyghthood <NOTE N="7" PLACE="foot">that is to seye <HI REND="italic">ins.</HI> P.</NOTE>, Julius Cesar and Marcus Crassus. And thoo <NOTE N="8" PLACE="foot">this P: thus H.</NOTE> was the name of Counsellours tvrned vnto þe name of Dictatours, whiche was thilke tyme <NOTE N="9" PLACE="foot">thenne P.</NOTE> a name of an office pertynent to prynces for gouvernaunce of other.</P>
<P>And for a special cavse <NOTE N="10" PLACE="foot">and an entent <HI REND="italic">ins.</HI> P.</NOTE> this office and this <NOTE N="11" PLACE="foot"><HI REND="italic">om.</HI> P.</NOTE> occupacioun bassente of all <MILESTONE N="20"/> the hoole Senate was committed vnto thre <NOTE N="12" PLACE="foot">and that was this <HI REND="italic">ins.</HI> P.</NOTE>; leste yif that oon offendid, the oother tweyne <NOTE N="13" PLACE="foot">two P.</NOTE> shulde be mighty and strong to correcte the iij<SUP>de</SUP> <NOTE N="14" PLACE="foot">him P.</NOTE>: and another cavse was this, while <NOTE N="15" PLACE="foot">the whiles P.</NOTE> þat tweyne were occupied in Conqueste owtewardes, the iij<SUP>de</SUP> shulde gouverne at hoome.</P>
<P>And thus all þe while they weren <NOTE N="16" PLACE="foot">were C.</NOTE> of oon herte and of oon assente, and <MILESTONE N="25"/> voide of variaunce withinne hemselfe, the noblesse of Rome flovred in prosperite; <NOTE PLACE="marg">I<HI REND="italic">b.</HI> The causes of division.</NOTE> but als <NOTE N="17" PLACE="foot">also PH.</NOTE> sone as fals covitise broughte Inne pride and vayne ambicion <NOTE N="18" PLACE="foot">thenn <HI REND="italic">ins.</HI> P.</NOTE>, the 
<PB N="50" REF="55"/>
contagious Serpent of Division eclipsed and appalled theire worthines; con∣cluding sothely as in sentence that every kingdome be division is conveied to his distruccion. For the <NOTE N="1" PLACE="foot"><HI REND="italic">om.</HI> PH.</NOTE> surqvidous <NOTE N="2" PLACE="foot">of <HI REND="italic">ins.</HI> P.</NOTE> pride [on the party] <NOTE N="3" PLACE="foot">on the party of] <HI REND="italic">so</HI> PH, <HI REND="italic">om.</HI> C.</NOTE> of Iulius, and <MILESTONE N="147 a." UNIT="fol."/> the contagius Covetise entremelled with envye on <NOTE N="4" PLACE="foot">of P.</NOTE> the party of Pompye, made the famous Citie of Rome ful waste and wilde, not oonly of theire innvmerabill <MILESTONE N="5"/> treasour, but cavsed hem also to be full barreigne and desolate of here menne, where <NOTE N="5" PLACE="foot">whenn.</NOTE> toforne [as <NOTE N="6" PLACE="foot">as of P: the C: of H.</NOTE> of] worthines of knighthood <NOTE N="7" PLACE="foot"><HI REND="italic">om.</HI> P.</NOTE> and of Cheualry they weren <NOTE N="8" PLACE="foot">were PH.</NOTE> incomparabill. And finally the fals division amongs themmsilfe was more imp[o]rtabill <NOTE N="9" PLACE="foot">impartabill C.</NOTE> vnto hem, and cavsed more rvyne of her tovnne, thanne when they had werre with all the worlde; lyche as this litil story compendiously <MILESTONE N="10"/> shal devise.</P>
<P>And to conseive briefly þe proces of this matier;—Ye shal first <NOTE N="10" PLACE="foot">first] <HI REND="italic">om.</HI> P.</NOTE> vndirstande <NOTE PLACE="marg">II. Caesar and Crassus.</NOTE> <NOTE PLACE="marg">II <HI REND="italic">b.</HI></NOTE> þat Marcus Crassus was sente towardis the parties of the Northe with vj. legiones of knightes agenst the Kyng of Parthes; and þe manly man Sesar Iulius with other vj. legions of knightes was sent downe, passing the large &amp; thidous <MILESTONE N="15"/> <NOTE N="11" PLACE="foot">the grete PH.</NOTE> bovndis of lumbardye, descending <NOTE N="12" PLACE="foot">down by PH.</NOTE> bi the highe Alpies, and avaling bi the large plage of Germany &amp; all <NOTE N="13" PLACE="foot">al] of PH.</NOTE> Almaigne; til bi conqueste of his manly force and his mortal swerde he broughte all Fraunce to <NOTE N="14" PLACE="foot">in PH.</NOTE> subieccioun, and all the boundes of Burgogne <NOTE N="15" PLACE="foot">P <HI REND="italic">inserts</HI> and of.</NOTE>, Brabande, Flaundris, and Holande; til almost the space of his lustre was wasted oute. That is to saye,—ther was a space lymyted of <NOTE N="16" PLACE="foot">by P.</NOTE> the <MILESTONE N="20"/> Romaynes, whiche was called a <NOTE N="17" PLACE="foot">by hem the lustre P.</NOTE> lustre, whiche is accompted þe space of v. yere; and who so evur <NOTE N="18" PLACE="foot"><HI REND="italic">om.</HI> P.</NOTE> passed the space by the occasion of any conqueste, and nat repaired at his tyme sett &amp; lymyted of v. yere, he was anoon <NOTE N="19" PLACE="foot">thenn <HI REND="italic">add.</HI> P.</NOTE> foriuged, dempte, and nempned <NOTE N="20" PLACE="foot">declared H, <HI REND="italic">om.</HI> P.</NOTE> rebell, as plain enemy and rebell vnto the Citie of Rome.</P>
<P>And <NOTE N="21" PLACE="foot">But P.</NOTE> this manly man Iulius, demyng in his opynyon that tyme loste, <MILESTONE N="25"/> whanne fortvnes blavndisshing &amp; favourable covntenaunce throughe the con∣tagion of his necligence &amp; of slowthe was aftirward full froward to be recovered; wherfore of knighthoode and of manly prowes he set the Romayne estatutes <NOTE N="22" PLACE="foot">statute PH.</NOTE> aside, and fully purposed in his knightly herte to passe þe bovndes of the space of his lustre, and taforce himself with his Chevalrye to wynne the bovndes of <MILESTONE N="30"/> Bretaigne, and tovursayle by force the weste party of oure occian.</P>
<P>But for all his surqvedous pride he was twyous <NOTE N="23" PLACE="foot">to tymes P.</NOTE> bette of at his arryvaile by the worthynes of the worshipfull Bretaonne <NOTE N="24" PLACE="foot">Bretaigne P.</NOTE> kyng called Cassibolan. And pleinly [withouten favour] <NOTE N="25" PLACE="foot"><HI REND="italic">so</HI> PH, <HI REND="italic">om.</HI> C.</NOTE> to declare &amp; specifie the trouthe, he mighte nevur atteigne taryve at his luste, til this manly king Cassibolan &amp; Androgius the <MILESTONE N="35"/> Duce of Cornewaile <NOTE N="26" PLACE="foot"><HI REND="italic">A con∣temporary hand in</HI> P <HI REND="italic">alters this word to</HI> Kent.</NOTE> felle at debate among hemselfe; wherby I <NOTE N="27" PLACE="foot">ye P: may wel <HI REND="italic">add.</HI> H.</NOTE> may conclude
<PB N="51" REF="56" MS="y"/>
that whiles vnite &amp; <NOTE N="1" PLACE="foot">and good <HI REND="italic">add.</HI> H.</NOTE> acorde <NOTE N="2" PLACE="foot"><HI REND="italic">Here begins MS.</HI> F., <HI REND="italic">the text of which is followed to the end.</HI></NOTE> stode vndefowled and vndividid in the bondis of <MILESTONE N="147 b." UNIT="fol."/> Bretayne, þe myȝti <NOTE N="3" PLACE="foot">and victorious <HI REND="italic">add.</HI> H.</NOTE> conquerowre Iulius was vnable and impotente to venqvische hem. By whiche example ȝe may evidently consideren &amp; seen þat devision, liche <NOTE N="4" PLACE="foot">suche H: liche as it CP.</NOTE> as is specified toforne, is originall cause in prouynces &amp; regions <NOTE N="5" PLACE="foot">reignes P.</NOTE> of all destruciovn; for liche as hit is made mencion in the story whan Iulius bi þe <MILESTONE N="5"/> fauowre of Androgenes <NOTE N="6" PLACE="foot">Androglus CPH.</NOTE> recouered arivaille <NOTE N="7" PLACE="foot">his aryvaille <HI REND="italic">add.</HI> CP.</NOTE>; &amp; within a litill space aftir Cassibelan the manly kynge full prowdely and knyȝtly met with him; atwene whome <NOTE N="8" PLACE="foot">and thenn there was P.</NOTE> þer was full mortall <NOTE N="9" PLACE="foot">a full mortaille batail and werre <HI REND="italic">add.</HI> P.</NOTE> werre. But <NOTE N="10" PLACE="foot">and PH.</NOTE> liche as hit is specially remembrid &amp; recordid bi writynge of <NOTE N="11" PLACE="foot">in wryting bi C.</NOTE> þe worþi clerke Eusebius, þat þilke <NOTE N="12" PLACE="foot"><HI REND="italic">om.</HI> P.</NOTE> fatall day whan Iulius and Cassibolan mettyn in the felde, þis forseide Cassibelan had a famous <MILESTONE N="10"/> and a <NOTE N="13" PLACE="foot">and a] <HI REND="italic">om.</HI> C.</NOTE> passing manly man to his broþer, the whiche with his blody mortall swerde neuer sesid to sleen and oppresse þe prowde Romeyne knyȝtis so ferforþe þat þei fled and eschewed his swerde as the deþe <NOTE N="14" PLACE="foot">eschwuede and fledd fro his swerd as deth P.</NOTE>; for wher as <NOTE N="15" PLACE="foot"><HI REND="italic">om.</HI> P.</NOTE> he wente þer was no resistence. And þis continued so longe þat þe Romeynes were impotent to resiste <NOTE N="16" PLACE="foot">venqvesshe or resiste C: consent to resiste H: content to resiste P.</NOTE>. But O, alas, when he was weried of fiȝt, hit befille casuelly of <MILESTONE N="15"/> Fortvne, whiche is ay <NOTE N="17" PLACE="foot">ay PHC: a F.</NOTE> contrary and peruers, þat he of aventure mette with þis manly man Iulius; and bothe twoo, liche as made is mencioun, ferden as Tigres and lions, eueryche wowndinge other full [mortally] <NOTE N="18" PLACE="foot">full sore P: full mortally to þe deþe HF. <HI REND="italic">I follow</HI> C.</NOTE>; tille sodeynely, bi dis∣posicion of <NOTE N="19" PLACE="foot">of PCH: or F.</NOTE> fate, Iulius with an vnware stroke of his dredefull swerde rofe him evyn atweyne. And albe hit so þe stori makith no mencion whate þis worþi <MILESTONE N="20"/> knyȝt hiȝten; (I fynde none oþer name of him <NOTE N="20" PLACE="foot">P <HI REND="italic">reads at this point</HI> yet I fynd his name was knowen Nennius (<HI REND="italic">this word inserted</HI>) thus that he was broþer <HI REND="italic">&amp;c.</HI></NOTE> but þat he was broþer to þe noble Breton kynge Cassibelan); þe deþe of whome Bretons owȝte full well to compleyne. Bi þe occasion of whiche Iulius was made victorious, and Cassibilan browȝt vnto þe subieccion of þe Empire of Rome, and constreyned bi Cesar to paien for his trewage <NOTE N="21" PLACE="foot">Triage P.</NOTE> þre þowsande pownde eueriche ȝere. <MILESTONE N="25"/></P>
<P>And in signe of this conqvest and famous victory, Iulius Cesar <NOTE N="22" PLACE="foot">The seide Julius P.</NOTE> edefied in þis londe dyuerse Castelis &amp; Citees, for a perpetuell memorye to putte his name in <NOTE N="23" PLACE="foot">to . . . in] <HI REND="italic">om.</HI> P.</NOTE> remembraunce, þat is for to seyne þe Castelles of Dovir, of Cantorbury, Row∣chestire, and þe towre of London, and [þe] <NOTE N="24" PLACE="foot">þe] <HI REND="italic">so</HI> PCH, <HI REND="italic">om.</HI> F.</NOTE> castell and þe towne of Cesareisbury, takynge his name aftir Cesar, þe whiche is now Icalled Sawlisbury. And ouur <MILESTONE N="30"/> more as seiþe myne auctowre <NOTE N="25" PLACE="foot">doctour P.</NOTE> he edified Cesarischestre, þat now is callid <MILESTONE N="1 b." UNIT="fol."/> Chichestre, and þe castell of Excestre.</P>
<P>And in þis mene while þat Cesar þis prowdely hadde <NOTE N="26" PLACE="foot">hadd hadd P.</NOTE> hoolly &amp; enterely þe <NOTE PLACE="marg">II <HI REND="italic">c.</HI></NOTE>
<PB N="52" REF="57"/>
gouernaunce of Brutes Albion, his felow Marcus Crassus, of whome is made mencion toforne <NOTE N="1" PLACE="foot">toforn is made CHP.</NOTE>, was slayne in þe Este partie of the worlde, whilis he made moste cruell werre ageyne þe [fers] <NOTE N="2" PLACE="foot">foreseide F. <HI REND="italic">Others</HI> fers.</NOTE> peple of Parthes; and for his gredy vnstawncheable þruste of Covetise his enemyes slowe him in þis wise. Þei made <NOTE N="3" PLACE="foot">did do C.</NOTE> milte golde, and all hote powred hit in his mowþe, seyenge to him in this wise: <MILESTONE N="5"/> 'Aurum sitisti, aurum bibe'. 'Þu haste þrustid aftir golde all thi life, now drynke þi fill.' Lo here ye may considryn and se þe schorte and þe momenta[rie] <NOTE N="4" PLACE="foot">momentance F <HI REND="italic">sic:</HI> momentance H: momentanye P. <HI REND="italic">I follow</HI> C, momentare <HI REND="italic">sic.</HI></NOTE> tyme, transitorie and not abidynge, of all þis werreowrs <NOTE N="5" PLACE="foot">werres.</NOTE>. And as þe stori rehersith also, as for a <NOTE N="6" PLACE="foot">more C.</NOTE> lamentable kalendes of more <NOTE N="7" PLACE="foot"><HI REND="italic">om.</HI> C.</NOTE> infortune <NOTE N="8" PLACE="foot">infortunitee PH.</NOTE> þat aftir schulde folowe, Iulia þe noble wife of Pompeye, and <NOTE N="9" PLACE="foot"><HI REND="italic">om.</HI> C.</NOTE> dowȝter to <NOTE N="10" PLACE="foot">of C.</NOTE> Cesar, deied of a childe <MILESTONE N="10"/> berynge; for whiche cause Pompye pretende a colour to fynde a cause to reuoke Cesar ageyne to Rome bi assente of all þe Senate <NOTE N="11" PLACE="foot">bi alle the assent of the Senat.</NOTE>; to þis fyne, þat he schulde come in his owne persone to avenge in all haste þe deþe of his felow Marcus Crassus toforeseide so vengeably slayne in his conquest: this same Pompey hauynge a secrete drede in his conseite <NOTE N="12" PLACE="foot">owne herte and conseyte C.</NOTE>, leste þat Iulius wexe so myȝti in his <MILESTONE N="15"/> conqueste, that he hymself were not egall of power, nor able to resiste him in his repeire; and dredynge also in his imaginacioun lest þat Iulius wolde of pre∣sumpcious pride <NOTE N="13" PLACE="foot">presumpcioun &amp; pride C: presumpcioun pride H: presumpcyon <HI REND="italic">only</HI> P.</NOTE> vsurpe by tiranie to take vppon him þe lordschip and þe domynacion of Rome. But þis manly man Cesar, aduertynge full prudently and aperceyuynge þe <NOTE N="14" PLACE="foot">and . . . þe] <HI REND="italic">om.</HI> C.</NOTE> fraudulent meouyng of Pompeye on þat one side, and <MILESTONE N="20"/> þe compassid sleiȝte of þe Senat on þat oþer side, full avisely gafe answere ageyne, þat he wolde accomplissche and performe his conqueste, whiche he hadde bigonne <NOTE N="15" PLACE="foot">gonne P.</NOTE>, and þan mekely and humbely at theire requeste repeire home ageyne.</P>
<P>And in this wise enterid in þe Snake of Wantruste and of discorde, whiche <MILESTONE N="25"/> causid eueryche to haue false suspecion of oþer; and þis began to [kyndill] <NOTE N="16" PLACE="foot">kyndely F: kyndill C: kyndle HP.</NOTE> þe hote maliciows fire of envie, indvcynge in successiflyche werre and debate among hem selfe.</P>
<P>And hereuppon withowte more prolongynge <NOTE N="17" PLACE="foot">prolowgynge <HI REND="italic">sic</HI> C. <HI REND="italic">Others as in text.</HI></NOTE> or delay, to execute þere pur∣pose, <NOTE PLACE="marg">III. Cae∣sar's recall.</NOTE> and evidently to schewe the fyne of þere entente, Pompey and þe Senat of one assente, withoute respite or dilacion <NOTE N="18" PLACE="foot">any delaye or respite C.</NOTE> foriugged Cesar gilti, dissobeisaunt, rebell <MILESTONE N="31"/> <MILESTONE N="2 a." UNIT="fol."/> and traitour to Rome, &amp; ȝafe vppon him a sentence diffynitife of exile and prescrip∣cion for euermore, withoute reuokynge or repeire, and fully executed þer venenis malice; Iulius all þis while <NOTE N="19" PLACE="foot">tym P.</NOTE> beynge absente. But Iulius, not considerynge nor aduertynge <NOTE N="20" PLACE="foot"><HI REND="italic">om.</HI> P.</NOTE>, nor hauynge noo maner evidence nor suspecion of the malicious and <MILESTONE N="35"/>
<PB N="53" REF="58"/>
venemous conspiracie of Pompey and þe Senat <NOTE N="1" PLACE="foot">senate that C.</NOTE>, wro wt and purposid agayne hym <NOTE N="2" PLACE="foot">agayne hym <HI REND="italic">omitted in</HI> F.</NOTE>, but all innocent &amp; vnknowynge of here envious malyce, bi good avise and diligen[t] <NOTE N="3" PLACE="foot">deligens <HI REND="italic">sic</HI> F.</NOTE> deliberacion of entente, sente his Ambassatours, not onely to his sone in lawe Pompeye, but also well to all <NOTE N="4" PLACE="foot">well to all] tall C.</NOTE> þe worþi cowrte of the Senat, and to all <MILESTONE N="4"/> oþer noble Citisenis of þe towne, requerynge hem of equite þat for his meritorie <NOTE PLACE="marg">IV. The Triumph requested.</NOTE> deserte, not to be contrari nor for none occasion of wilfulnes to denye him, his customable guerdon; þe whiche is dewe of olde antiquite to be ȝevyn to con∣querours, but þat þei wolde frely and wilfully vncompellid grawnten him and put hym in possession of þe palme and the Tryumphe, whiche he so longe bi knyȝtly labowre and manly deligens <NOTE N="5" PLACE="foot">prowesse and diligence <HI REND="italic">add.</HI> H.</NOTE> haþe for þe encresse and þe awmentacion <MILESTONE N="10"/> of þe comyn profite of þe Empire of Rome traveilid [sore] <NOTE N="6" PLACE="foot">sore HCP: for F.</NOTE>.</P>
<P>But for to specifie and declare þe honour of Tryumphe whilom vsid in Rome to hem þat were victours. Firste ȝe schall vndirstonde þat Triumphus bi descripcion is as mochell to seyne in pleyne englisch, as a treble <NOTE N="7" PLACE="foot">trefle P: trewe CH.</NOTE> gladnesse, or ellis a singulere excellens of Ioye in þre <NOTE N="8" PLACE="foot"><HI REND="italic">om.</HI> P.</NOTE> maner of <NOTE N="9" PLACE="foot"><HI REND="italic">om.</HI> CH.</NOTE> wise, ordeyned for victors <NOTE N="10" PLACE="foot">victories C.</NOTE>, <MILESTONE N="15"/> whiche þorowȝe here hiȝe renovne and manly prowes hadde browȝte regions and Citeis be wey of <NOTE N="11" PLACE="foot">wey of] <HI REND="italic">om.</HI> C.</NOTE> knyȝtly conqueste to be soget and tributarie to þe Empire of Rome. And þe firste of þese iij worschippis done to a conquerrowre was þis: firste in his repeire to þe Citie, all the peplis <NOTE N="12" PLACE="foot">pepull C: puple P: peuple H.</NOTE> of hiȝe estate and lowe schulde with grete Ioye &amp; reuerence, in þer beste and richeste aray, mete him on þe <MILESTONE N="20"/> waye; and <NOTE N="13" PLACE="foot">and . . . furste] <HI REND="italic">om.</HI> P.</NOTE> þis was þe furste. The seconde was þis: þat all þe prisonneres, and þey þat weren in captiuite, schulde <NOTE N="14" PLACE="foot">shulde be . . . to goon H.</NOTE> fetrid and manaclid gone rownde abowte environ his chare, some toforne and somme behynde. And <NOTE N="15" PLACE="foot">and] <HI REND="italic">om.</HI> C.</NOTE> þe þirde worschip done vnto him <NOTE N="16" PLACE="foot">done . . . him] <HI REND="italic">om.</HI> P: hem C.</NOTE> was þis, þat he schulde be clad in a purpurat <NOTE N="17" PLACE="foot">purpull C.</NOTE> mantell of Iubiter liche a <NOTE N="18" PLACE="foot">as a <HI REND="italic">add.</HI> C.</NOTE> god, and sitte with a crowne of lawrer vpon his hed in a riche chare of <MILESTONE N="25"/> golde, and abowte his nekke in maner of a Cercle schulde environe abye <NOTE N="19" PLACE="foot">aby P: be C: and be H.</NOTE> made of golde in similitude and likenes of a palme. And [if so were þat his conqveste was accomplisshed and perfourmed withoute swerde or sheding of blood thanne shulde the coroune of þe palme] <NOTE N="20" PLACE="foot">F <HI REND="italic">omits from</HI> And if so <HI REND="italic">to</HI> þe palme, <HI REND="italic">by a natural confusion with</HI> palme <HI REND="italic">in the preceding clause. I insert from</HI> C <HI REND="italic">with which the others agree.</HI></NOTE> be forged withowte prikkes or spynis and ȝif so were þat his victori was fynisschid bi þe cruell fate of werre þan of custome <MILESTONE N="30"/> his cercle or his pectorall was forgid full of scharpe prikyng þornes to declare and specifie þat þer is none conqueste acomplischid [fully] <NOTE N="21" PLACE="foot"><HI REND="italic">so</HI> CP: fulfilled F.</NOTE> to þe fyne bi [mediacioun] <NOTE N="22" PLACE="foot">meditacion F. <HI REND="italic">Other MSS. give as above.</HI></NOTE> of werre withoute þat þer be [felt and found] <NOTE N="23" PLACE="foot"><HI REND="italic">so</HI> PH: felt and <HI REND="italic">om.</HI> C: felde and formde F.</NOTE> therinne þe scharpe prikkynge thornes of aduersite and þat oþer [bi deth] <NOTE N="24" PLACE="foot">bidith <HI REND="italic">sic</HI> F!</NOTE> oþer bi pouerte.
<PB N="54" REF="59"/>
And þis riall and þis victorius chare toforeseide was drawe with fowre white stedis þorowe the moste riall stretis of þe Cite to þe chapitoile hauynge a septre in his honde full richely devisid and þervppon in signe of victori an Egle of golde.</P>
<P>But to schewe clerely þat all worldely glorie is transitori and not abidynge and evidently to declare þat in hiȝe estate is none assuraunce þere was set at þe <MILESTONE N="5"/> backe of þis conquerour behyndyn in þe chare the moste vnlikly persone and þe moste wrecche þat in eny Cowntrey myȝt be fownde disfigured and Iclad in the moste vgly wise that eny man cowde devise and amyd all þe clamour and noyse of þe peple to exclude þe false surqvedie veyneglory and Idill laude this forseide wrecche schulde of custome &amp; of consuetude smyte þe conqverroure <MILESTONE N="10"/> euer in þe necke and uppon þe hed and stowndemele seyne vnto hym in greke þis worde Nothis politos <NOTE N="1" PLACE="foot">ilitos P: zelitos C: iolitos H.</NOTE>, whiche is as mochill to seyne in owre englische tonge as knowe þiselfe, which declarith and vnclosith vnto him þat he nor none oþer schulde for no suche worldely glorie be surquedous nor wex prowde. And þilke day hit was lefull without punyschynge to euery man of hiȝe estate and of lowe <MILESTONE N="15"/> to seine to him þat was victour whate some euer <NOTE N="2" PLACE="foot"><HI REND="italic">Here</HI> F <HI REND="italic">repeats a phrase from the line above,</HI> what some euery man of hiȝe estate. <HI REND="italic">I follow</HI> C.</NOTE> he wolde, were it of honoure or of worschip, of reprefe or of schame, as this was admittid withowte vengeaunce for þis cause, þat he schulde truly consideren and aduerte þat þer is none erþely glorie þat fully may ben assured withowte the dawngere of Fortune.</P>
<P>And schortely to declare þe deference atwene Tryumphus and Tropheum, <MILESTONE N="20"/> Triumphe is a full and a plener <NOTE N="3" PLACE="foot">pleiner H: playn P.</NOTE> ouer comynge of Enemyes bi bataile, and Trophe is whan a man put his fomen for drede vnto flyȝte withowte stroke of swerde.</P>
<P>But towchynge þis honowre toforeseide whiche þat Iulius reqvired and askid <NOTE PLACE="marg">V. The Triumph denied.</NOTE> of riȝte as for a guerdone whiche him þowȝt was meritorie and due vnto hym <NOTE N="4" PLACE="foot">was due and meritorie to hym as bi righte hym thoughte C, <HI REND="italic">others as in</HI> F.</NOTE>. Anonc þis foreseide Pompey with full assente of all þe Senate denyed all with <MILESTONE N="26"/> o voyce his reqveste, and of one acorde answerde ageyne and seide him platly <NOTE N="5" PLACE="foot">planly P.</NOTE> he schulde not be acceptid to no suche honoure, but pleynely bade hym knowe as for finall conclusion þat he had raþir deservid to be dede þan to haue eny suche worschipe, alleggynge ageyns him þat he was boþe a traitowre and a rebell <MILESTONE N="30"/> to þe statutes of Rome. And whan þat Iulius clerely conceivid the schorte answere of þe Senat and of þis <NOTE N="6" PLACE="foot"><HI REND="italic">om.</HI> C.</NOTE> Pompye to foreseide <NOTE N="6" PLACE="foot"><HI REND="italic">om.</HI> C.</NOTE>, þer kyndlyd a full hote brennynge <NOTE N="6" PLACE="foot"><HI REND="italic">om.</HI> C.</NOTE> fire of envie <NOTE N="6" PLACE="foot"><HI REND="italic">om.</HI> C.</NOTE> in his <NOTE N="7" PLACE="foot">his] Iulis C.</NOTE> herte of þe <NOTE N="6" PLACE="foot"><HI REND="italic">om.</HI> C.</NOTE> fretynge hate specially þat he bare <NOTE N="8" PLACE="foot">bare . . . breste] thoughte P.</NOTE> in his breste to bene avenged vppon Pompey. And lyche as Lucan rehersith in his poeticall boke þat the denyenge of þis worschip to þis Iulius was <MILESTONE N="35"/> chefe grownde and occasion of all þe werre þat began in Rome, [root <NOTE N="9" PLACE="foot">and also <HI REND="italic">add.</HI> C. root and] <HI REND="italic">om.</HI> F. <HI REND="italic">I supply from</HI> PH.</NOTE> and] begynnyng also of þe contageous deuysion amonge hemselfe.</P>
<P><PB N="55" REF="60"/>But so as Lucan likith to reherse &amp; specyfie in his boke toforeseide amongis <NOTE PLACE="marg">VI. The three causes of division.</NOTE> oþer causes þat he put he <NOTE N="1" PLACE="foot">hem MS.</NOTE> in especiall writeth <NOTE N="2" PLACE="foot">write MS.</NOTE> of þre, whiche were chiefe begynnyng and rote of devision amonge hem-selfe preuynge bi reson in þilke þre þat hit muste nedes bene þat þe felicite and þe prosperite of Rome muste abate and drawe to declyne, þe whiche þre that Lucan put bene þese. <MILESTONE N="5"/></P>
<P>Firste he seithe hit was necessarie and <NOTE N="3" PLACE="foot"><HI REND="italic">om.</HI> PH: Secund C.</NOTE> hit was consuetudinarie, and þe þirde was voluntarie. Firste, þat hit was necessarie he preuyth hit bi ensample of nature in þis wise, þat evenliche as Phebus þe sonne whan he arisith in þe Oryent and bi successife cours assendith into þe hieste poynt of þe mydday spere, ond þan of his kynde naturell muste descende and baþe his golde tressid <MILESTONE N="10"/> hornes in þe westryne [wawes] <NOTE N="4" PLACE="foot"><HI REND="italic">so</HI> CH: welles P: walis F.</NOTE> and þan dymmen and durken owre Emysperie bi absence <NOTE N="5" PLACE="foot">and hit P.</NOTE> of his liȝt. And also eke whan þe same golden wayne of Titan from þe Ariete is whirlid vp to þe hiȝeste towre of his assencioun into þe celestiall signe of þe Crabbe, and þan bi þe myȝti <NOTE N="6" PLACE="foot"><HI REND="italic">om.</HI> C.</NOTE> compellynge of natures riȝt he is constreyned <NOTE N="7" PLACE="foot">compelled C.</NOTE> to discende downe and auale his chariet, Riȝt so semblablie þer is no <MILESTONE N="15"/> wordely worschip so briȝte nor so <NOTE N="8" PLACE="foot">ne C.</NOTE> clere schynyng in erþe but þat hit muste enclyne and avale downe as sone as he haþe atteyned þe hiest and þe moste famows poynt of his assencion. For liche as þe rage <NOTE N="9" PLACE="foot">tharage C.</NOTE> of [þe <NOTE N="10" PLACE="foot">þe <HI REND="italic">om.</HI> MS. <HI REND="italic">I supply from</HI> PCH.</NOTE>] haboundant flode whan hit haþe rawȝt his stordi <NOTE N="11" PLACE="foot">sturdy PCH.</NOTE> wawes to þe hieste sodeynely þer folwith an ebbe and makith hym resorte ageyne, and In þe same wise whan eny temperall <NOTE N="12" PLACE="foot">worldly C.</NOTE> <MILESTONE N="20"/> prosperite is moste flowenge in felicite þan is a sodeyne ebbe of aduersite moste to be dradde. Eke in þe same wise as ȝe may clerely descernen and consideryn at þe Eye in trees and in erbes, þat whan þe vegitatife vertu bi þe comfortable influence of þe sonne is aftir þe colde wyntere in grene veer litill and litill ascendit into brawnches and bowes and causith hem to budde and blossome newe and in <MILESTONE N="25"/> herbis makith a lusti fressche grenes newly to apere and bi processe of tyme with here holsome bawme apareilith hem with manyfolde colours of rede and white and grene, Þan anone aftir in dessence of Apollo þe sonne þilke same vertu fro þe crop avalith ageyne to daren <NOTE N="13" PLACE="foot">to daren <HI REND="italic">om.</HI> F: daren CP: duren H.</NOTE> in þe rote, riȝt so þer is none felicite so flowrynge nor so appareilid with blosomes and blomes of transitori riches but <MILESTONE N="30"/> al sone as þe [schynyng]e <NOTE N="14" PLACE="foot">MS. schynge <HI REND="italic">sic.</HI></NOTE> sonne of here <NOTE N="15" PLACE="foot">his C.</NOTE> glorie schedith his bemes moste clere þat ful vnwarely or þei can aduerte or taken hede þey be robbid and reved of here lordeschip and plungid adowne oþir bi occasion of some aduersite Ibrowȝt and inducid in oþer bi sekenes or deþe. And þis towchynge þat þe firste cause is naturell and necessari þat all worldely pompe and pride schall passe, myne <MILESTONE N="35"/> autoure Lucan haþe preuyd <NOTE N="16" PLACE="foot">towched bi reason and proved C.</NOTE> bi reson. And towchynge þe second cavse, whiche is callid customable and consuetudinar[i]e <NOTE N="17" PLACE="foot">MS. consuetudinare. <HI REND="italic">Other MSS. as above.</HI></NOTE>, ȝe may consideren of reson that euer
<PB N="56" REF="61"/>
of custome hit fallith þat when þe blynde goddesse of variawnce Dam[e] <NOTE N="1" PLACE="foot">MS. dam. <HI REND="italic">Other MSS.</HI> dame.</NOTE> fortvne haþe enhansed a man hieste vpon hir whele, with a sodeyne sweihe <NOTE N="2" PLACE="foot">swynge C: swygh P.</NOTE> sche plungeth hym downe. Evidente ensample ȝe maye take of kyngis and prynces þat haue bene toforne. And towchynge þe þirde cause of distruccion of þe Cite lucan likith to call hit in his poeticall mvses voluntarie, whiche is as mochell to <MILESTONE N="5"/> seyne as cause rotid vpon wilfulnes withowte eny grownde fowndid vpon reson, for onely of volunte <NOTE N="3" PLACE="foot">voluntarie will P.</NOTE> þei were so blyndid in þer hiȝe prosperite þat them liste not to knowe hem selfe but þowȝte hem so assured in here felicite þat þei myȝte not bi no collaterall occasion of aduersite be perturbed. And þis þorowȝe false surquedaunce þei were made so wilfull þat none liste to obeyen oþer. And so was <MILESTONE N="10"/> browȝte obstinacie eueriche demynge him selfe egall to oþer. And this of con∣trarious discorde amonge hem selfe onely of volunte thei stode disseuered and devidid whiche was one of þe chefe occasion of distruccion. And for þis skele <MILESTONE N="4 a." UNIT="fol."/> toforne <NOTE N="4" PLACE="foot">fore P.</NOTE> declared lucan callith þis þirde cause voluntarie in [so moche] <NOTE N="5" PLACE="foot">so moche] <HI REND="italic">om.</HI> MS. F. <HI REND="italic">I supply from</HI> C.</NOTE> as hit was falsly fowndid vpon wille, and þis of cause necessarie bi ensample of kynde, <MILESTONE N="15"/> and bi þe seconde cause callid consuetudinarie schewed toforne bi ensample of custome, and bi þis laste þirde cause callid voluntarie rotid onely vpon wille.</P>
<P>The Romeynes amonge hemselfe stode in suche contrauercie þat þei dowtid <NOTE PLACE="marg">VII. The Rubicon.</NOTE> to whiche partie þei schulde enclyne. And compendiously to declare how all þis causes of deuysion and how þe werre þe whiche of clerkis is callid Bellum Ciuile, <MILESTONE N="20"/> as mochell <NOTE N="6" PLACE="foot">whiche is alsmoche CP.</NOTE> to seyne in englische as werre amonge hem selfe. For þe clere com∣pendious processe of whiche, firste ȝe schall considre þat Iulius platly enformed of þe malicious conspiracie compassid and wrowȝte aȝens him anone as in his repeire owte of albion þat he was passid þe bowndes of Almaigne &amp; had <MILESTONE N="25"/> atteyned þe hiȝe alpies whiche bene of Autours callid þe colde frosty hillis and þe bowndis of lumbardye, and so holdynge his passage bi þe parties of assoine lyne riȝt till he aprochid þe rage flode and þe sturdy Ryvere callyd of lucan Rubicanis, Þere <NOTE N="7" PLACE="foot">MS. F. þei. <HI REND="italic">Other MSS.</HI> þere.</NOTE> aperid vnto him an olde Auncien lady triste and drery in a mantell of blake, wympled hir face toforne in full dolerous wise, þe tresses of here hedde for age full hore and white. And for constreynte of her hertely <MILESTONE N="30"/> wo even vpon þe tyme whan the blake derke nyȝte had ouersprad ther <NOTE N="8" PLACE="foot">MS. F ther. <HI REND="italic">Other MSS.</HI> the.</NOTE> Emysperye with þe bordour of her owgly and her clowdie cope, This wofull ladye toforeseide bigan hir lamentable compleynt to Iulius in þis wise.</P>
<P>'O ȝe <NOTE N="9" PLACE="foot">the PH.</NOTE> noble and worþi knyȝtis moste renomed of fame, alas whedir purpose ȝe with soo myȝti apparaile of Mars to procede, or where caste ȝe to f[i]cche <NOTE N="10" PLACE="foot">MS. F. fecche. <HI REND="italic">Others</HI> ficche.</NOTE> <MILESTONE N="35"/> youre sturdy standartis or to displey your dredefull penouns and baners? O alas ageyns whome haue ȝe caste finally to execute þe mortale hate þat brennyth in yowre herte, or ageyne whome purpose ȝe in so cruell wise to preue yowre myȝt.
<PB N="57" REF="64"/>
Remembrith in your þowȝt þat ȝe bene withholde with þe Senat of Rome and yowre selfe accompted as for noble and full worþi knyȝtes of þe Cite, and Schewe not now yowre selfe enemyes to þe Empire bi whos worþynes aforetyme hit haþe be sustened and myȝtily suppowailled ageyns þe [assavtes] <NOTE N="1" PLACE="foot">assentes MS. <HI REND="italic">Others</HI> assavtes.</NOTE> of all here foon. O Alas aduertith and considerith in youre herte þe noble and þe prudente <MILESTONE N="5"/> statutes of þe Polecie of Rome þe whiche full pleynely express þat hit is lefull to no <NOTE N="2" PLACE="foot">MS. a. <HI REND="italic">Others</HI> no.</NOTE> man armed to pas þe bondis of þis streme but ȝif he be mortall enmy and rebell to Rome. Alas ȝe þat haue be so longe frendis and so manly mayntened þe honour of þe Cite, withdrawe youre foote and hastith not to faste but, lete good deliberance <NOTE N="3" PLACE="foot">deliberacion <HI REND="italic">in other MSS.</HI></NOTE> restreyne youre Reynes þat hasti wilfulnes lede yow nat to con∣fusion <MILESTONE N="10"/> not onely of youreselfe but into þe originall ruyne of þe Cite bi þe habowndawnt schedynge of blod þat is likely to [sewe] <NOTE N="4" PLACE="foot">sewe H: siwe P: shewe C: be sched F.</NOTE>. And subdenly whan þis ladye had brefely <NOTE N="5" PLACE="foot">compendiously and brefly <HI REND="italic">add.</HI> P.</NOTE> expressed þe somme of hir sentence withowte more abode sche disapered. This manly man and þis fortunate knyȝt Iulius, in partie dis∣amaied of þis vnkouth apparence restreyned his oste and made hem to picche here <MILESTONE N="15"/> tentis endelonge þe stronde vpon þe hyndere parties of þe Ryuer; and in his vnkouth afraye he sodeynely abreide in þis wise. 'O þu myȝti Iubiter vndir whos demeyne <NOTE N="6" PLACE="foot">Diete <HI REND="italic">sic</HI> P.</NOTE> wlcanus forgith þe dredefull sownes of þe thondir and causith hertis to agrise with þe fire leuene, And O ȝe goddes and goddesses þat whilom hadde þe gouernance of oure worþi Awncestres in Troye <NOTE N="7" PLACE="foot">the noble towne of Troye <HI REND="italic">add.</HI> P.</NOTE>, And ȝe noble goddes <MILESTONE N="20"/> Romus and Romulus þe <NOTE N="8" PLACE="foot">the most <HI REND="italic">add.</HI> P.</NOTE> famovs fowndours and þe <NOTE N="9" PLACE="foot"><HI REND="italic">om.</HI> P.</NOTE> myȝti protectours and patrons of the Cite of Rome, I as an humble soget to yowre deitee full lowly beseche you and requyre yow of equite &amp; riȝt to be wellwillid and favourable to promote my trewe querell and cause, And benygngly of your bownteuous goodnesse to fauowren and fortune þe hiȝe Emprise, þe whiche of iuste title <MILESTONE N="25"/> I purpose fynally for life or deþe þorowȝe your fauowre to execute. And not as enemy nor rebell to Rome but as a trewe Citesyn and a previd knyȝt I caste me fully to perseuere, with condicion þat liche as I haue manly deservid I may be resceived, makynge a protestacion þat not as enemy but as ful frende and soget to Rome I woll be fownde stedefaste and trewe. Wherefore, ȝe myȝti and ȝe <MILESTONE N="30"/> noble Senatowrs of Rome, I requere yow of riȝt þat ȝe noþynge arrette nor ascrive to my gilte that I come with stronge and myȝti honde þat I entre þe bondis of yowre Imperiall fraunchise, makynge a full protestacioun þat onely with a clene <NOTE N="10" PLACE="foot">clere C.</NOTE> concience and <NOTE N="11" PLACE="foot">not entrigued C.</NOTE> entrikied with none entente of Iuell menynge that I come to yow, of full purpose to be resceived as for youre frende and not <MILESTONE N="35"/> youre foo. requirynge yow also to holdyn him whate so euer he be full enmy to your noble cite, þat of wille and entente labowrith to make discorde atwene vs
<PB N="58" REF="65"/>
tweyne, for so þat my meritorie gerdon whiche þat I haue in my conqueste Iustely deservid be not denyed me I am and euer will bene for life or deþe a trewe knyȝt to þe Cite <NOTE N="1" PLACE="foot">of Rome <HI REND="italic">add.</HI> C.</NOTE> to my livis ende.</P>
<P>And forþewith makynge no delay liche a lion not dismaied nor aferde, Firste of all in his owne persone passed þe ryuer, the whiche ryuer liche as lucan <MILESTONE N="5"/> remembrith þilke same tyme at þe <NOTE N="2" PLACE="foot">ageyns the C.</NOTE> comynge of Cesar ageyne his custumable cours was reised <NOTE N="3" PLACE="foot">MS. resseyued. <HI REND="italic">Other MSS.</HI> reised.</NOTE> on heiȝte into a grete flode, and all þe white snowes of þe Alpyes were resolued with þe bemes of Phebus, where þorowe þe rivers in þe valis were reised so hiȝe þat vnneþe eny myȝt passe ouer. But Iulius of none <MILESTONE N="10"/> vnkowþe aventures afraied, but liche a manly man full well assured in hym selfe in þe presence of all the worthie knyȝtis seide in þis wise: 'Here I leve behynde all þe olde confideracions <NOTE N="4" PLACE="foot"><HI REND="italic">Other MSS.</HI> confederacies.</NOTE> made bitwixte Rome and me and here I leve all þe frend∣schip of olde antiquite and onely folowe þe tracis of fortune and of hole entente I begyn a riȝtfull werre, for cause onely þat bi mediacion of pees proferid on my <MILESTONE N="15"/> side I may nat atteyne my title of riȝt.'</P>
<P>And anon withowte more dilacioun, evene <NOTE N="5" PLACE="foot"><HI REND="italic">om.</HI> H.</NOTE> vpon þe sprynge of þe day whiche of Clerkis is callid Aurora he vnwarely with all the worthye <NOTE N="6" PLACE="foot"><HI REND="italic">om.</HI> P: hoole C.</NOTE> multitude of his knyȝtes enterid into þe Cite of Lucan callid Arymynum, a Cite pertinent to Rome, and þer he toke firste possession of the Empyre none so hardie to resiste nor to withstonde þe furie of his swerde. And all þis while þe Romeyns <MILESTONE N="20"/> stondynge in dowte to whiche partie þei schulde enclyne, oþer þe partie of Sesar or of Pompey, for of chierte þat þei had to here wivis and here childeryn and to þe olde statutes of þe Cite þei were fauowrable to Pompey, and of drede þei had of Cesaris swerde þei stode in so grete ambiguite þat þei cowde not deme whate <MILESTONE N="25"/> was beste to do: Lo how þe mortale envie of tweyne was cause and occasion þat þilke noble worþi Cite whiche had all þe worlde in subieccion and was callid ladye and Emperes of all regions was browȝte vnto distruccioun <NOTE N="7" PLACE="foot">vnto distruccion broughte H.</NOTE>. For in this ilke two began <NOTE N="8" PLACE="foot">first began H.</NOTE> þe devision whiche neuer aftir myȝte perfitely be restorid nor reconsilid to vnyte, whereby as semyth vnto men þat all prudent prynces whiche haue gouernaunce in provynces and regions schulde take ensample whate harme and <MILESTONE N="30"/> damage is and how finale a destruccion is to bene deuyded amonge hemselfe.</P>
<P>And for to ratefye bi more Autentike ensample how moche þat vnite more <NOTE PLACE="marg">VIII. An exemplum from Valerius.</NOTE> availith þan deuysion, I woll schortely reherse an <NOTE N="9" PLACE="foot">MS. F and. <HI REND="italic">Others</HI> an.</NOTE> ensample whiche þat Valerie putte and is þis. This auctowre rehersith þat whilome whan þe Cite of Rome stode likely to haue be devided of a debate þat was newly begonne amonges <MILESTONE N="35"/> hemselfe, ther was a wise philosophir amonge hem <NOTE N="10" PLACE="foot"><HI REND="italic">om.</HI> MS. <HI REND="italic">Others supply.</HI></NOTE> þe whiche of hiȝe discrecion considrid þe grete perell þat was likely to sewe, and þouȝte he wolde of wisedome voide þe grete myschefe þat myȝte sewe. in presence of all the Senate and lordes
<PB N="59" REF="66"/>
of þe Cite, he made brynge forþe an hors which had a longe þikke taile growen behynde <NOTE N="1" PLACE="foot">PC <HI REND="italic">om.</HI> þikke, behynde.</NOTE>, and þan he commawndid þe myȝtieste champion of the towne <NOTE N="2" PLACE="foot">renovn H.</NOTE> to sette on boþe hondes and asaye ȝif he myȝt bi force pull of þe hors taile at a pluk; but all be þat he plukkid to þe vtteriste of his myȝt hit wollde not availe. And anone þis Philosophir made calle to þe presence of þe Senate þe moste impotent <MILESTONE N="5"/> man in þe Cite, a man vnweldye and crokid of age and þis Philosophir made þis olde manne to pluk one here aftir anoþer of þe hors taile till litill and litill bi proces þe taile was wastid clene away, and þe hors nakid and bare behynde. 'Beholde' quod the Philosophir þo 'þat whilis þe taile of þe hors was hoole and on in þe selfe, and eueryche here with othir vndevidid, þe myȝtiest champion of <MILESTONE N="10"/> yowre Cite myȝt do þerto no damage. But also sone as eueriche here was devided and disseuered from oþer he þat was leste of powere amonge yow all lefte neuer till þe taile was consumed and browȝte to nowȝt. Bi whiche ensample,' quod þe Philosophere, 'prudently aduertith and wisely castith toforne þat also longe as ȝe bene one in yourselfe and of one herte þer is none so stronge nor soo myȝti <MILESTONE N="15"/> that may availe bi force to atempte your worþines. But also sone amonge youre selfe as one be devided fro anoþir your enemyes, þowȝe þei bene full impotent of powere and of litill reputacion, þei schull bi proces pluk away þe faireste and þe moste schene feþeres of yowre worþines.' And bi þis ensample þis Philosophir <NOTE N="3" PLACE="foot">felowschip P <HI REND="italic">sic (!): om.</HI> C.</NOTE> toforeseide reconsilid Romeyns aȝene to vnite and voided awey <MILESTONE N="20"/> devision amonge hemselfe.</P>
<P>Now compendiously to resorte aȝen to my matere liche as þe storie makith <NOTE PLACE="marg">IX. The Signs of War.</NOTE> mencion. The Romeynes stondynge in grete contreuercie amonge hemselfe to whiche partie þei schulde drawe, þe goddes bi many signes of pro[nosti]cacion <NOTE N="4" PLACE="foot">MS. provasta∣cion <HI REND="italic">sic. Others as above.</HI></NOTE> declared vnto hem þe grete myschefe þat was likly and very sembleable to <MILESTONE N="25"/> folowe. For þer apperid vnto hem many vnkowþe ymages of sterres some in <NOTE N="5" PLACE="foot">in . . . brighte <HI REND="italic">om. in</HI> F. <HI REND="italic">I supply from</HI> C <HI REND="italic">with which</HI> PH <HI REND="italic">agree.</HI></NOTE> brennynge haburgeons of fuyre, and some with [brighte <NOTE N="5" PLACE="foot">in . . . brighte <HI REND="italic">om. in</HI> F. <HI REND="italic">I supply from</HI> C <HI REND="italic">with which</HI> PH <HI REND="italic">agree.</HI></NOTE> brondis in] here hondes castynge flawme environ, and somme with firye dartes and scharpe hokid arwis schetynge in þe eire. And in especiall þere aperid a large grete Comete <NOTE N="6" PLACE="foot">MS. Comede. <HI REND="italic">Others</HI> Comete.</NOTE>, the stremes of whiche rawȝte here Radies þe fowre plages of þe firmamente, and <MILESTONE N="30"/> þe sonne also sodeynely whan he schone moste briȝt in þe meridionall plage þe day [vnwarly] <NOTE N="7" PLACE="foot">MS. vnwardly. <HI REND="italic">Others</HI> vnwarly.</NOTE> turned into nyȝt, and þe pale mone ageyne þe comyn cours of kynde sodeynely was clypsid of here liȝt and ferþir þe dredefull Karibdis of þe see Cicillye was turned into blode, and all þe howndes beynge in the bondes of Rome lefte þe noise of here berkynge, and in signe and pronosticacion <NOTE N="4" PLACE="foot">MS. provasta∣cion <HI REND="italic">sic. Others as above.</HI></NOTE> of grete <MILESTONE N="35"/> sorowe þat was to <NOTE N="8" PLACE="foot"><HI REND="italic">om.</HI> C.</NOTE> comynge þei howlede and waymentid þat pite hit was to hire. Also [the] <NOTE N="9" PLACE="foot"><HI REND="italic">om.</HI> MS. <HI REND="italic">Others supply.</HI></NOTE> supersticious fire whiche contynuelly toforne was wonte to brenne
<PB N="60" REF="67"/>
in þe chaste temple of þe goddes callid Vesta, the flawme of þe same fire euer beynge briȝt vpon here Auteris, of the whiche fire bi olde tyme was profecied þat al so sone as hit devidid and departid on tweyne þat þe festis and þe solempnitees of Rome schulde cese, And liche as þe smokes of þe funerall fire of þe Theban <NOTE N="1" PLACE="foot">MS. Theba <HI REND="italic">sic.</HI></NOTE> <MILESTONE N="5"/> breþere <NOTE N="2" PLACE="foot">MS. C <HI REND="italic">inserts here from Chaucer</HI> Arcite and Pallamon.</NOTE> departed at thebes, riȝt so þe departynge of þe fire vpon here Autirs was a trewe signe and a verye prenostike of diuysion þat schulde folowe amonge hem selfe. Fynally to declare to euery region þat where as the fire of loue and perfite charite stonte departid and devided amonge hem selfe <NOTE N="3" PLACE="foot">MS. selde <HI REND="italic">sic.</HI></NOTE>, hit is a very trewe evidence and a prenosticacioun þat withowte remedie hit drawith to his destruccion. Also in evident tokyn of þe sodeyne myschefe of deuysion þat <NOTE N="4" PLACE="foot">MS. <HI REND="italic">omits.</HI></NOTE> <MILESTONE N="10"/> schulde folowen in Rome, þe fomynge wawes of the adiacente see were stownde∣mele [enhawnsed] <NOTE N="5" PLACE="foot">MS. enhawsed <HI REND="italic">sic.</HI></NOTE> so hiȝe [that they surmounted thigheste] <NOTE N="6" PLACE="foot"><HI REND="italic">Omitted only in</HI> F.</NOTE> Athlantes hillis. Also eke þe riche ymagis of þe temples of Rome made of golde silvere and sondrie meteles so as þei stode in here riche tabernacles þei were seyne þilke tyme of devision full wofully compleynynge and wepynge so ferforþe þat þe teres of <MILESTONE N="15"/> here eyen distillyd downe to þe erthe, to compleyne þe desolacion of þe Cite onely causid bi occasion of þer contagious devision <NOTE N="7" PLACE="foot">oonly caused be theire occasion of outrageous division C.</NOTE> amonge hemselfe. Briddis also ageyne þe custome of here nature were seyne flyenge vpon nyȝtis, and bestis also weren herde spekyn and wemen browȝte forthe monstruous childeren. And all þis vnkowþe wondirs fillen but a litill toforne þis foreseide deuysion in <MILESTONE N="20"/> þe noble Cite of Rome, for þe dredefull tyme aprochid full nere of þe whiche Sibille soo longe hadde profecied aforne whan sche sente þe schorte somme of hir sentence [to] <NOTE N="8" PLACE="foot">MS. of. <HI REND="italic">Others</HI> to.</NOTE> þe Senatures of Rome compendiously in þe Nombre of sixe lettirs, þre. R. R. R. &amp; þre F. F. F., þe whiche weren fully prenosticacion <NOTE N="9" PLACE="foot">provasticacion MS.</NOTE> and declaracion of sixe mischevis þat schulde of necessite fall to Rome com∣prehendith <MILESTONE N="25"/> and includith in þis vj. lettirs specified in þis wise, Regna Rome Ruent Ferro Flamma Fame. Þis is to seyne þe Region of Rome bi þre þyngis schall be drawen too rvyne: Firste bi þe swerde of werre among hemselfe, and nexte bi fire and hungir, þe whiche tweyne myschevis so contagiously schal asaile þe Cite þat hit schall be verely vnpportable vnto hem. And grownde and <MILESTONE N="30"/> Rote of all þis confusion [shall be amonge hem selfe bi discorde and diuision] <NOTE N="10" PLACE="foot">shal . . . diuision <HI REND="italic">om.</HI> MS. <HI REND="italic">I supply from</HI> C, <HI REND="italic">in which others agree.</HI></NOTE>. Furþermore to declare sondrie pronosticacions þat fille in þere Cite, whan þe prestes made sacrifice to þer goddes hire firis sodeynely queynte. In the gravis and sepultures of dede men þer were hirde wofull and lamentable noyses and sownes whiche putte þe peple in passynge grete drede and afraye, and moreouer whan <MILESTONE N="35"/> þe grettiste bisschope of here lawe hadde in þe Cerimonyall ritis Itake a bole, and constrayned hym tenclyne mekely his necke vnder þe Awtere of þe temple,
<PB N="61" REF="68"/>
and þere wassched and bathid his hornes in þe beste wyne þei kowde fynde and þan þei dempte hym able to be slayne for sacrifice, and þan whan þe prouost or þe preste of þe lawe þilke tyme called Arryns with a swerde dismembrid þis bole toforeseide, But in signe of þis lementable and þis wofull deuysion þat þis sacrifice was not acceptable to þe goddis the blode of þis beste whiche þat <MILESTONE N="5"/> kyndely schulde haue be rede was blake as eny picche. And whan þe preste with a dedly pale chere was ferefull and aston[y]ed <NOTE N="1" PLACE="foot">astoned F. <HI REND="italic">Others as above.</HI></NOTE> in his herte hopynge to fynde more fortunate tokenes in þe entrailles within, liche as myne auctowre makith mencioun þei were [horrible] <NOTE N="2" PLACE="foot">MS. oreblye. <HI REND="italic">I follow</HI> C. C <HI REND="italic">alters the order here in severa phrases in the next three lines, but gives the same sense.</HI> PH <HI REND="italic">agree with</HI> F.</NOTE> and stanke as eny careyne, in signe and evident tokene þat none oblacion noþer of bestes nor of blode is acceptable in þe siȝte <MILESTONE N="10"/> of God, specially whan hit is offerid of hertis þat bene devidid. So þat I may Iustely conclude that deuision departith not onely man fro man but hit dis∣seuerith and departith a man from God, and whan þis foreseide Bole was þis dismembrid and departed I fynde þat he toke þe mawe and þe herte and partid hit on tweyne, þe to partie to Cesar and that oþer to Pompey. And whan they <MILESTONE N="15"/> were boþe putte in þe fire of sacrifice þe partie of Pompey sodeynely qveynte, and þe partie of Iulius was with a briȝt and a <NOTE N="3" PLACE="foot"><HI REND="italic">om.</HI> MS. <HI REND="italic">I supply from</HI> C.</NOTE> clere <NOTE N="3" PLACE="foot"><HI REND="italic">om.</HI> MS. <HI REND="italic">I supply from</HI> C.</NOTE> flawme consumed in the fire in evidente [signe that in this mortal division] <NOTE N="3" PLACE="foot"><HI REND="italic">om.</HI> MS. <HI REND="italic">I supply from</HI> C.</NOTE> Cesar schulde be victor and Pompey discomfited. And in this wise þe myschefe and þe ruyne was schewid and declared firste bi dyuerse figures and sondrie likenesses of sterres schewid in þe heuene, and <MILESTONE N="20"/> nexte bi wondirfull monstres in þe erþe, and also be merveilous tokenes schewed in þer sacrifise of beestes [for I finde that whenne somme beestes were dismembred to here sacrifice] <NOTE N="4" PLACE="foot">for . . . sacrifice <HI REND="italic">om.</HI> F. <HI REND="italic">I supply from</HI> C. F <HI REND="italic">substitutes</HI> how. PH <HI REND="italic">follow</HI> C.</NOTE> how they were fovnde withoute herte, to declaren bi open evidence to theire Cite how þe hertes of here goddes were finally turned fro hem. Also þe birdis and þe fowlis of þe eire came homely and not afraied fleenge into <MILESTONE N="25"/> the Cite bi whiche signes þer clerkis þat bene callid Auguryes expowned hit to here confusion. And bi manyfolde mo signes þan I may or can declare þe Euercion of þe Cite full longe was schewed toforne of þis contagious devision.</P>
<P>But schortely tentrete the substawnce of þe storye, vpon þe tyme þat Cesar <NOTE PLACE="marg">X. The Wars.</NOTE> with stronge honde aproched þe bondes of Rome, aftir whan he had wonne þe Citee of Arymye &amp; had <NOTE N="5" PLACE="foot">had] <HI REND="italic">om,</HI> H.</NOTE> also conquered Ravenne, and Pompey for ferde was <MILESTONE N="31"/> fledde towardes þe parties of grece to make himselfe stronge. Thei of Rome hadde schortly determyned in sentence þat Cesar schulde not entre þe Cite but so were þat his hole retinue were lefte behynde. But whan þei knewe and sawe hym so passyngly myȝti &amp; stronge <NOTE N="6" PLACE="foot">mighty and passing stronge tho C.</NOTE> þei gan to quake <NOTE N="7" PLACE="foot">to quaked P.</NOTE> in þer hertes, and namely whan <MILESTONE N="35"/> þei weren destitute of an hed of whiche some of the Dukes of Pompey drowe hem towarde þe partie of Ytaille to a Cite whiche was whilome <NOTE N="8" PLACE="foot">that whilom was H.</NOTE> called dirachyum.
<PB N="62" REF="69"/>
And euer þis worþi knyȝt Iulius with his cheualrye pursued aftir and all þat with∣stode he slowe, and þe remenaunt he put manlye <NOTE N="1" PLACE="foot">manly <HI REND="italic">om.</HI> P.</NOTE> to the fliȝt, and day be day þe powere of Cesar gan multeplye and encrese, and magrey all his enemyes of very force he entrede þe Cite, &amp; liche as some Autours expresse whan þe Romeyns for drede were redy to haue resseyved him bi þe gatis he of indignacioun and <MILESTONE N="5"/> disdeyne made breke þe wallys <NOTE N="2" PLACE="foot">wal H: to breke the walle C.</NOTE> &amp; prowdely entered as a conquerowre &amp; Iuste∣fied þe Romeynes at his liste, and hoolly vndevided toke on him þe gouernaunce not onely of þe Cite but of all þe hole Empire, and <NOTE N="3" PLACE="foot">and thanne C.</NOTE> magrey þe Senat he brake þe brasyn dores of here tresor <NOTE N="4" PLACE="foot">tresorye C.</NOTE> and bi violens toke and rawȝt hit away and plentiously departed amonge his kniȝtes. <MILESTONE N="10"/></P>
<P>And in þe mene while full many kniȝtis of þe Este partie of þe worlde came &amp; assembled tofore þe fore seide Cite <NOTE N="5" PLACE="foot">callid D— <HI REND="italic">add.</HI> PH: thoo called Dirachon C.</NOTE> Dirachyum of entente to sustene þe partie of Pompey ageyne Iulius. And also sone as þer was made relacion to Cesar of þis grete assemble he made none delay but with all his powere passede bi a con∣tre whiche [of] my auctour is called Epirum <NOTE N="6" PLACE="foot">Epiron C.</NOTE>, and so he entrede into þe costes of <MILESTONE N="15"/> Thesalye <NOTE N="7" PLACE="foot">of grete Tessalye C.</NOTE> where as he fownde Pompey batailed <NOTE N="8" PLACE="foot">batailled H: enbattelled C: enbatailled P.</NOTE> aȝenste hym with foure skore Cohortes and eiȝte <NOTE N="9" PLACE="foot">eche C <HI REND="italic">sic.</HI></NOTE> departed into þre <NOTE N="10" PLACE="foot">twoo.</NOTE> wardes. Now to declare <NOTE N="11" PLACE="foot">and to know C.</NOTE> þe nombre and þe multitude <NOTE N="12" PLACE="foot"><HI REND="italic">om.</HI> P.</NOTE> of a Cohorte, ȝe schall vndirstonde þat þer be two maner Cohortes þe more and þe lasse &amp; þe more bi discripcioun of Auctours conteynyth fyve hunderid &amp; þe lasse þre hunderid <NOTE N="13" PLACE="foot">&amp; . . . hunderid] <HI REND="italic">om.</HI> C. the lasse CC P.</NOTE>. There weren also in þe party of <MILESTONE N="20"/> Pompey fourtye þowsande of fotemen <NOTE N="14" PLACE="foot">Salsmen.</NOTE> and in þe lefte whynge þer were beside all þis sixe hunderede knyghtis on hors backe and in þe riȝt whynge þer were five hunderede amonge þe whiche as vyncent in his merowre historiall makith mynde þer were many kynges and prynces &amp; many oþer worþi Senatours and knyghtis of Rome þe whiche came in defence of Pompey, and liche as it is remembrid also <MILESTONE N="25"/> Cesar had fowre skore of Cohortes devided and departed in þre wardes and with þis he had þritty þowsande of fotemen withowte passynge grete nombre of worþi knyȝtis on horse backe. And in þis mortale bataile all þe partie of Pompey was put to fliȝt &amp; slawen <NOTE N="15" PLACE="foot">of them was slayn P.</NOTE> on his side xij þowsande, and of worþi leders which be called Centauryenes slayne þrittye and þre. And Pompey fledde oute of the felde <MILESTONE N="30"/> and for his refuge toke a schippe, &amp; bi þe bondis of Asye he passed þorowȝe <NOTE N="16" PLACE="foot">throughoute C.</NOTE> Tire &amp; arrivede in Egipte, and þer anone at his arryvaille bi þe comawndement of Tholome kynge of Egipte he was beheueded onely for love and <NOTE N="17" PLACE="foot"><HI REND="italic">om.</HI> P.</NOTE> fauowre <NOTE N="17" PLACE="foot"><HI REND="italic">om.</HI> P.</NOTE> of Cesar. And [fro] <NOTE N="18" PLACE="foot">fro HCP: for F.</NOTE> þilke victorie þis foreseide Cesar hastede to þe parties of Syrie towarde þe myȝti Cite of Alisaundre &amp; þer Tholome kynge of Alisawndre <MILESTONE N="35"/> helde a bataille with Cesar bothe one londe and watere. In whiche were slayne
<PB N="63" REF="72"/>
two and twenti þowsande in þe felde &amp; xij. hundered schippis discomfited and dreynte, and Tholome þe kynge as he wolde haue fledde owte of schippe and come to londe for haste he fille into þe see and was drowned and as his bodye was caste to londe he was knowen and discerned bi a gilte haberion, the whiche haberion <NOTE N="1" PLACE="foot">and that Cesare C. haberion] <HI REND="italic">om.</HI> P.</NOTE> Cesar made to be sente to þe Cite of Alisawndere for drede of the <MILESTONE N="5"/> whiche þei Alisawndere ȝelde þe Cite vp to hym.</P>
<P>Than he repeired ageyne in to Egipte and bi occasion of þe deþe of Tholome þe kynge he gafe þe Ceptre and þe regalie and hole þe <NOTE N="2" PLACE="foot">þe] <HI REND="italic">om.</HI> H: hoole and the C: þe olde gou<HI REND="italic">er</HI>nance P.</NOTE> governaunce of Egipte to þe quene Cleopatre <NOTE N="3" PLACE="foot">Cleopatrace C.</NOTE>. And so aftir þe conqueste of many oþir prouynces and londes he repeired ageyne þe seconde tyme vnto Rome, and þer he toke vpon him two <MILESTONE N="10"/> offices boþe <NOTE N="4" PLACE="foot">þ<HI REND="italic">at</HI> is to sey <HI REND="italic">add.</HI> P.</NOTE> of counsell and dictator.</P>
<P>And fro thens he wente to þe conqueste of Affrike and gan a newe werre in especiall ageyne all þe aliaunce and þe blode of Pompey, and slewe all þe Dukks þat weren <NOTE N="5" PLACE="foot">so were.</NOTE> enclyned or favowrable to þe partie of Pompey, amongis whiche were slayne þre myȝti prynces Faustus <NOTE N="6" PLACE="foot">Rausius H.</NOTE> Cilla &amp; Postumus <NOTE N="7" PLACE="foot">Pompus C.</NOTE>, and Pompeya þe dowȝtir <MILESTONE N="15"/> of Pompey Iuged to be dede, and fro þilke parties he entrede with myȝti and with stronge honde in to Spayne, And þer so as Suetonye writith <NOTE N="8" PLACE="foot">as wrightynge witnesseth C.</NOTE> he toke vpon hym powere to resceyve þe tribute whiche on þe partie of Spayne was dewe to Rome. And so as þis auctowre makith mynde he in his conqueste procedede so ferre þat he came to þe pillers of Gades, and þer he entrede into þe temple of þe stronge <MILESTONE N="20"/> myȝti champion called Hercules, and whan he behelde in þe same temple a riche ymage of golde set vp for a memoriall of kynge Alisawndre, anone þis Cesar gan to sigh and compleyne <NOTE N="9" PLACE="foot">compleyned H.</NOTE> in hymselfe þat he neuer myȝt atteyne in his conquest to disserue so victorious a palme of worþynes as in here tyme dede Alisawndre and hercules. And þus ful <NOTE N="10" PLACE="foot">for P.</NOTE> truste and heuy he yssynge owte of þe temple of <MILESTONE N="25"/> hercules fully purposed him in his corage knyȝtly to take vpon hym of knyȝtly corage some newe Emprices of hiȝe prowes. whiles þat he was þis suppreised [in] <NOTE N="11" PLACE="foot">in] <HI REND="italic">so</HI> CHP: <HI REND="italic">om.</HI> F.</NOTE> his besy þowȝte þe nexte nyȝt sewenge he had a wonderfull avision whiche was þis: hit sempte vnto hym in his slepe þat he medled fleschely with his owne moder. Of þe whiche dreme he full gretely afraied and horribelye agresid, he made call to <MILESTONE N="30"/> his presence his wise Philosophers and dyuynours to yiue a pleyne &amp; a clere inter∣pretacioun vpon his dreme. And þei anone concluded in sentence þat hit was an evidente signe þat he schulde be fully <NOTE N="12" PLACE="foot">fully] <HI REND="italic">om.</HI> P.</NOTE> put in possession to haue þe Imperiall domynacion of all þe worlde, for þis prudent philosofers vndirstode noþynge bi þe fleschely coniunccion he had with his modir but a knotte of aliaunce performed <MILESTONE N="35"/> vp <NOTE N="13" PLACE="foot">vp] <HI REND="italic">om.</HI> C.</NOTE> atwene þe erþe and hym, vndirstondynge in þer exposicion þat bi þat he schulde atteyne to be lorde &amp; Emperour ovir all parties of þe erþe, and þis in all
<PB N="64" REF="73"/>
haste aftir þe myȝti conqueste of Affrike, he repeired ageyne to Rome and was made Emperour of all þe worlde so fer forþe enhaunsed on heiȝte þat þe sonne of his worþines was ronne so ferre vp in his spere þat hit atteyned the hiest prikke of his exaltiacion, so þat of necessite he muste discende, for as þe storie makith mencion he percevered not in his Empire fully þe space of a <NOTE N="1" PLACE="foot">v. CPH.</NOTE> ȝere. <MILESTONE N="5"/></P>
<P>And for to reherse compendiously þe prodigies and þe wondirfull signes þat <NOTE PLACE="marg">XI. The signs of Caesar's fall.</NOTE> fille aforne his deþe hit is remembred þat þe same ȝere of Julius deþe in þe yle of Capwe was fownden bi quareiours of þe countree a riche towmbe of stone; &amp; þerin was fownde a litill tablet of golde grauen with Grekisse lettirs, seyenge in þis wise: 'Whaneuer hit falle þat þe towmbe of Capis be opened and þat his <MILESTONE N="10"/> bonys be vnclosed þat ȝere schall þe worþi conquerowre Iulius Cesar be mordrid in þe Capitolie at Rome bi false conspiracie of hem þat he trusteth moste' <NOTE N="2" PLACE="foot">most to <HI REND="italic">add.</HI> P.</NOTE>. Now was þis foresaide Capis a worþi man &amp; of grete auctorite and þe firste fowndowre and begynnere of þe Countre of Capwe, þe cowntrey named <NOTE N="3" PLACE="foot">was named P.</NOTE> aftir him. And liche as þe lettirs in greke specified <NOTE N="4" PLACE="foot"><HI REND="italic">om.</HI> P.</NOTE> hit befille. And þe seconde signe and <MILESTONE N="15"/> prodigie þat fille tofore þe deþe of Cesar was þis: vpon þe same nyȝt toforne þat he was slayne in þe morowe þis Iulius had a reuelacion, semynge vnto hym in his slepe þat he was whynged like an egle &amp; how he toke his fliȝt so hie þat he sorede above þe skyes and aproched to þe celestiall see of Iubitere and fille adowne vpon þe riȝt honde of þis god. Anoþer prodigie þer fille also his noble wife <MILESTONE N="20"/> Calaphurmya a litill tofore the deþe of hir lorde hadde a dreme semynge in hir slepe þat þe hiest pynacle of þe imperiall paleis sodeynely fill downe <NOTE N="5" PLACE="foot">adowne.</NOTE>, and þer vp anone all þe wyndowes of þe chambre where sche slepe withoute honde of eny man sturdely brake a two þe barres of yren and opened, of whiche noise afraied in hir slepe [sche abrayde] <NOTE N="6" PLACE="foot">sche abrayde] <HI REND="italic">so</HI> C: abrayde H: abrayded P: <HI REND="italic">om.</HI> F Trev. and Rog.</NOTE> and of hir femynyne drede full sore siȝed in hir herte as sche þat <MILESTONE N="25"/> cowde not conceyve whate hit mente. Also as Vincent in his historiall merowre makith mencion an hundred daies toforne his piteous mordre In þe large market∣place of Rome where as þe statute and þe grete Image of Cesar stode vpon an heiȝe pilere, þe name of Cesar with lettirs of golde grauved above his hed, the tyme of day whan þe wedir and þe attempre ayre was moste clere and still with <MILESTONE N="30"/> a sodeyne stroke of þe fire <NOTE N="7" PLACE="foot">fire] <HI REND="italic">om.</HI> PHC.</NOTE> leuene <NOTE N="8" PLACE="foot">leme.</NOTE> the firste lettre of his name C was smete away declarynge bi þis pronosticall signe þat liche as þe lettre C in nombre betokeneth an hundered and was also moste craftely wrouȝt and graued as for þe chefe capitall lettre of his name, to schewe openly þat þe racynge away of his lettre bi violens of þe levene, þat he þat was hed of þe erþe schulde <NOTE N="9" PLACE="foot">shulde be Trev. Rog.</NOTE> within þe space <MILESTONE N="35"/> of an hundirde daies next sewynge be vengeably mordered in Rome. Also, þe same daye of his mordir as he wente moste riall in his imperiall araye towarde þe consistorie a pore man called Tongilius toke him lettirs of all þe purposid
<PB N="65" REF="74"/>
conspiracie bi þe Senat vpon his deþe, but for he was neccligent to rede þe lettris and vnclos hem þe vengeable mordre was execute vpon him bi whiche example lete no man be slowe nor neccligente to make delaye to rede his lettirs leste aftir for his necclygence hit turne hym to grete damage whiche aftir may <NOTE N="1" PLACE="foot">aftir is not H.</NOTE> not liȝtly <NOTE N="2" PLACE="foot">liȝtly] <HI REND="italic">om.</HI> P.</NOTE> be recured <NOTE N="3" PLACE="foot">remedyed ne recovred C.</NOTE>. <MILESTONE N="5"/></P>
<P>The <NOTE N="4" PLACE="foot">The] <HI REND="italic">om.</HI> HCP.</NOTE> chefe causere and werkere of þis mordre was Brutus Cassius, associed <NOTE PLACE="marg">XII. Cae∣sar's fall.</NOTE> vnto hym two hundred and sixty of þe Senat, all <NOTE N="5" PLACE="foot">alle they C.</NOTE> hauynge boidekyns hid in here sleues, and as hit in storie remembrith <NOTE N="6" PLACE="foot">is in story remembrid HPC.</NOTE> he had fowre and twenty dedely wowndes as he sate in the Capitolye, and as seiþe myne auctour he neuer in all his smerte made neiþer crye nor noise excepte onely a lamentable and dolorous siȝe like <MILESTONE N="10"/> a man þat with sodeyne sorowe were afraied. so þat towchynge þe vengeable maner of his piteous <NOTE N="7" PLACE="foot">this petitous H.</NOTE> mordre I may conclude with hym þat was flowre of poetis in owre englisshe tonge &amp; þe firste þat euer enluminede owre langage with flowres of Rethorike and of <NOTE N="8" PLACE="foot">of] <HI REND="italic">om.</HI> C Rog.</NOTE> elloquence, I mene my maistere Chaucere whiche compendiously wrote þe deþe of þis myȝti Emperour seyenge in þis wise: <MILESTONE N="15"/></P>
<LG>
<L>'with boidekyns was Cesar Iulius</L>
<L>mordered at Rome of Brutus Cassius,</L>
<L>whan many <NOTE N="9" PLACE="foot">many a region C Rog.</NOTE> land and regne he <NOTE N="10" PLACE="foot">he <HI REND="italic">om.</HI> Rog.</NOTE> had <NOTE N="11" PLACE="foot"><HI REND="italic">om.</HI> P.</NOTE> browȝte full <NOTE N="12" PLACE="foot"><HI REND="italic">om.</HI> P.</NOTE> lowe;</L>
<L>loo who <HI REND="italic">m</HI>ay triste fortune any throwe?'</L>
</LG>
<P>This bi recorde of my wise prudente maistere to foreseide, þe frowarde and <NOTE PLACE="marg">XIII. The Exordium.</NOTE> þe contrarious ladye Dame Fortune þe blynde and þe peruerse goddes with hir gery and vnware violence sparith noþer Emperour nor kynge to plonge him <MILESTONE N="22"/> downe sodeynely fro þe hiest prikke of hir vnstable whele. Alas lete euery man lifte vp his hertis eye and prudently aduerten þe mutabilite and þe sodeyne change of þis false worlde. And lete þe wise gouernours <NOTE N="13" PLACE="foot">gouernance C.</NOTE> of euery londe <NOTE N="14" PLACE="foot">Region and londe C.</NOTE> and <MILESTONE N="25"/> region make a merowre in here mynde of þis manly man <NOTE N="15" PLACE="foot">man] <HI REND="italic">om.</HI> C.</NOTE> Iulius, and consideren in þer hertis þe contagious damages &amp; þe importable harmes of devision, and lete hem seen avisely and take example how þe ambicious pride of Iulius, and þe fretynge envie of Pompeyus, and þe vnstawncheable gredy covetise of Marcus Crassus were chefe and primordiall cause firste of here owne distruccion execute <MILESTONE N="30"/> and complissched bi cruell deþe, and not onely þat þese þre <NOTE N="16" PLACE="foot">foreseide iij. HPC.</NOTE> abhomynable vices were cause of here owne deþe but occasion of many a þowsande oþer mo þan I can tell, the <NOTE N="17" PLACE="foot">Thus the, Trev. Rog.</NOTE> cite of Rome not onely made bare and bareyne of þer olde richesis and spoiled of here tresowre on þe too side, but destitute and desolate bi <NOTE N="18" PLACE="foot"><HI REND="italic">om.</HI> P.</NOTE> deþe <NOTE N="18" PLACE="foot"><HI REND="italic">om.</HI> P.</NOTE> of
<PB N="66" REF="75"/>
here kniȝthod on þe toþer side; whiche me semyth owȝte Inow suffise to exemplifie whate hit is to begynne a werre, &amp; specially to considre <NOTE N="1" PLACE="foot">C <HI REND="italic">ends after this word</HI>: in theire hertis themportable harmes of division. The foreseide division so to schewe I have remembred this litill translacion, the moneth of decembre the first yere of oure souvereigne lorde that now ys. King Henry the vj<SUP>te</SUP>. A Lenvoye lidgate J. b. Here endeth the cronycule of Julius Caesar Emperour of Rome tyme, specifying cause of the ruyne and destruccion of the same, and translated by me, Danne John Lidgate, monke of Bury seint Edmund the yer of our lord god m<SUP>l</SUP> iiij<SUP>c</SUP>.</NOTE> þe irrecuperable harmes of division. and for þis skille moste especially <NOTE N="2" PLACE="foot">in especiall P.</NOTE> bi commaundemente of my moste worschipfull maistere &amp; souereyne <NOTE N="3" PLACE="foot">&amp; souereyne <HI REND="italic">om.</HI> HPC Rog. Trev.</NOTE>, I toke vpon me þis litill and þis compendious translacion, &amp; <NOTE N="4" PLACE="foot">&amp; . . . plesaunce] <HI REND="italic">om.</HI> P: to put it P.</NOTE> of entente to don him plesaunce <NOTE N="4" PLACE="foot">&amp; . . . plesaunce] <HI REND="italic">om.</HI> P: to put it P.</NOTE> after my litill connyng <MILESTONE N="5"/> I haue hit put in remembrawnce.</P>
<LG>
<HEAD>[Lenvoy] <NOTE N="5" PLACE="foot"><P>Envoy <HI REND="italic">om. in</HI> CH. Thus endeth this lyttle treatise entytuled the Damage and destruccyon in Realmes. Newly and of late Enprynted by me Peter Treuerys, Dwellynge at London in Southwarke, at the sygne of the wedowes. Trev.</P>
<P><HI REND="italic">The Lenvoy follows on the last page without title in Trev.</HI>: Thus endeth this little treatise entituled the serpent of diuision, made by John Lydgate ✚.</P>
<P><HI REND="italic">The Lenvoye is entitled</HI>: The declaracion of thys tragical History in this lytle Booke.—<HI REND="italic">Rog.</HI>.</P>
<P><HI REND="italic">At the end in Rog.</HI> Finis. Imprinted at London by Owen Rogers dwelling in Smithfielde by the Hospital in litle S. Bartelmewes.</P>
<P>Exp<HI REND="italic">licit</HI> quoþ J. de B. <HI REND="italic">in</HI> P: Explicit H.</P>
<P><HI REND="italic">Collation in Envoy</HI>: Of Pompey and of <HI REND="italic">Trev. Rog.</HI> Pompey <HI REND="italic">is probably trisyllabic in the original.</HI></P></NOTE></HEAD>
<L>This litill prose declarith in figure</L>
<L>The grete damage and distruccion,</L>
<L>That whilome fill, bi fatell auenture,</L>
<L>Vnto Rome, þe myȝti riall towne, <MILESTONE N="10"/></L>
<L>Caused onely bi false devision</L>
<L>Amonge hem selfe, þe storie tellith þis,</L>
<L>Thorowe covetise and veyne Ambicion</L>
<L>Of Pompey and Cesar Iulius.</L>
</LG>
<LG>
<L>Criste hymselfe recordith in scripture <MILESTONE N="15"/></L>
<L>That euery londe and euery region</L>
<L>Whiche is devided may no while endure,</L>
<L>But turne in haste to desolacion;</L>
<L>For whiche, ȝe lordes and prynces of renowne,</L>
<L>So wyse, so manly, and so vertuous, <MILESTONE N="20"/></L>
<L>Maketh a merowre toforne in youre resoun</L>
<L>Of Pompey and Cesaer Iulius,</L>
</LG>
<LG>
<L>Harme don bi deþe no man may recure,</L>
<L>Aȝeins whose stroke is no redempcion,</L>
<L>Hit is full hard in fortune to assure, <MILESTONE N="25"/></L>
<L>Here whele so ofte turnith vp and downe.</L>
<L><PB N="67" REF="76"/>And for teschewe stryf and dissencion</L>
<L>Within yowreself beth not contrarious,</L>
<L>Remembring ay in yowre discrecion</L>
<L>Of Pompey and Cesar Iulius.</L>
</LG>
<TRAILER>Explicit.</TRAILER>
</DIV1>
</BODY>
</TEXT>
</EEBO>
</ETS>
