<?xml version="1.0"?>
<DLPSTEXTCLASS><HEADER><FILEDESC><TITLESTMT><TITLE TYPE="245" I2="0">Iacob and Iosep; a middle English poem of the thirteenth century, ed. by Arthur S. Napier.</TITLE></TITLESTMT><EXTENT>78 600dpi TIFF G4 page images</EXTENT><PUBLICATIONSTMT><PUBLISHER>University of Michigan Library</PUBLISHER><PUBPLACE>Ann Arbor, Michigan</PUBPLACE><DATE>2006</DATE><IDNO TYPE="dlps">ACB1675.0001.001</IDNO><IDNO TYPE="lccallno">828 J159 N19</IDNO><AVAILABILITY><P>Where applicable, subject to copyright.  Other restrictions on distribution may apply.  Please  go to http://www.umdl.umich.edu/ for more information.</P></AVAILABILITY></PUBLICATIONSTMT><SOURCEDESC><BIBLFULL><TITLESTMT><TITLE TYPE="245" I2="0">Iacob and Iosep; a middle English poem of the thirteenth century, ed. by Arthur S. Napier.</TITLE><AUTHOR>Napier, Arthur S. (Arthur Sampson), 1853-1916.</AUTHOR></TITLESTMT><EXTENT>xxxii, 41 p. double facsim. 17 cm.  </EXTENT><PUBLICATIONSTMT><PUBPLACE>Oxford,</PUBPLACE><PUBLISHER>Clarendon press,</PUBLISHER><DATE>1916.</DATE></PUBLICATIONSTMT></BIBLFULL></SOURCEDESC></FILEDESC><ENCODINGDESC><PROJECTDESC><P>Header created with script mrcb2teiutf.xsl on 2006-02-22.</P></PROJECTDESC><EDITORIALDECL N="4"><P>This electronic text file was created by Optical Character Recognition (OCR). No corrections have been made to the OCR-ed text and no editing has been done to the content of the original document. Encoding has been done using the recommendations for Level 1 of the TEI in Libraries Guidelines. Digital page images are linked to the text file.</P></EDITORIALDECL></ENCODINGDESC><PROFILEDESC><LANGUSAGE ID="eng"><LANGUAGE>eng</LANGUAGE></LANGUSAGE></PROFILEDESC></HEADER><TEXT><FRONT><DIV1 NODE="ACB1675.0001.001:1" TYPE="omitted front matter"><P>



<EPB/><PB REF="00000001.tif" SEQ="00000001" RES="600dpi" FMT="TIFF6.0" FTR="UNS" CNF="999" N=""/>

</P></DIV1><TITLEPAGE><EPB/><PB REF="00000002.tif" SEQ="00000002" RES="600dpi" FMT="TIFF6.0" FTR="UNS" CNF="999" N=""/><DOCTITLE><EPB/><PB REF="00000003.tif" SEQ="00000003" RES="600dpi" FMT="TIFF6.0" FTR="UNS" CNF="999" N="[iii]"/><TITLEPART TYPE="main">IACOB AND IOSEP</TITLEPART><TITLEPART TYPE="sub">A MIDDLE ENGLISH POEM OF THE THIRTEENTH CENTURY</TITLEPART></DOCTITLE><BYLINE>EDITED BY<DOCAUTHOR>ARTHUR S. NAPIER</DOCAUTHOR> M.A., D.LITT., LITT.D., PH.D.<LB/> FELLOW OF THE BRITISH ACADEMY<LB/> MERTON PROFESSOR OF ENGLISH LANGUAGE AND LITERATURE IN THE UNIVERSITY OF OXFORD</BYLINE><DOCIMPRINT><PUBPLACE>OXFORD</PUBPLACE>
<PUBLISHER>AT THE CLARENDON PRESS</PUBLISHER>
<DOCDATE>1916</DOCDATE></DOCIMPRINT><EPB/><PB REF="00000004.tif" SEQ="00000004" RES="600dpi" FMT="TIFF6.0" FTR="UNS" CNF="999" N="iv"/><DOCIMPRINT><PUBLISHER>PRINTED IN ENGLAND AT THE OXFORD UNIVERSITY PRESS</PUBLISHER></DOCIMPRINT></TITLEPAGE><DIV1 NODE="ACB1675.0001.001:2" TYPE="omitted front matter"><P>



<EPB/><PB REF="00000005.tif" SEQ="00000005" RES="600dpi" FMT="TIFF6.0" FTR="UNS" CNF="999" N=""/>

<EPB/><PB REF="00000006.tif" SEQ="00000006" RES="600dpi" FMT="TIFF6.0" FTR="UNS" CNF="999" N=""/>

<EPB/><PB REF="00000007.tif" SEQ="00000007" RES="600dpi" FMT="TIFF6.0" FTR="UNS" CNF="999" N=""/>

<EPB/><PB REF="00000008.tif" SEQ="00000008" RES="600dpi" FMT="TIFF6.0" FTR="UNS" CNF="999" N="viii"/>

<EPB/><PB REF="00000009.tif" SEQ="00000009" RES="600dpi" FMT="TIFF6.0" FTR="UNS" CNF="999" N="ix"/>

<EPB/><PB REF="00000010.tif" SEQ="00000010" RES="600dpi" FMT="TIFF6.0" FTR="UNS" CNF="999" N="x"/>

<EPB/><PB REF="00000011.tif" SEQ="00000011" RES="600dpi" FMT="TIFF6.0" FTR="UNS" CNF="999" N="xi"/>

<EPB/><PB REF="00000012.tif" SEQ="00000012" RES="600dpi" FMT="TIFF6.0" FTR="UNS" CNF="999" N="xii"/>

<EPB/><PB REF="00000013.tif" SEQ="00000013" RES="600dpi" FMT="TIFF6.0" FTR="UNS" CNF="999" N="xiii"/>

<EPB/><PB REF="00000014.tif" SEQ="00000014" RES="600dpi" FMT="TIFF6.0" FTR="UNS" CNF="999" N="xiv"/>

<EPB/><PB REF="00000015.tif" SEQ="00000015" RES="600dpi" FMT="TIFF6.0" FTR="UNS" CNF="999" N="xv"/>

<EPB/><PB REF="00000016.tif" SEQ="00000016" RES="600dpi" FMT="TIFF6.0" FTR="UNS" CNF="999" N="xvi"/>

<EPB/><PB REF="00000017.tif" SEQ="00000017" RES="600dpi" FMT="TIFF6.0" FTR="UNS" CNF="999" N="xvii"/>

<EPB/><PB REF="00000018.tif" SEQ="00000018" RES="600dpi" FMT="TIFF6.0" FTR="UNS" CNF="999" N="xviii"/>

<EPB/><PB REF="00000019.tif" SEQ="00000019" RES="600dpi" FMT="TIFF6.0" FTR="UNS" CNF="999" N="xix"/>

<EPB/><PB REF="00000020.tif" SEQ="00000020" RES="600dpi" FMT="TIFF6.0" FTR="UNS" CNF="999" N="xx"/>

<EPB/><PB REF="00000021.tif" SEQ="00000021" RES="600dpi" FMT="TIFF6.0" FTR="UNS" CNF="999" N="xxi"/>

<EPB/><PB REF="00000022.tif" SEQ="00000022" RES="600dpi" FMT="TIFF6.0" FTR="UNS" CNF="999" N="xxii"/>

<EPB/><PB REF="00000023.tif" SEQ="00000023" RES="600dpi" FMT="TIFF6.0" FTR="UNS" CNF="999" N="xxiii"/>

<EPB/><PB REF="00000024.tif" SEQ="00000024" RES="600dpi" FMT="TIFF6.0" FTR="UNS" CNF="999" N="xxiv"/>

<EPB/><PB REF="00000025.tif" SEQ="00000025" RES="600dpi" FMT="TIFF6.0" FTR="UNS" CNF="999" N="xxv"/>

<EPB/><PB REF="00000026.tif" SEQ="00000026" RES="600dpi" FMT="TIFF6.0" FTR="UNS" CNF="999" N="xxvi"/>

<EPB/><PB REF="00000027.tif" SEQ="00000027" RES="600dpi" FMT="TIFF6.0" FTR="UNS" CNF="999" N="xxvii"/>

<EPB/><PB REF="00000028.tif" SEQ="00000028" RES="600dpi" FMT="TIFF6.0" FTR="UNS" CNF="999" N="xxviii"/>

<EPB/><PB REF="00000029.tif" SEQ="00000029" RES="600dpi" FMT="TIFF6.0" FTR="UNS" CNF="999" N="xxix"/>

<EPB/><PB REF="00000030.tif" SEQ="00000030" RES="600dpi" FMT="TIFF6.0" FTR="UNS" CNF="999" N="xxx"/>

<EPB/><PB REF="00000031.tif" SEQ="00000031" RES="600dpi" FMT="TIFF6.0" FTR="UNS" CNF="999" N="xxxi"/>

</P><EPB/><PB REF="00000032.tif" SEQ="00000032" RES="600dpi" FMT="TIFF6.0" FTR="UNS" CNF="999" N="xxxii"/></DIV1></FRONT><BODY><DIV1 NODE="ACB1675.0001.001:3" TYPE="poem"><EPB/><PB REF="00000033.tif" SEQ="00000033" RES="600dpi" FMT="TIFF6.0" FTR="UNS" CNF="999" N="[1]"/><HEAD>[IACOB AND IOSEP]<NOTE1 N="*" ID="DLPS1">No heading in MS.</NOTE1></HEAD><L>Wolle ȝe nou ihere wordes swiþe gode<MILESTONE N="1a" UNIT="folio"/></L><L>Of one patriarke after Noees flode?</L><L>Nellic ȝou nouȝt tellen of þis flodes grame,</L><L>Bote of one patriarke, Iacob was his name.</L><L N="5">While men loueden meri song, gamen &amp; feire tale;</L><L>Nou hem is wel leuere gon to þe nale,</L><L>Vcchen out þe gurdel &amp; rume þe wombe,</L><L>Comen erliche þider &amp; sitte þer ful longe.</L><L>Þat is þe soule ful loþ, &amp; lef þe licame,</L><L N="10">Bote we hit bileuen, hit biþ a luþer game.</L><L>To fullen oure wombe hit is lutel pris,</L><L>&amp; seþþe ligge slepe, such hit were a gris.</L><L>Þus ferden oure aldren bi Noees dawe,</L><L>Of mete &amp; of drinke hi fulden here mawe;</L><L N="15">&amp; for ȝiuernesse þei weren riȝt wod;</L><L>For þi sende oure Louerd Noees flod.</L><L>Þo hi miȝten drinke þat hi weren fulle,</L><L>Hi floten swiþe riued bi dich &amp; bi pulle.</L><L>Þer nas in þis world hul non so heiȝ,</L><L N="20">Þat tis vnirude flod muchel ne ouersteiȝ.</L><L>Nou ich wole fon on þer ich er let,</L><L>&amp; tellen ou of Iacob, so ich ȝou bihet.</L><L>Iacob liuede in londe &amp; louede Godes lawe</L><L>So dude Ysaac his fader bi his lifdawe.</L><L N="25">Iacob liuede in londe, &amp; feire he ladde his lif,</L><L>Sones he wan ten on Lya his wif;
<EPB/><PB REF="00000034.tif" SEQ="00000034" RES="600dpi" FMT="TIFF6.0" FTR="UNS" CNF="999" N="2"/></L><L>On Rachel he wan tweye, Iosep &amp; Beniamin.</L><L>Betere is for to here þis tale þen to drinke win;<MILESTONE N="1b" UNIT="folio"/></L><L>For whoso hereþ þis tale to þe nendinge,</L><L N="30">Of more reufule song herde he neuere singe.</L><L>Nou he sit in halle, Iacob þe elde man,</L><L>&amp; his sones alle from felde comeþ hom.</L><L>Iacob bihalt his sones, of hem he was bliþe;</L><L>&amp; Iosep þe ȝunge bigan to speke swiþe.</L><L N="35">His fader he tolde a swefne aniȝt þat him mette</L><L>&amp; bad swiþe ȝerne telle þat me him lette.</L><L>'Do nou, mi sone dere, God leue þe so to speke,</L><L>Þat tou in none worde his heste ne tobreke.'</L><L>'Vader,' seide Iosep, 'nou ich wole þe telle</L><L N="40">Of mine metinge &amp; of mine spelle.</L><L>Me þuȝte, ase ich slepte, afeld þat we were,</L><L>Þou &amp; mi moder &amp; mine breþren here;</L><L>&amp; so we repen oure corn &amp; oure sseues knetten,</L><L>&amp; vpriȝt in þe felde wel feire we hem setten,</L><L N="45">Me þuȝte þat ȝoure sseues, þer hi stoden alle,</L><L>To me þei gonnen louten &amp; to mi fet falle.</L><L>Ȝit me þuȝte an oþer, fader, God hit wot,</L><L>Þat te sunne &amp; þe mone fellen to mi fot.</L><L>Ȝit me þuȝte þe þridde, fader, telli þe,</L><L N="50">Þat elleue sterren to fote fellen me.</L><L>Þis is mi sweuene, fader, þat ich telle þe,</L><L>Ȝif hit þi wille were, ared what hit mai be.'</L><L>Þenne seide Iacob to Iosep his sone,</L><L>'Tide wat bitide, ȝit wole þi swefne come.</L><L N="55">Tide wat bitide, ȝit wole þi swefne be.<MILESTONE N="2a" UNIT="folio"/></L><L>Ich wene mid iwisse, ȝut we hit ssulen ise,</L><L>Þat ich &amp; þi moder &amp; þine breþren ek</L><L>Moten for fine nede comen to þine fet.'
<EPB/><PB REF="00000035.tif" SEQ="00000035" RES="600dpi" FMT="TIFF6.0" FTR="UNS" CNF="999" N="3"/></L><L>Þis iherden his breþren, þerfore hem was ful wo,</L><L N="60">Hi gonnen hatie Iosep ase here fulle fo.</L><L>Þau alle<NOTE1 N="*" ID="DLPS2"><HI1 REND="i">alle</HI1>] MS. <HI1 REND="i">allạe.</HI1></NOTE1> his ten breþren þerfore hateden hine,</L><L>Þat oure Louerd wole habben ido mai no man binime</L><L>Þis breþren wendeþ afeld to witen here fe,</L><L>Ac Iosep leuede at hom, þat hende was &amp; fre.</L><L N="65">Iacob sit in halle &amp; clepeþ Iosep his sone;</L><L>Þat child swiþe sone to his fader is icome.</L><L>At his fader fot þat child him sit akne,</L><L>&amp; axeþ him wel feire wat his wille be.</L><L>Sone seide Iacob, 'Wende þou most afeld</L><L N="70">To seche þine breþren, &amp; wer be here teld.</L><L>Bring vs hom tiding hu þine breþren fare.</L><L>Vre Louerd, þat is in heuene, berewe þe from care.'</L><L>Iosep geþ afeldward, euel ne þouȝte he non,</L><L>He wende to sechen his breþren, &amp; souȝte his fulle fon.</L><L>He secheþ hem, ne mai he hem finde, þerfore him was wo;</L><L N="76">Þenne fond a man al one þe child wondrinde go.</L><L>Þis man axede þat child woder he wolde te;</L><L>Iosep his breþren secheþ &amp; fain hem wolde ise.</L><L>Þe man onswerede þat child, &amp; þus he spac to him,</L><L N="80">'Hi beþ in one felde, hatte Dotaym;</L><L>Ac lutel er hi weren in Sichem, bi hem ich stod þo.</L><L>Child, ȝif þou hem wolt finde, to Dotaym þu go.<MILESTONE N="2b" UNIT="folio"/></L><L>Child, ȝif þou hem wolt finde, to Dotaym þu go riȝt,</L><L>Also ich vnderstonde, þer þu hem finde miȝt.'</L><L N="85">Iosep mid gode wille þiderward he geþ,</L><L>Þer alle hise ten breþren habbeþ isworen his deþ.</L><L>He cam toward his breþren, þat ternde ssolde bere,</L><L>Hi siggeþ hem bitwene, 'Her comeþ þe metere.
<EPB/><PB REF="00000036.tif" SEQ="00000036" RES="600dpi" FMT="TIFF6.0" FTR="UNS" CNF="999" N="4"/></L><L>Nime we &amp; quellen þis ilke hinderling,</L><L N="90">&amp; lokeþ wat him ssal helpe þerafter his meting.'</L><L>He cam to his breþren &amp; grettem eueruchon;</L><L>Hi þencheþ al an oþer, &amp; gripeþ him anon.</L><L>Quellen him hi wolleþ, nou hi him habbeþ inome,</L><L>Ac Ruben, þat o broþer, he spac atte frome,</L><L N="95">'A dep pet is her bisides þat water er þis in stod;</L><L>Worpeþ þerinne Iosep, ssende we nouȝt oure blod,'</L><L>(Iosep for to helpe Ruben spac þis tale)</L><L>'Ȝif we þis child aquelleþ, hit beþ oure fader bale.'</L><L>His fader him ȝaf a kurtel þat rum was &amp; wid,</L><L N="100">Wel hit bicam þe child, hit was him fotsid.</L><L>Hi strupten of þe curtel, of swere &amp; of chin,</L><L>Al naked in þe pette hi worpen þat child in.</L><L>Ac Ruben, þat o broþer, þenne he is igo,</L><L>Ne miȝte he for reuþe atte pette be þo.</L><L N="105">Þis oþre sitteþ bisides &amp; foþ on here mete,</L><L>Þencheþ hi neiþer of serewe ne of hete.</L><L>Iosep sit in pette mid ful sori mod,</L><L>His breþren lawȝeþ loude, þat gamen hem þinkeþ god.</L><L>Nou Iosep sit in pette &amp; wringeþ his honde.<MILESTONE N="3a" UNIT="folio"/></L><L N="110">A wey, þat bitwene breþren ssal be þus muchel onde!</L><L>Nou drawen him vp hi wolleþ, &amp; quellen him atte frome,</L><L>Þenne seien hi bisides twei riche chapmen come.</L><L>Vrom a lond hi comen, Galaad ihoten is,</L><L>Mid here assen isemed of fer &amp; of gris.</L><L N="115">Of stor &amp; of spices þei ladden grete male</L><L>Into Egipte lond to sullen hit to sale.</L><L>Þenne spac him Iuda, he spac atte frome,</L><L>'Wolle we sullen Iosep þis chapmen þat here come?</L><L>Fer into Egypte lond hi him wolleþ lede,</L><L N="120">Þenne worþ his sweuen eþ to arede.'
<EPB/><PB REF="00000037.tif" SEQ="00000037" RES="600dpi" FMT="TIFF6.0" FTR="UNS" CNF="999" N="5"/></L><L>Hi comen to þis chapmen &amp; sseweden here tale,</L><L>Iosep in þe pette hi chepeden to sale.</L><L>Þis chapmen beþ wise &amp; axeþ wer he be.</L><L>'Comeþ ner,' hi seiden, '&amp; ȝe him mowen ise;</L><L N="125">Hit is a swiþe feir child &amp; of kunne heiȝ.'</L><L>Mid þat ilke worde þe pet hi weren neiȝ.</L><L>Hi drowen vp Iosep mid one longe rope,</L><L>Ac one gode while ne miȝte he speke for wope.</L><L>Þis chapmen biholdeþ Iosep, þat beþ swiþe wis,</L><L N="130">&amp; Iosep to begge swiþe lef hem is.</L><L>Hi chepeþ &amp; hi bedeþ, sone hi beþ at on.</L><L>Iosep wrang his honden &amp; was ful sori man.</L><L>Hi casten hond to purse, þe panes beþ itold;</L><L>Nou helpe Crist Iosep, so ȝung he is isold.</L><L N="135">Þis chapmen fengeþ þat child, þis breþren þat fe;</L><L>Darf no man axe wer Iosep sori be;<MILESTONE N="3b" UNIT="folio"/></L><L>For euere ase hi hine ledeþ, euer he wepeþ,</L><L>His fader &amp; his moder ȝung he forleteþ.</L><L>Þis chapmen beþ wel bliþe þat Iosep habbeþ ibouȝt,</L><L N="140">&amp; vpon þe sestronde hi him habbeþ ibrouȝt.</L><L>Þis chapmen nimeþ Iosep riȝt bi þe hond,</L><L>&amp; so hi ledeþ Iosep into Egipte lond.</L><L>Ac of Egiptene speche couþe he no þing,</L><L>For þi he wepte sore, þis ilke ȝungling.</L><L N="145">Hi ladden Iosep into þe burȝ, þat riche was &amp; strong:</L><L>Castles heie &amp; proute, stretes wide &amp; long,</L><L>Mani feir halle &amp; mani feir bour,</L><L>Whit so eni lilie, briȝt so eni flour.</L><L>Muche was þe blisse þat was in þe burȝ,</L><L N="150">Iosep for to sullen hi ladden þurȝ &amp; þurȝ.</L><L>Þider comen kniȝtes &amp; burgeis ful bolde,</L><L>Hi comen into þe strete Iosep to biholde.
<EPB/><PB REF="00000038.tif" SEQ="00000038" RES="600dpi" FMT="TIFF6.0" FTR="UNS" CNF="999" N="6"/></L><L>Leuedis of boure &amp; maidenes fre</L><L>Comen into þe strete Iosep to ise.</L><L N="155">Ac þer þuȝte muche wonder mani a moder sone,</L><L>Hem þuȝte hit was an angel from heuene icome.</L><L>Ful sone þe tiding of Iosep hit sprong</L><L>To Putifar þe stiward of Egipte lond.</L><L>Putifar þe stiward þider he is icome,</L><L N="160">&amp; in his ferade mani a kniȝtes sone.</L><L>So sone so þe stiward on Iosep bihuld,</L><L>He liȝte of his stede, his mantel he vnfuld,</L><L>Cofre he lette vnlouke &amp; gold casten out anon,<MILESTONE N="4a" UNIT="folio"/></L><L>Sone he bouȝte Iosep of þis chapmon.</L><L N="165">More þen he axede for Iosep he ȝaf,</L><L>&amp; seþþen on his stede wel feire he him haf.</L><L>Nou lete we Iosep ride, God ssilde him from care,</L><L>&amp; vte we speken of Iacob his fader, hou he fare.</L><L>Nou he sit in halle, Iacob þe elde man,</L><L N="170">&amp; his sones ten from<NOTE1 N="*" ID="DLPS3">MS.<HI1 REND="i">fron.</HI1></NOTE1> felde comeþ hom,</L><L>&amp; Ioseppes curtel hi bringeþ al blodi,</L><L>Þo Iacob hit gan biholde iwis he was sori.</L><L>Þo he sauȝ his kurtel ispreind al wiþ blod,</L><L>Nas neuere for his child fader so sorimod.</L><L N="175">Adoun he fel iswowe &amp; tar his hore loc,</L><L>Þe moder feng to renden hire neb &amp; hire smoc.</L><L>Euer seide þe moder, 'Wo is me a liue,</L><L>For mi sone Iosep be ich neuere bliþe.'</L><L>Euere seide Iacob, 'Iosep is islawe,</L><L N="180">Oþer summe luþere deres habbeþ him todrawe.'</L><L>Þider comen manie of fremede &amp; o kinne</L><L>For to gladen Iacob, ac his sones hadden sinne.</L><L>Woso seye Iacob his sorinesse lede,
<EPB/><PB REF="00000039.tif" SEQ="00000039" RES="600dpi" FMT="TIFF6.0" FTR="UNS" CNF="999" N="7"/></L><L>Hit were muche reuþe in boc for to rede.</L><L N="185">Nou Iacob sit in halle &amp; wringeþ his honde,</L><L>We ssule speken of Iosep in Egipte londe.</L><L>Nou Putifar ssrudeþ Iosep mid dereworþe ssroud,</L><L>&amp; ȝiueþ him Pharaon þe king, mid him he is proud.</L><L>Nou is Iosep feir child in Pharaones halle,</L><L N="190">Þe pore &amp; þe riche louieþ him alle.<MILESTONE N="4b" UNIT="folio"/></L><L>Tofore þe king selue he serueþ atte bord,</L><L>Of pore &amp; of riche he haþ wel god word.</L><L>Hit fel in one daye, þe king was out iwent</L><L>To þe wode to ssete mid his bowe ibent.</L><L N="195">Þe quene louede Iosep ase hir owe lif,</L><L>Heo sente him after sone to speken hire wiþ.</L><L>Ac of þisse þinge nuste Iosep riȝt nouȝt:</L><L>Aruȝ hit were to knowe alle wimmanes þouȝt.</L><L>Ac þer wimman is god, nis non so swete þing,</L><L N="200">For al þat euere Eue brac in paradis</L><L>Oure leuedi hit bette, þat dereworþest is.</L><L>Iosep cam to boure, þat hende was &amp; fre.</L><L>'Leuedi,' quod Iosep, 'wat þi wille be?'</L><L>'Iosep,' quod þe quene, 'nou þou art welcome,</L><L N="205">Nou in mine boure ich þe haue inome.</L><L>Ich þe wole tellen one tidinge,</L><L>Ich wole þe make richest man after oure kinge.</L><L>Þou ssalt habbe þi wil of fer &amp; of gris,</L><L>Of gold &amp; of seluer, of al þat feir is.</L><L N="210">Þou ssalt haue þi wil of al Egipte londe,</L><L>Ssal neuere no man þine heste astonde.</L><L>&amp; of one þinge iwis þu miȝt be bliþe,</L><L>Þer nis no man me so lef þat euere is aliue.</L><L>Ȝif þou canst in boure louie me derne,</L><L N="215">Þe prute of Egipte ssal þe nouȝt be werne.'
<EPB/><PB REF="00000040.tif" SEQ="00000040" RES="600dpi" FMT="TIFF6.0" FTR="UNS" CNF="999" N="8"/></L><L>Mid þat ilke worde heo gan him cluppe &amp; kisse.</L><L>'Iosep, ich am þin,' heo seide, 'mid iwisse.'<MILESTONE N="5a" UNIT="folio"/></L><L>Iosep of þese wordes nas he no þing glad,</L><L>He nolde in none wise don ase þe quene him bad.</L><L N="220">Þeiȝ Iosep were in boure stille bisteke,</L><L>He nolde in none wise his trouþe tobreke.</L><L>Mid his white fingres hire armes he vnfeld,</L><L>&amp; wende from þe quene, ac his mantel heo athuld.</L><L>Heo braid of hire wimpel &amp; loude feng to reme,</L><L N="225">Þer come serians wel fele for to nime ȝeme,</L><L>Wat here leuedi miȝte be, þat hem was so lef.</L><L>'A! Lokeþ nou,' heo seide, 'þis Ebrewisse þef,</L><L>Of me he wende stille to habben his gome,</L><L>Nas neuere quene in þis lond ido so muche ssome.'</L><L N="230">Þe king cam from þe wode mid blowinde beme,</L><L>Þe quene fel to his fet &amp; loude feng to reme,</L><L>&amp; tolde þe king of þis muchele ssome,</L><L>Þunche hit no wonder þeiȝ he ne hadde grome.</L><L>Þe king him lette nime &amp; ful faste binde:</L><L N="235">Nou ne mai Iosep nenne frend finde.</L><L>Alle þat þis iherde þerfore weren ful wo:</L><L>Summe for þe quene, ac for Iosep wel mo.</L><L>Nou is Iosep so wo þat he not wat he mai:</L><L>Bide neuere no god man non so sori dai.</L><L N="240">Ac heuede Iosep ido ase þe quene him bad,</L><L>He miȝte ben in halle mid oþre bliþe &amp; glad.</L><L>Gulteles in þe pette his breþren hine dude,</L><L>&amp; gulteles he is nouþe in ful þestri stede.</L><L>Ac þer he is ful longe muche wo to abide,<MILESTONE N="5b" UNIT="folio"/></L><L N="245">Oure Louerd he hit þonkeþ, tide wat bitide.</L><L>Hit fel in one daye to þe newe ȝer,</L><L>Iwreyed was wel stronge þe kinges botiler,</L><P>


<EPB/><PB REF="00000041.tif" SEQ="00000041" RES="600dpi" FMT="TIFF6.0" FTR="UNS" CNF="999" N=""/>
<FIGURE><EPB/><PB REF="00000042.tif" SEQ="00000042" RES="600dpi" FMT="TIFF6.0" FTR="UNS" CNF="999" N=""/></FIGURE>
<FIGURE><EPB/><PB REF="00000043.tif" SEQ="00000043" RES="600dpi" FMT="TIFF6.0" FTR="UNS" CNF="999" N=""/></FIGURE>

<EPB/><PB REF="00000044.tif" SEQ="00000044" RES="600dpi" FMT="TIFF6.0" FTR="UNS" CNF="999" N=""/></P><L>


<EPB/><PB REF="00000045.tif" SEQ="00000045" RES="600dpi" FMT="TIFF6.0" FTR="UNS" CNF="999" N="9"/>&amp; þe kinges baxtere iwreyed was ful stronge.</L><L>To Iosep hi beþ icast, &amp; þer hi liggeþ longe,</L><L N="250">&amp; in þe prison liggeþ mid ful muchel wronge.</L><L>Nabbeþ hi none blisse of harpe ne of songe,</L><L>Of olde ne of ȝunge, of fremede ne of sibbe,</L><L>Leuere hem were to be ded þen so longe to libbe.</L><L>Hit fel in one niȝte þe botiler feng to slepe,</L><L N="255">A swiþe muri sweuene him þuȝte þat he gan mete,</L><L>Þat in þe winȝarde þe kinges coupe he ber,</L><L>&amp; wrong hit of þe grapes ful of win cler.</L><L>Þe baxtere mette an oþer, nas hit nouȝt so god,</L><L>In þe bachuse him þuȝte þat he stod,</L><L>Of bred he fulde a basket &amp; to þe halle he wolde hit bere,</L><L N="261">Þe foules bi þe lifte hit gonnen al totere.</L><L>Amorewen ase þei seten wiþ Iosep atte bord,</L><L>Here sweuen hi him tolden word after word.</L><L>Iosep here sweuen sone haueþ arouȝt.</L><L N="265">'Ȝe ssulen in þis þridde dai of prison ben ibrouȝt.</L><L>Þou ssalt, sir baxtere, anhonged be ful heye,</L><L>Foules bi þe lifte holen out þin eye.</L><L>Þou ssalt, sire botiler, þi mester vnderfonge,</L><L>Wiþ alle worssipe mest þe king serue longe.</L><L N="270">&amp; wen me serueþ þe king mid harpe &amp; mid songe,</L><L>Þench on seli Iosep, þat her liþ mid wronge.'<MILESTONE N="6a" UNIT="folio"/></L><L>Also ase Iosep seide, also hit bicam:</L><L>Þe botiler of Iosep lute ȝeme nam,</L><L>Þat in þe prison liþ mid ful muche wronge.</L><L N="275">Naþ he none blisse of harpe ne of songe,</L><L>Of olde ne of ȝunge, of fremede ne of sibbe,</L><L>Leuere him<NOTE1 N="*" ID="DLPS4">MS. <HI1 REND="i">hem.</HI1></NOTE1> were to be ded þen so longe to libbe.
<EPB/><PB REF="00000046.tif" SEQ="00000046" RES="600dpi" FMT="TIFF6.0" FTR="UNS" CNF="999" N="10"/></L><L>Wel ouȝte we to heren<NOTE1 N="*" ID="DLPS5">MS. <HI1 REND="i">ẉheren.</HI1></NOTE1> him þat is riȝtwis,</L><L>&amp; nou ȝe mowen ihere hou hende oure Louerd is,</L><L N="280">Hou feire he sende help to Iosep þe ȝungling</L><L>Þurȝ a sweuene þat mette Pharaon þe king.</L><L>Þe king ase he slepte him þuȝte þat he rod</L><L>In a medewe grene þat long was &amp; brod.</L><L>Seue kuin fatte him þuȝte þat he sauȝ gon:</L><L N="285">So fatte ne so feire sauȝ he neuere non.</L><L>Oþer seue lene toȝeines hem gonne gon</L><L>&amp; frete þe seue fatte kyn eueruchon.</L><L>Þo þe seue fatte kin alle forswolewed were,</L><L>Þe seue kin lene neuere þe fullore nere.</L><L N="290">Amorewen þe king awoc, his sweuen he tolde</L><L>Vrles &amp; barons &amp; burgeis ful bolde.</L><L>Ac þer nas neiþer baron ne kniȝt</L><L>Þat of þisse þinge couþe reden him aiwiȝt.</L><L>Þo herde þe botiler of þisse sweuene speke,</L><L N="295">Þo þouȝte he furst on Iosep, þat so longe lai bisteke.</L><L>He cam to þe kinge &amp; tolde him anon</L><L>Of him &amp; of þe baxtere hou hit was igon.</L><L>'Louerd, of þi sweuene ȝif he ne seiþ þen ende<NOTE1 N="*" ID="DLPS6">MS. <HI1 REND="i">þenende.</HI1></NOTE1>,<MILESTONE N="6b" UNIT="folio"/></L><L>Do me, Louerd, aȝein into þine bende.'</L><L N="300">Þenne seide Faraon, Faraon þe king,</L><L>'Let bringe bifore me þene ȝungling.</L><L>Ȝif he of mi sweuene seiþ me þen ende,</L><L>Al his gult ich him forȝiue &amp; quite faten<NOTE1 N="*" ID="DLPS7"><HI1 REND="i">faten</HI1> altered from <HI1 REND="i">faren.</HI1></NOTE1> of bende.'</L><L>Forþ me feccheþ Iosep, þat bloc was &amp; lene,</L><L N="305">Durste for þe quene no man him bimene.</L><L>'Louerd,' seide Iosep, 'ich hit þonke þe,</L><L>Nou ich wot mid iwisse islawe þat ich ssal be,
<EPB/><PB REF="00000047.tif" SEQ="00000047" RES="600dpi" FMT="TIFF6.0" FTR="UNS" CNF="999" N="11"/></L><L>Nou ich wot mid iwisse þat ich ssal ben islawe,</L><L>For nabbi none blisse of mi lifdawe.'</L><L N="310">Ac þe king wel feire his sweuen he tolde,</L><L>&amp; bad swiþe feire reden þat he hit ssolde.</L><L>'Louerd,' seide Iosep, 'þi sweuen is eþ to telle,</L><L>Oure Louerd wole in þi lond muche prude felle<NOTE1 N="*" ID="DLPS8">MS. <HI1 REND="i">falle.</HI1></NOTE1>.</L><L>Ac þou ssalt habbe raþer seue ȝer blisse of alle gode</L><L N="315">Þurȝ a swete water ssal comen of Niles flode.</L><L>Þou ssalt haue þenne<NOTE1 N="*" ID="DLPS9"><HI1 REND="i">þenne</HI1>] MS. <HI1 REND="i">þer.</HI1></NOTE1> hunger &amp; hete,</L><L>Wone of alle gode, of drinken<NOTE1 N="*" ID="DLPS10">The <HI1 REND="i">k</HI1> altered from another letter.</NOTE1> &amp; of mete.</L><L>Þis is þi sweuene, sire king, þench þou þeron,</L><L>Bote Crist be þin help, Egipte is al agon.'</L><L N="320">Heron þe king þencheþ bi niȝt &amp; bi dai,</L><L>Not he a liue what he do mai.</L><L>Heron þe king þencheþ bi dai &amp; bi niȝt,</L><L>Me ne couþe of þis þinge reden him no wiȝt.</L><L>Þenne spac an old man þat was wis of speche.<NOTE1 N="*" ID="DLPS11">Between foll. 6 and 7 a leaf has been cut out.</NOTE1></L><L>Wenne ich þenche on Abraham, hou he gan þider wende:<MILESTONE N="7a" UNIT="folio"/></L><L N="326">Muche þo þolede Abraham ssame mid his wiue,</L><L>&amp; seþþen atte nende of lond me gan him driue.</L><L>&amp; wenne þe riȝtwise man þolede such ssome,</L><L>Into Egipte to sende þuncheþ me no gome.</L><L N="330">Ofte of þis smal chaf þis breþren brouȝten hom,</L><L>&amp; for wone of mete maden muche mon.</L><L>Beniamin þe ȝunge bad his moder bred,</L><L>&amp; seide he was afingred þat he was neiȝ ded.</L><L>Þe moder swor swiþe þat bred nadda non,</L><L N="335">Þo wrong he his honden, Iacob þe elde man,</L><L>For leuere were Iacob of liue for to ben
<EPB/><PB REF="00000048.tif" SEQ="00000048" RES="600dpi" FMT="TIFF6.0" FTR="UNS" CNF="999" N="12"/></L><L>Þen bi Beniamin þe ȝunge þese pines isen.</L><L>Ȝit Beniamin þe ȝunge makeþ muche mon</L><L>Þenne clepede Iacob his sones eueruchon.</L><L N="340">'Sones,' seide Iacob, 'Nede ȝe mote wende</L><L>For to sech vs corn in þissen estende.</L><L>For betere ȝou is to swinke &amp; erne ȝoure mete</L><L>Þenne at hom to deye on hunger &amp; on hete.</L><L>Nimeþ ȝoure assen &amp; nimeþ ȝoure horn,</L><L N="345">Nimeþ ȝou seluer &amp; gold to buggen vs corn.</L><L>Ac Beniamin þe ȝunge bileue ssal at hom;</L><L>Me reweþ euere Iosep þat afelde was igon.</L><L>For ȝif he hadde at hom bileued, ȝit he were aliue;</L><L>For þe loue of Iosep be ich neuere bliþe.</L><L N="350">Nimeþ ȝoure wepnen &amp; wendeþ ȝoure wai,</L><L>Berewe ȝou from care oure Louerd, þat wel mai.'</L><L>Feire fareþ þis ȝunge men bi dai &amp; bi niȝt<MILESTONE N="7b" UNIT="folio"/></L><L>Into Egipte lond þat hi comen riȝt.</L><L>Muche was þe blisse &amp; muche was þe gome</L><L N="355">In water &amp; in londe of wilde &amp; of tome.</L><L>Muche was þe blisse þat hi þar iseye,</L><L>Bernes ful riche &amp; mowen ful heye.</L><L>Muche was þe blisse after here swinke</L><L>Þat hi þare funden of mete &amp; of drinke.</L><L N="360">Hem oftok a menestral, his harpe he bar arugge.</L><L>'Whennes be ȝe, ȝunge men? Ich bidde þat ȝe me sigge.</L><L>Me þuncheþ bi ȝoure assen þat corn ȝe wolde begge,</L><L>&amp; ich ȝou wole bringe to þe tubrugge.</L><L>Þar þe<NOTE1 N="*" ID="DLPS12"><HI1 REND="i">Þar þe</HI1>] MS. <HI1 REND="i">þarle.</HI1></NOTE1> hendeste man þat euere is aliue</L><L N="365">Ȝou wole gistni toniȝt &amp; make ȝou ful bliþe.</L><L>Ȝe þuncheþ ferrene men &amp; alle freboren,</L><L>Toniȝt ssal mani kniȝtchild knele ȝou biforen.'
<EPB/><PB REF="00000049.tif" SEQ="00000049" RES="600dpi" FMT="TIFF6.0" FTR="UNS" CNF="999" N="13"/></L><L>He brouȝtem to þe castel ase he hem bihet,</L><L>&amp; spac wiþ þe porter in þat he hem let.</L><L N="370">Hi seyen in þe castel mani riche þing,</L><L>&amp; Iosep sitten in halle, such hit were a king.</L><L>Ac if hi wenden Iosep þer for to sen,</L><L>Leuere hem were alle at hom on hunger ded to ben.</L><L>Alle þese ten breþren comen into þe halle,</L><L N="375">Tofore Ioseppes fet akne hi valleþ alle.</L><L>'Ariseþ vp', seide Iosep, 'Sitte ȝe nouȝt akne,</L><L>Ac telleþ me wel feire wat ȝoure wille be.'</L><L>'From Ierusalem', quod Ruben, 'we beþ hider icome,</L><L>Let sullen vs corn, louerd, for Godes loue<MILESTONE N="8a" UNIT="folio"/></L><L N="380">Old man is oure fader &amp; corn naþ he non,</L><L>For muchel one nede we beþ hider igon.'</L><L>Þenne seide Iosep, such hit were his gome,</L><L>'Wat is', he seide, 'ȝoure faderes nome?'</L><L>'Vre fader heiȝte Iacob, vre moder Rachel.'</L><L N="385">Mid þat ilke worde he knew hem ful wel.</L><L>Þo Iosep iherde þat his fader was aliue,</L><L>Nas neuere for his fader child also bliþe.</L><L>He goþ into þe boure &amp; wepeþ for blisse,</L><L>Sore he is alonged his breþren to kisse.</L><L N="390">Iosep cam into halle, þe water he lette bringe,</L><L>&amp; halde to here honden mid his wite vingres.</L><L>Feire beþ þis ȝunge men iserued þilke niȝt</L><L>Of mete ne of drinke trukede hem no wiȝt.</L><L>Iosep ful riche win lette to him bringe,</L><L N="395">&amp; so he bad þis children on Ebrewisse singe.</L><L>&amp; so hi sungen alle ase Iosep hem bad,</L><L>Seþþe he cam into Egipte nas Iosep so glad.</L><L>Al of rede wete here assen he lette seme,</L><L>For to meten here corn nam he none ȝeme.
<EPB/><PB REF="00000050.tif" SEQ="00000050" RES="600dpi" FMT="TIFF6.0" FTR="UNS" CNF="999" N="14"/></L><L N="400">Nou dude Iosep a swiþe wonderþing,</L><L>He nam a guldene nap, was Pharaones þe king,</L><L>&amp; putte in þones sakke wiþinne þe prene,</L><L>&amp; þerof cam<NOTE1 N="*" ID="DLPS13"><HI1 REND="i">cam</HI1>] MS. <HI1 REND="i">come</HI1></NOTE1> þis ȝunge men swiþe muche tene.</L><L>Feire hi nomen leue to wenden here way</L><L N="405">Toward here contre a lutel ere day.</L><L>Ase hi ferden here wai in þe morewentide,<MILESTONE N="8b" UNIT="folio"/></L><L>Þenne seyen hi twolf ȝunge men after hem ride</L><L>Mid helm &amp; mid brunie, mid swerdes outdrawe,</L><L>Þo wenden þese ten breþren alle to ben islawe.</L><L N="410">'Abideþ', hi seiden, 'þeues, abideþ, ȝe beþ inome,</L><L>Tofore þe stiward aȝein ȝe ssulen alle come</L><L>For a guldene nap þat ȝe habbeþ inome.</L><L>Ȝif ȝe in þis londe mid þefþe beþ ifonge,</L><L>Ȝoure dom is idemed, alle ȝe worþeþ anhonge;</L><L N="415">For ȝoure assen isemed al of rede golde</L><L>Of Faraones lond þe king faren ȝe ne ssolde.'</L><L>Alle þese ten breþren turneþ hem aȝein</L><L>Mid reuþfule wepe &amp; mid dreri drem,</L><L>Tofore þe stiward aȝein hi beþ alle ibrouȝt,</L><L N="420">Þe nap in here sakke sone hit is isouȝt.</L><L>Þe nap is ifunde sone &amp; anon,</L><L>Nou wringeþ hi here honden þis breþren eueruchon.</L><L>Iosep sauȝ his breþren wepe, sore hit him gan rewe,</L><L>He nolde in none wise ȝit þat hi him knewe.</L><L N="425">Iosep feng þene nap, mid pal he was biweued,</L><L>He lokede on his breþren, &amp; ssok on hem his heued.</L><L>Awaried worþe swikedom &amp; þat hit erest funde,</L><L>So mani gultelese man hit bringeþ to þe grunde.</L><L>Þenne seide Iosep to his breþren anon,
<EPB/><PB REF="00000051.tif" SEQ="00000051" RES="600dpi" FMT="TIFF6.0" FTR="UNS" CNF="999" N="15"/></L><L N="430">'Habbe ȝe', he seide, 'mo breþren at hom?'</L><L>'Ȝe, louerd', seide Ruben, 'a child þer is at hom</L><L>For to gladen oure fader, þat makeþ muche mon</L><L>For a sone þat he les &amp; louede so his lif,<MILESTONE N="9a" UNIT="folio"/></L><L>Ne miȝte him seþþe gladien his child no his wif.'</L><L N="435">Hi swore bi þilke louerd þat is heiȝ in heuene,</L><L>'More he louede þane sone þan vs alle elleuene.</L><L>Þenne seide Iosep, 'Wolle ȝe me ihere,</L><L>Ȝif ȝe of Egiþte lond wolleþ faren skere,</L><L>Ich ȝou wolle tellen one tidinge,</L><L N="440">Ȝe ssule make me siker þat ilke child me bringe.'</L><L>'Louerd,' seide Ruben, 'we ssule ful fain</L><L>Beniamin þe bringen &amp; alle comen aȝein</L><L>&amp; þi dom þolie when we beþ icome,</L><L>Habbe we þe blessinge of oure fader inome.'</L><L N="445">Iosep dranc to Ruben mid ful riche win,</L><L>&amp; alle hi pliȝten trouþe to bringe Beniamin.</L><L>Feire fareþ þis ȝunge men bi dai &amp; bi niȝt</L><L>To here fader Iacob þat hi comen riȝt.</L><L>&amp; habbeþ to Iacob al þis corn ibrouȝt:</L><L N="450">Nou haþ Beniamin inouȝ þat eror he haþ bisouȝt.</L><L>Iacob of þis corn was swiþe glad:</L><L>Nou haþ Beniamin inouȝ þat he er bad.</L><L>Iacob of þis corn aboute sende anon</L><L>To frendes þat for hunger maden muche mon.</L><L N="455">Ac alle þis<NOTE1 N="*" ID="DLPS14"><HI1 REND="i">þis</HI1>] MS. <HI1 REND="i">hise.</HI1> Cp. note.</NOTE1> ten breþren to fote þei beþ ifalle,</L><L>Þe trouþe þat hi pliȝten hi him telleþ alle.</L><L>Þo Iacob iherde þis sori tidinge,</L><L>Adoun he fel iswowe, his honden he gan wringe.</L><L>'A! wher artou, mi deþ, whi neltou me fonge?</L><L N="460">Nou mi wrecchede lif ilast al to longe.<MILESTONE N="9b" UNIT="folio"/>
<EPB/><PB REF="00000052.tif" SEQ="00000052" RES="600dpi" FMT="TIFF6.0" FTR="UNS" CNF="999" N="16"/></L><L>Iloren ich haue Iosep, þat ich louede so swiþe,</L><L>&amp; nou ich ssal Beniamin, be ich neuere bliþe.</L><L>Ac nellich nouȝt, mine sones, ȝoure trouþe þat ȝe breke,</L><L>Oure Louerd, wen his wille is, wel he me mai awreke.'</L><L N="465">Þis breþren nimeþ Beniamin &amp; forþ hi hine ledeþ,</L><L>Iacob falleþ iswowe &amp; for serewe gredeþ.</L><L>Feire fareþ þis ȝunge men bi dai &amp; bi niȝt</L><L>Into Egipte lond þat hi comen riȝt.</L><L>Hi comen into þe castel þer Iosep was in,</L><L N="470">Ruben him bitecheþ his broþer Beniamin.</L><L>Þo Iosep isauȝ his breþren alle elleuene,</L><L>Him þuȝte þat he was bliþore þen þauȝ he were in heuene.</L><L>He goþ into þe boure &amp; wepeþ for blisse,</L><L>Sore he is alonged his breþren to kisse.</L><L N="475">'Louerd,' seide Iosep, 'ich hit þonke þe,</L><L>Nou þe eleue sterren icomen beþ to me.</L><L>Mi fader &amp; mi moder haddich iwonne,</L><L>Þenne hadde ich iwis þe mone &amp; þe sunne.</L><L>Feire beþ þis ȝunge men iserued þilke niȝt,</L><L N="480">Of mete ne of drinke trukede hem no wiȝt.</L><L>Iosep cam to þe bord, anon he hem tolde</L><L>'Ich am,' he seide, 'Iosep, into Egipte þat ȝe solde.'</L><L>&amp; so he geþ to boure riȝt from þe bord,</L><L>&amp; wepeþ for blisse þat he ne mai speken a word.</L><L N="485">Þenne seide Ruben, 'Ne seidich ȝou inouȝ,</L><L>To sungen on þat child þat ȝe hadden wouȝ.</L><L>Nolde ȝe me ileue ȝoure neuer on,<MILESTONE N="10a" UNIT="folio"/></L><L>Nou is icome þe time þat we beþ alle agon.'</L><L>Iosep cam into halle &amp; sauȝ his breþren wepe,</L><L N="490">He kisseþ Beniamin anon, his neb he gan wipe,</L><L>&amp; so he goþ bi rewe &amp; kusseþ hem eueruchon,</L><L>Seþþe he cam into Egypte nas he so bliþe man.
<EPB/><PB REF="00000053.tif" SEQ="00000053" RES="600dpi" FMT="TIFF6.0" FTR="UNS" CNF="999" N="17"/></L><L>Þenne seide Iosep to his breþren anon,</L><L>'Þe sweuene þat me mette, ȝit nis hit nouȝt agon.</L><L N="495">Ac ase ȝe wolleþ, breþren, þat ich be aliue,</L><L>Ȝe ssule fecchen oure fader &amp; maken him ful bliþe,</L><L>&amp; oure kun alle &amp; oure nextfolde,</L><L>Þat ich mowe in þis lond here lif holde.</L><L>For þe hunger haþ ibe two ȝer swiþe strong,</L><L N="500">&amp; ȝit hit lasteþ fiue, &amp; þat is al to long.'</L><L>Feire he ssrudde his breþren mid dereworþe cloþ,</L><L>His breþren þat rideþ &amp; here men þat goþ.</L><L>Of fiss &amp; of flesse, of foules ibake,</L><L>He lette senden in cartes to his fader sake,</L><L N="505">Cloþes of skarlet &amp; of sabelin,</L><L>Of honi &amp; of corn, of fruit &amp; of win,</L><L>Nappes of seluer &amp; ringes of golde,</L><L>&amp; alle prudene mest þat hi leden wolde.</L><L>Feire fareþ þis ȝunge men bi dai &amp; bi niȝt</L><L N="510">To here fader Iacob þat hi comen riȝt.</L><L>&amp; habbeþ to Iacob ibrouȝt al þis þing,</L><L>&amp; seggeþ þat Iosep is in Egipte ase heiȝ as a king.</L><L>Þo Iacob iherde þat Iosep was aliue,</L><L>Nas neuere for his child fader so bliþe.<MILESTONE N="10b" UNIT="folio"/></L><L N="515">He caste awei his crucche, his mantel he feng,</L><L>Feire he platte his her wiþ a selkene streng.</L><L>He toc his benetene hat wiþ pal þat was biweued.</L><L>'Of sor &amp; of serewe nou ich am bireued,</L><L>For nou me þuncheþ þat ich mai flen as an ern</L><L N="520">For þe loue of Iosep, mi leueste bern.'</L><L>Iacob rod singinde, such hit were a child,</L><L>'For þe loue of Iosep nou ich am ȝung &amp; wild.'</L><L>Þo Iosep iherde of his fader come,</L><L>Kniȝtes inowe mid him he haþ inome,
<EPB/><PB REF="00000054.tif" SEQ="00000054" RES="600dpi" FMT="TIFF6.0" FTR="UNS" CNF="999" N="18"/></L><L N="525">Mid harpe &amp; mid pipe, mid ioie &amp; mid songe</L><L>Mid alle worssipe mest his fader to vnderfonge.</L><L>Ich ȝou mai telle &amp; ich ȝou mai singe</L><L>Þat bliþe was Pharaon of Ioseppes þinge.</L><L>&amp; lond swiþe riche bi þe seeside</L><L N="530">He haþ to Iacob iȝiue &amp; castles heye &amp; wide.</L><L>Nou haueþ Iacob wele &amp; alle winne</L><L>Mid his sones twolue &amp; mid his oþer kunne.</L><L>Þe blisse is ful swete þat comeþ after wo,</L><L>Wel is him a liue þat his care mot atgo.</L><L N="535">Nou þuncheþ Iacob his lif swiþe swete</L><L>Of Iacob to telle nou ich mot nede lete.</L><L>Come neuere to þis hous worse tidinge</L><L>Bote alle worssipe mest &amp; Cristes blessinge. Amen.<NOTE1 N="*" ID="DLPS15">After <HI1 REND="i">Iosep</HI1> an <HI1 REND="i">h</HI1> has been erased.</NOTE1></L><TRAILER>Explicit Iacob &amp; Iosep.</TRAILER></DIV1></BODY><BACK><DIV1 NODE="ACB1675.0001.001:4" TYPE="omitted back matter"><P>



<EPB/><PB REF="00000055.tif" SEQ="00000055" RES="600dpi" FMT="TIFF6.0" FTR="UNS" CNF="999" N=""/>

<EPB/><PB REF="00000056.tif" SEQ="00000056" RES="600dpi" FMT="TIFF6.0" FTR="UNS" CNF="999" N="20"/>

<EPB/><PB REF="00000057.tif" SEQ="00000057" RES="600dpi" FMT="TIFF6.0" FTR="UNS" CNF="999" N="21"/>

<EPB/><PB REF="00000058.tif" SEQ="00000058" RES="600dpi" FMT="TIFF6.0" FTR="UNS" CNF="999" N="22"/>

<EPB/><PB REF="00000059.tif" SEQ="00000059" RES="600dpi" FMT="TIFF6.0" FTR="UNS" CNF="999" N="23"/>

<EPB/><PB REF="00000060.tif" SEQ="00000060" RES="600dpi" FMT="TIFF6.0" FTR="UNS" CNF="999" N=""/>

<EPB/><PB REF="00000061.tif" SEQ="00000061" RES="600dpi" FMT="TIFF6.0" FTR="UNS" CNF="999" N="25"/>

<EPB/><PB REF="00000062.tif" SEQ="00000062" RES="600dpi" FMT="TIFF6.0" FTR="UNS" CNF="999" N="26"/>

<EPB/><PB REF="00000063.tif" SEQ="00000063" RES="600dpi" FMT="TIFF6.0" FTR="UNS" CNF="999" N="27"/>

<EPB/><PB REF="00000064.tif" SEQ="00000064" RES="600dpi" FMT="TIFF6.0" FTR="UNS" CNF="999" N="28"/>

<EPB/><PB REF="00000065.tif" SEQ="00000065" RES="600dpi" FMT="TIFF6.0" FTR="UNS" CNF="999" N="29"/>

<EPB/><PB REF="00000066.tif" SEQ="00000066" RES="600dpi" FMT="TIFF6.0" FTR="UNS" CNF="999" N="30"/>

<EPB/><PB REF="00000067.tif" SEQ="00000067" RES="600dpi" FMT="TIFF6.0" FTR="UNS" CNF="999" N="31"/>

<EPB/><PB REF="00000068.tif" SEQ="00000068" RES="600dpi" FMT="TIFF6.0" FTR="UNS" CNF="999" N="32"/>

<EPB/><PB REF="00000069.tif" SEQ="00000069" RES="600dpi" FMT="TIFF6.0" FTR="UNS" CNF="999" N="33"/>

<EPB/><PB REF="00000070.tif" SEQ="00000070" RES="600dpi" FMT="TIFF6.0" FTR="UNS" CNF="999" N="34"/>

<EPB/><PB REF="00000071.tif" SEQ="00000071" RES="600dpi" FMT="TIFF6.0" FTR="UNS" CNF="999" N="35"/>

<EPB/><PB REF="00000072.tif" SEQ="00000072" RES="600dpi" FMT="TIFF6.0" FTR="UNS" CNF="999" N="36"/>

<EPB/><PB REF="00000073.tif" SEQ="00000073" RES="600dpi" FMT="TIFF6.0" FTR="UNS" CNF="999" N="37"/>

<EPB/><PB REF="00000074.tif" SEQ="00000074" RES="600dpi" FMT="TIFF6.0" FTR="UNS" CNF="999" N="38"/>

<EPB/><PB REF="00000075.tif" SEQ="00000075" RES="600dpi" FMT="TIFF6.0" FTR="UNS" CNF="999" N="39"/>

<EPB/><PB REF="00000076.tif" SEQ="00000076" RES="600dpi" FMT="TIFF6.0" FTR="UNS" CNF="999" N="40"/>

<EPB/><PB REF="00000077.tif" SEQ="00000077" RES="600dpi" FMT="TIFF6.0" FTR="UNS" CNF="999" N="41"/>

</P><EPB/><PB REF="00000078.tif" SEQ="00000078" RES="600dpi" FMT="TIFF6.0" FTR="UNS" CNF="999" N=""/></DIV1></BACK><EPB/></TEXT></DLPSTEXTCLASS>
