<?xml version="1.0"?>
<DLPSTEXTCLASS><HEADER><FILEDESC><TITLESTMT><TITLE TYPE="245" I2="0">Joseph of Arimathie : otherwise called The romance of the Seint Graal, or Holy Grail: an alliterative poem written about A.D. 1350, and now first printed from the unique copy in the Vernon ms. at Oxford. Edited, with notes and glossarial indices, by Walter W. Skeat.</TITLE><AUTHOR> Joseph, of Arimathea, Saint.</AUTHOR></TITLESTMT><EXTENT>148 600dpi TIFF G4 page images</EXTENT><PUBLICATIONSTMT><PUBLISHER>University of Michigan Library</PUBLISHER><PUBPLACE>Ann Arbor, Michigan</PUBPLACE><DATE>2006</DATE><IDNO TYPE="dlps">AHA2700.0001.001</IDNO><IDNO TYPE="lccallno">820.6 E13 no.44</IDNO><AVAILABILITY><P>Where applicable, subject to copyright.  Other restrictions on distribution may apply.  Please  go to http://www.umdl.umich.edu/ for more information.</P></AVAILABILITY></PUBLICATIONSTMT><SERIESSTMT><TITLE>[Early English Text Society. Original series] 44</TITLE><TITLE>Early English Text Society (Series). 44</TITLE></SERIESSTMT><SOURCEDESC><BIBLFULL><TITLESTMT><TITLE TYPE="245" I2="0">Joseph of Arimathie : otherwise called The romance of the Seint Graal, or Holy Grail: an alliterative poem written about A.D. 1350, and now first printed from the unique copy in the Vernon ms. at Oxford. Edited, with notes and glossarial indices, by Walter W. Skeat.</TITLE><AUTHOR> Joseph, of Arimathea, Saint.</AUTHOR><AUTHOR>Skeat, Walter W. (Walter William), 1835-1912.</AUTHOR></TITLESTMT><EXTENT>xlvii, 100 p. illus. 22 cm.  </EXTENT><PUBLICATIONSTMT><PUBPLACE>London,</PUBPLACE><PUBLISHER>Pub. for the Early English text society, by N. Trübner &amp; co.,</PUBLISHER><DATE>1871.</DATE></PUBLICATIONSTMT><NOTESSTMT><NOTE>With an appendix, containing "The lyfe of Joseph of Armathy," reprinted from the black-letter copy of Wynkyn de Worde; "De sancto Joseph ob Arimathia," first printed by Pynson A.D. 1516; and "The lyfe of Joseph of Armathia," first printed by Pynson A.D. 1520.--t.p.</NOTE><NOTE>Bound with Legends of the Holy Rood. 1871. (Original series, no. 46)</NOTE></NOTESSTMT></BIBLFULL></SOURCEDESC></FILEDESC><ENCODINGDESC><PROJECTDESC><P>Header created with script mrcb2teiutf.xsl on 2006-02-22.</P></PROJECTDESC><EDITORIALDECL N="4"><P>This electronic text file was created by Optical Character Recognition (OCR). No corrections have been made to the OCR-ed text and no editing has been done to the content of the original document. Encoding has been done using the recommendations for Level 1 of the TEI in Libraries Guidelines. Digital page images are linked to the text file.</P></EDITORIALDECL></ENCODINGDESC><PROFILEDESC><LANGUSAGE ID="eng"><LANGUAGE>eng</LANGUAGE></LANGUSAGE><TEXTCLASS><KEYWORDS><TERM>Grail</TERM></KEYWORDS></TEXTCLASS></PROFILEDESC></HEADER><TEXT><FRONT><DIV1 NODE="AHA2700.0001.001:1" TYPE="omitted front matter"><P>



<EPB/><PB REF="00000001.tif" SEQ="00000001" RES="600dpi" FMT="TIFF6.0" FTR="UNS" CNF="999" N=""/>

</P></DIV1><TITLEPAGE><EPB/><PB REF="00000002.tif" SEQ="00000002" RES="600dpi" FMT="TIFF6.0" FTR="UNS" CNF="999" N=""/><DOCTITLE><EPB/><PB REF="00000003.tif" SEQ="00000003" RES="600dpi" FMT="TIFF6.0" FTR="UNS" CNF="999" N="[iii]"/><TITLEPART TYPE="main">Joseph of Arimathie:</TITLEPART><TITLEPART TYPE="sub">OTHERWISE CALLED<LB/>The Romance of the Seint Graal, or Holy Grail:<LB/>AN ALLITERATIVE POEM WRITTEN ABOUT A.D. 1350, AND NOW FIRST PRINTED FROM THE UNIQUE COPY IN THE VERNON MS. AT OXFORD.
<LB/>WITH AN APPENDIX, CONTAINING "THE LYFE OF JOSEPH OF ARMATHY," REPRINTED FROM THE BLACK-LETTER COPY OF WYNKYN DE WORDE;<LB/>"DE SANCTO JOSEPH AB ARIMATHIA," FIRST PRINTED BY PYNSON A.D. 1516;<LB/>AND "THE LYFE OF JOSEPH OF ARMATHIA," FIRST PRINTED BY PYNSON A.D. 1520.</TITLEPART></DOCTITLE><BYLINE>EDITED, WITH NOTES AND GLOSSARIAL INDICES,<LB/>BY THE<LB/>REV. <DOCAUTHOR>WALTER W. SKEAT,</DOCAUTHOR> M.A., LATE FELLOW OF CHRIST'S COLLEGE, CAMBRIDGE; AUTHOR OF "A MŒSO-GOTHIC GLOSSARY," EDITOR OF "PIERS THE PLOWMAN," ETC.</BYLINE><DOCIMPRINT><PUBPLACE>LONDON:</PUBPLACE>
<PUBLISHER>PUBLISHED FOR THE EARLY ENGLISH TEXT SOCIETY,<LB/>BY N. TRÜBNER &amp; CO., 60, PATERNOSTER ROW.</PUBLISHER>
<DOCDATE>MDCCCLXXI.</DOCDATE></DOCIMPRINT><EPB/><PB REF="00000004.tif" SEQ="00000004" RES="600dpi" FMT="TIFF6.0" FTR="UNS" CNF="999" N="[iv]"/>44<DOCIMPRINT><PUBLISHER>JOHN CHILDS AND SON, PRINTERS.</PUBLISHER></DOCIMPRINT></TITLEPAGE><DIV1 NODE="AHA2700.0001.001:2" TYPE="omitted front matter"><P>



<EPB/><PB REF="00000005.tif" SEQ="00000005" RES="600dpi" FMT="TIFF6.0" FTR="UNS" CNF="999" N=""/>

<EPB/><PB REF="00000006.tif" SEQ="00000006" RES="600dpi" FMT="TIFF6.0" FTR="UNS" CNF="999" N="vi"/>

<EPB/><PB REF="00000007.tif" SEQ="00000007" RES="600dpi" FMT="TIFF6.0" FTR="UNS" CNF="999" N="vii"/>

<EPB/><PB REF="00000008.tif" SEQ="00000008" RES="600dpi" FMT="TIFF6.0" FTR="UNS" CNF="999" N="viii"/>

<EPB/><PB REF="00000009.tif" SEQ="00000009" RES="600dpi" FMT="TIFF6.0" FTR="UNS" CNF="999" N="ix"/>

<EPB/><PB REF="00000010.tif" SEQ="00000010" RES="600dpi" FMT="TIFF6.0" FTR="UNS" CNF="999" N="x"/>

<EPB/><PB REF="00000011.tif" SEQ="00000011" RES="600dpi" FMT="TIFF6.0" FTR="UNS" CNF="999" N="xi"/>

<EPB/><PB REF="00000012.tif" SEQ="00000012" RES="600dpi" FMT="TIFF6.0" FTR="UNS" CNF="999" N="xii"/>

<EPB/><PB REF="00000013.tif" SEQ="00000013" RES="600dpi" FMT="TIFF6.0" FTR="UNS" CNF="999" N="xiii"/>

<EPB/><PB REF="00000014.tif" SEQ="00000014" RES="600dpi" FMT="TIFF6.0" FTR="UNS" CNF="999" N="xiv"/>

<EPB/><PB REF="00000015.tif" SEQ="00000015" RES="600dpi" FMT="TIFF6.0" FTR="UNS" CNF="999" N="xv"/>

<EPB/><PB REF="00000016.tif" SEQ="00000016" RES="600dpi" FMT="TIFF6.0" FTR="UNS" CNF="999" N="xvi"/>

<EPB/><PB REF="00000017.tif" SEQ="00000017" RES="600dpi" FMT="TIFF6.0" FTR="UNS" CNF="999" N="xvii"/>

<EPB/><PB REF="00000018.tif" SEQ="00000018" RES="600dpi" FMT="TIFF6.0" FTR="UNS" CNF="999" N="xviii"/>

<EPB/><PB REF="00000019.tif" SEQ="00000019" RES="600dpi" FMT="TIFF6.0" FTR="UNS" CNF="999" N="xix"/>

<EPB/><PB REF="00000020.tif" SEQ="00000020" RES="600dpi" FMT="TIFF6.0" FTR="UNS" CNF="999" N="xx"/>

<EPB/><PB REF="00000021.tif" SEQ="00000021" RES="600dpi" FMT="TIFF6.0" FTR="UNS" CNF="999" N="xxi"/>

<EPB/><PB REF="00000022.tif" SEQ="00000022" RES="600dpi" FMT="TIFF6.0" FTR="UNS" CNF="999" N="xxii"/>

<EPB/><PB REF="00000023.tif" SEQ="00000023" RES="600dpi" FMT="TIFF6.0" FTR="UNS" CNF="999" N="xxiii"/>

<EPB/><PB REF="00000024.tif" SEQ="00000024" RES="600dpi" FMT="TIFF6.0" FTR="UNS" CNF="999" N="xxiv"/>

<EPB/><PB REF="00000025.tif" SEQ="00000025" RES="600dpi" FMT="TIFF6.0" FTR="UNS" CNF="999" N="xxv"/>

<EPB/><PB REF="00000026.tif" SEQ="00000026" RES="600dpi" FMT="TIFF6.0" FTR="UNS" CNF="999" N="xxvi"/>

<EPB/><PB REF="00000027.tif" SEQ="00000027" RES="600dpi" FMT="TIFF6.0" FTR="UNS" CNF="999" N="xxvii"/>

<EPB/><PB REF="00000028.tif" SEQ="00000028" RES="600dpi" FMT="TIFF6.0" FTR="UNS" CNF="999" N="xxviii"/>

<EPB/><PB REF="00000029.tif" SEQ="00000029" RES="600dpi" FMT="TIFF6.0" FTR="UNS" CNF="999" N="xxix"/>

<EPB/><PB REF="00000030.tif" SEQ="00000030" RES="600dpi" FMT="TIFF6.0" FTR="UNS" CNF="999" N="xxx"/>

<EPB/><PB REF="00000031.tif" SEQ="00000031" RES="600dpi" FMT="TIFF6.0" FTR="UNS" CNF="999" N="xxxi"/>

<EPB/><PB REF="00000032.tif" SEQ="00000032" RES="600dpi" FMT="TIFF6.0" FTR="UNS" CNF="999" N="xxxii"/>

<EPB/><PB REF="00000033.tif" SEQ="00000033" RES="600dpi" FMT="TIFF6.0" FTR="UNS" CNF="999" N="xxxiii"/>

<EPB/><PB REF="00000034.tif" SEQ="00000034" RES="600dpi" FMT="TIFF6.0" FTR="UNS" CNF="999" N="xxxiv"/>

<EPB/><PB REF="00000035.tif" SEQ="00000035" RES="600dpi" FMT="TIFF6.0" FTR="UNS" CNF="999" N="xxxv"/>

<EPB/><PB REF="00000036.tif" SEQ="00000036" RES="600dpi" FMT="TIFF6.0" FTR="UNS" CNF="999" N="xxxvi"/>

<EPB/><PB REF="00000037.tif" SEQ="00000037" RES="600dpi" FMT="TIFF6.0" FTR="UNS" CNF="999" N="xxxvii"/>

<EPB/><PB REF="00000038.tif" SEQ="00000038" RES="600dpi" FMT="TIFF6.0" FTR="UNS" CNF="999" N="xxxviii"/>

<EPB/><PB REF="00000039.tif" SEQ="00000039" RES="600dpi" FMT="TIFF6.0" FTR="UNS" CNF="999" N="xxxix"/>

<EPB/><PB REF="00000040.tif" SEQ="00000040" RES="600dpi" FMT="TIFF6.0" FTR="UNS" CNF="999" N="xl"/>

<EPB/><PB REF="00000041.tif" SEQ="00000041" RES="600dpi" FMT="TIFF6.0" FTR="UNS" CNF="999" N="xli"/>

<EPB/><PB REF="00000042.tif" SEQ="00000042" RES="600dpi" FMT="TIFF6.0" FTR="UNS" CNF="999" N="xlii"/>

<EPB/><PB REF="00000043.tif" SEQ="00000043" RES="600dpi" FMT="TIFF6.0" FTR="UNS" CNF="999" N="xliii"/>

<EPB/><PB REF="00000044.tif" SEQ="00000044" RES="600dpi" FMT="TIFF6.0" FTR="UNS" CNF="999" N="xliv"/>

<EPB/><PB REF="00000045.tif" SEQ="00000045" RES="600dpi" FMT="TIFF6.0" FTR="UNS" CNF="999" N="xlv"/>

<EPB/><PB REF="00000046.tif" SEQ="00000046" RES="600dpi" FMT="TIFF6.0" FTR="UNS" CNF="999" N="xlvi"/>

<EPB/><PB REF="00000047.tif" SEQ="00000047" RES="600dpi" FMT="TIFF6.0" FTR="UNS" CNF="999" N="xlvii"/>

</P></DIV1></FRONT><BODY><DIV1 NODE="AHA2700.0001.001:3" TYPE="text"><EPB/><PB REF="00000048.tif" SEQ="00000048" RES="600dpi" FMT="TIFF6.0" FTR="UNS" CNF="999" N=""/><EPB/><PB REF="00000049.tif" SEQ="00000049" RES="600dpi" FMT="TIFF6.0" FTR="UNS" CNF="999" N="[1]"/><HEAD>[Joseph of Aramathie.]<MILESTONE N="403a" UNIT="vernon folio"/></HEAD><LG TYPE="stanza"><L>. . . . sire," he seis · "and sonenday is nouwe."</L><L>¶ þenne alle lauhwhen an heiȝ · þat herden his wordes,</L><L>"Hit is two and fourti winter," þei seiȝen · "trewely forsoþe,</L><L N="4">Siþen þou souȝtest þis put · and to prison eodest!"</L></LG><LG TYPE="stanza"><L>"Now I þonke my lord," seide Ioseph · "þat lente me of his grace;</L><L>me þinkeþ but þreo niȝt · al þis ilke þrowe."</L><L>¶ þenne Ioseph askes fontston · &amp; is I-folwed blyue;</L><L N="8">þei folewen him and his wyf · &amp; with him ful monye.</L><L>¶ Siþen com vaspasians · and was furst sped,</L><L>In þe nome of þe fader · Ioseph him folewede,</L><L>And hedde I-turned to þe feyþ · fifti with him-seluen.</L><L N="12">¶ Siþen he fette his fader with a ferde · and a-ȝeyn fondet,</L><L>þer þei bosked hem out · þat hudden hem in huirenes,</L><L>Made hem to huppe · half an hundret foote,</L><L>forte seche boþem · þer þei non seiȝen.</L><L N="16">¶ þus þei ladden þe lyf · and lengede longe,</L><L>þat luyte liked his leyk · þer as he lengede.</L><L>¶ Feole flowen for fert · out of heore cuþþhe</L><L>in-to Augrippus lond · was heroudes eir,</L><L N="20">þere monye lenginde weore · for-let of heore oune.
<EPB/><PB REF="00000050.tif" SEQ="00000050" RES="600dpi" FMT="TIFF6.0" FTR="UNS" CNF="999" N="2"/></L></LG><LG TYPE="stanza"><L>ÞEn com a vois to Ioseph · and seide him þise wordes,</L><L>Biddes him and his wyf · and his sone eke,</L><L>And alle þat þey mouȝten gete · and to god tornen,</L><L N="24">¶ Gon out of Ierusalem · &amp; prechen hise wordes,</L><L>And neuer more come a-ȝeyn · whon þei weore enes þenne.</L><L>¶ In þe morwe he was sone boun · don as he biddes;</L><L>Ioseph and his cumpanye · keueren on swiþe.</L><L N="28">¶ Ioseph ferde bi-foren · and þe flote folewede;</L><L>in-to þe lond of betanye · þis buirnes nou wenden.</L><L>¶ þei carke for here herbarwe · summe be-hynde;</L><L>whon Ioseph herde þer-of · he bad hem not demayȝen:</L><L N="32">"He þat ledes vs þis wei · vre herborwe schal wisse."</L><L>þei founden hit newely · so wel weore þei neuere.</L><L>¶ A-morwe þei weore diȝt · and don hem to ȝonge,</L><L>And come to a Forest · with floures ful feire,</L><L N="36">þat was called Argos · þat þe kyng ouȝte,</L><L>in þe lond of damas · þe cuntre was dere.</L></LG><LG TYPE="stanza"><L>ÞEnne spekes a vois to Ioseph · was Ihesu crist him|selue,</L><L>"Iosep[h], marke on þe treo · and make a luytel whucche,</L><L N="40">Forte do in þat ilke blod · þou berest a-boute;</L><L>¶ whon þe lust speke with me · lift þe lide sone,</L><L>þou schalt fynde me redi · riȝt bi þi syde,</L><L>And, bote þou and þi sone · me no mon touche.</L><L N="44">And Iosep[h], walk in þe world · &amp; preche myne wordes</L><L>to þe proudest men · A parti schul þei here.</L><L>¶ þauȝ þei þe of manas · melen, and þe þreten,</L><L>beo þou no þing a-dred · for non schal þe derue."</L><L N="48">¶ "lord, I was neuer clerk · what and I ne cunne?"</L><L>"Louse þi lippes a-twynne · &amp; let þe gost worche;</L><L>Speche, grace, &amp; vois · schul springe of þi tonge,</L><L>&amp; alle turne to þi mouþ · holliche atenes."
<EPB/><PB REF="00000051.tif" SEQ="00000051" RES="600dpi" FMT="TIFF6.0" FTR="UNS" CNF="999" N="3"/></L><L N="52">¶ þenne he wawes his fot · þe blod he with him fonges,</L><L>and in þe nome of þe fader · forþward he weendes.</L></LG><LG TYPE="stanza"><L>Þei ferden to A Cite · faste bi-syde,</L><L>þat was called sarras · þer sarsyns sprongen,</L><L N="56">Erest þorw Abrahames wyf · þat wonede þer-inne.</L><L>Ioseph teiȝ to non hous · bote euene to þe temple:</L><L>He seiȝ þe kyng þer he sat · and wuste þat he was wraþþed,</L><L>&amp; hopede he scholde him · touward God turne;</L><L N="60">For he and þo of Egipte · han werret to-gedere,</L><L>And þei discounfitede him han · and scaþet ful ofte.</L><L>¶ þe kyng and his Baronage · a counseil bi-gonnen;</L><L>he wolde haue red of his folk · and fare to hem ȝitte;</L><L N="64">&amp; þei forsaken hit han · &amp; he vnsauht sittes.</L></LG><LG TYPE="stanza"><L>"SIre," seis Iosep[h] · "or semblaunt is feble,</L><L>In gret Anguisse ȝe ben · þat nis not God greiþe;</L><L>wolde ȝe herkene to me · icholde ow bi-heete,</L><L N="68">He þat is mi foundeor · may hit folfulle,</L><L>þat was ded on þe cros · &amp; bouȝte us so deore;</L><L>I am not worþi to seyn · moni of his werkes."</L><L>¶ "þou schewest A symple skil," quaþ þe kyng · "of|scutered þou semest</L><L N="72">to speke of A ded mon · what may he don þer-ate?"</L><L>¶ "I schal sei ou," quod Ioseph · "&amp; ȝe wol vndurstonde."</L><L>"tel on," seis þe kyng · "þi tale wol I here."</L></LG><LG TYPE="stanza"><L>"ÞAt tyme þat Augustus Cesar · was Emperour of Rome,</L><L N="76">þis reson bi-gon · þat I schal now rikenen,</L><L>¶ whon god sende an Angel · in-to Galile,</L><L>to A Cite, bi nome · Nazareth I-called,</L><L>to A Maiden ful meke · þat Marie was hoten,</L><L N="80">And seide, 'Blessed beo þou flour · feirest of alle!</L><L>þe holigost with-Inne þe · schal lenden and lihte;</L><L>þou schalt beren a Child · schal Ihesu bi hoten.'
<EPB/><PB REF="00000052.tif" SEQ="00000052" RES="600dpi" FMT="TIFF6.0" FTR="UNS" CNF="999" N="4"/></L><L>he chaungede cher &amp; seide · 'hou scholde I gon with childe</L><L N="84">with-oute felauschupe of mon?' · he bad hire not demayen;</L><L>¶ 'þou schalt be mayden for him · bi-foren, and after.</L><L>Holliche with-outen wem · wite þou forsoþe.'</L><L>And heo grauntede þenne · to ben at his grace;</L><L N="88">And sone aftur þat gretnede · þat greiþli Mayde.</L></LG><LG TYPE="stanza"><L>Whon he wolde ben I-boren · at a Blisful tyme,</L><L>he dude Miracles feole · þat mony men seiȝen;</L><L>þre kynges of þe Est · þroly þei comen,</L><L N="92">And vche put him in hond · [a] present ful riche.</L><L>¶ Soone Heroudes þe kyng · herde of his burþe;</L><L>He lette sle for his sake · selli mony children;</L><L>Foure þousend and seue score · was þe summe holden,</L><L N="96">þat weore I-slawe for his sake · for certeyn hit telles;</L><L>Bote þorwȝ þe grace of him-self · gete him heo ne miȝt.</L><L>His Mooder ay with him fleih · forþ in-to Egipte.</L><L>¶ Whon he com in-to þe lond · leeue þou forsoþe,</L><L N="100">feole temples þer-inne · tulten to þe eorþe,</L><L>for heore false ymages · þat þei on leeueden.</L><L>Do a-wei þi Maumetes · þei han trayed þe ofte;<MILESTONE N="403a:2" UNIT="folio"/></L><L>Let breken hem a-two · and bren hem al to pouder,</L><L>Schaltou neuer gete grace · þorwȝ none suche goddes."</L><L N="105">¶ þenne seis þe kyng · "my wit mai not leeue,</L><L>þat þou ne melest wonderli · &amp; most a-ȝeyn kuynde.</L><L>Hou scholde a child come forþ · with-oute flescly dedes</L><L>Bi-twene wommon and Mon? · my wit may not leeue."</L></LG><LG TYPE="stanza"><L N="109">"SIre," seide Ioseph · "þou hiȝtest me to heere,</L><L>And I schal preue þe tale · þat I fore telle.</L><L>¶ whon god sat in his blisse · bosked in heuene,</L><L N="112">He seiȝ þe peple þorw peine · passen in-to helle.</L><L>also wel þe holyeste · heold þider euene</L><L>as þe moste fooles; · and þe fader þouȝte
<EPB/><PB REF="00000053.tif" SEQ="00000053" RES="600dpi" FMT="TIFF6.0" FTR="UNS" CNF="999" N="5"/></L><L>þat hit seemede nouȝt · and wolde his sone sende</L><L N="116">forte bringe hem out þer-of · and þerfore he lihte"—</L></LG><LG TYPE="stanza"><L>"What, mon?" quaþ þe kyng · "þou castest þi|seluen.</L><L>Toldest þou not now bi-foren · he nedde neuer fader,</L><L>but elles, with-oute mon · I-bore of a Mayden?</L><L>And þou seist now he has on · hou may þis sitte same?"</L><L>¶ "He was Fader," quod Ioseph · "and for his sake called,</L><L>þat was gostliche his halt · ar he weore mon formed;</L><L>And of two persones · sprong out þe þridde;</L><L N="124">þat was þe holigost · as I be-foren seide.</L><L>His godhede lees he nouȝt · þeiȝ he come lowe,</L><L>þat he nas god ay forþ · in his grete strengþe.</L><L>¶ I sei þe Fader was God · ar out was bi-gonnen,</L><L N="128">Made alle þing of nouȝt · þorw miht of him one,</L><L>Dude þe prophetes to seye · þat hem-self nuste,</L><L>Bote as hit com heom to mouþ · and meleden þe wordes.</L><L>þe kuynde of þe Moder · þat he on eorþe tok,</L><L N="132">þat diȝede a-wei · for he hit most dredde.</L><L>Bote þe kuynde of his Fader · þat was þe furste kuynde,</L><L>Holliche euere he heold · for þat diȝede neuere.</L><L>Bote he was gostliche of Fader · and fleschliche of Moder,</L><L N="136">So þat he com twies forþ · and bi two kuyndes."</L></LG><LG TYPE="stanza"><L>ÞEnne seis þe kyng · "þe lengore I here,</L><L>þe lesse reson I seo · in þat þat þou rikenest.</L><L>¶ þou toldest furst of his Fader · and of his furste kuynde,</L><L N="140">And þreo persones · and alle þei ben goddes."</L><L>¶ "Ȝe, sire, bote I pertly vndo · þat I haue þe profred,</L><L>I am worþi muche blame · what mai I seiȝe more?</L><L>¶ þe sone, I tolde bi-fore · fongede vr kuynde,</L><L N="144">tok flesch and blod · in a feir mayden;</L><L>his Godhede luttulde not · þeiȝ he lowe lihte,</L><L>þat he nas euere of o miȝt · mensked he worþe!"
<EPB/><PB REF="00000054.tif" SEQ="00000054" RES="600dpi" FMT="TIFF6.0" FTR="UNS" CNF="999" N="6"/></L><L>¶ þe kyng fette forþ · feole of his clerkes,</L><L N="148">to spute with Ioseph · þat spedes hem luite.</L><L>Ioseph tok þe holy writ · and tei for his teeme,</L><L>and destruyede heore tale · with-inne þreo wordes.</L><L>¶ þe ky[n]g bi-heold on his face · and on his limes lowore,</L><L N="152">Sayȝ he was barefot · and bar him in herte,</L><L>He<NOTE1 N="*" ID="DLPS1">MS. "He he hedde."</NOTE1> hedde I-ben of heiȝ blod · hedde he ben I-bosket,</L><L>And a ferli feir mon · and witerli him rewes.</L><L>¶ "what hettestou," seis þe kyng · to Iosep[h] þenne.</L><L N="156">"Ioseph of Aramathie · is mi nome called."</L><L>"I schal sei þe, Ioseph · as my wit þinkes,</L><L>þow semest not ful good clerk · to kenne suche wordes;</L><L>þe tale is heiȝ in him-self · þat þou of tellest,</L><L N="160">Hit is ful þester to me · &amp; moni a mon eke.</L><L>¶ I schal seie þe, Ioseph · I haue to done swiþe;</L><L>I may not wel lenge now · to-morwe meet me heere;</L><L>þow schalt haue liueraunce of In · and al þat þe neodes;</L><L N="164">whon vre leyser is more · vre lustnynge is bettre."</L><L>¶ "I haue felauschupe wiþ-outen," seis Ioseph · "wel a|boute fifti,</L><L>Boþe wymmen and men · þat mote wiþ me Inne."</L><L>¶ þe kyng lette fette hem forþ · bi-foren him to seo,</L><L N="168">what leodes þei beon · and where þei weore boren;—</L><L>"I trouwe þat beo þi sone" · bi Iosaphe he seide.</L><L>¶ "Ȝe, sire, so he is · for soþe as I þe telle."</L><L>"Con he out of clergye?" · seis þe kyng þenne.</L><L N="172">"leeue me forsoþe, sire · þer liues no bettre."</L><L>¶ þe kyng lette lede hem · in-to toun lowe,</L><L>to a feir old court · and Innes hem þere.</L></LG><LG TYPE="stanza"><L>Now we leuen Ioseph · and of þe kyng carpen;</L><L N="176">As he lai at niht · keuered in bedde,</L><L>In þreo þouȝtes he was · and þat weore þis ilke:</L><L>¶ On for his grete folk · þat him wiþ-saken hedde;
<EPB/><PB REF="00000055.tif" SEQ="00000055" RES="600dpi" FMT="TIFF6.0" FTR="UNS" CNF="999" N="7"/></L><L>¶ A-noþur for Iosep[h]s tale · þat wolde fayn he tornede;</L><L N="180">¶ þe þridde, How God scholde wiþ-outen wem · wonen in a Mayden.</L></LG><LG TYPE="stanza"><L>¶ Þenne he seih in his chaumbre-flor · þreo<NOTE1 N="*" ID="DLPS2">May we read "þreo <HI1 REND="i">treos</HI1>," inserting <HI1 REND="i">treos</HI1> on the strength of 1. 191? The passage seems partly corrupt.</NOTE1> souht vp at enes.</L><L>þe braunches on heiȝ weoren · alle of o lengþe;</L><L>Bote þe bark of þat on · semede dimmore</L><L N="184">þen ouþer of þe oþer two · trouwe þou forsoþe;</L><L>¶ þat signede Ihesu crist · for sake<NOTE1 N="*" ID="DLPS3">MS. "forsake."</NOTE1> of vre kuynde,</L><L>was nout out-wiþ so cler · bote wiþ-inne he was clene.</L><L>¶ He calles on his chaumberleyn · to kennen vncouþes,</L><L N="188">And he rises a-non · and for ferd falles.</L><L>And he feres<NOTE1 N="*" ID="DLPS4">So in MS. Perhaps we should read "beres." See the Glossarial Index.</NOTE1> him vp · and bad him not ben ferd;</L><L>"þer schal falle non euel · of þat is here formed."</L><L>¶ þei lihten two torches · and to þis treos wenten;</L><L>þei weore semeli bi-neoþe · þei mihte not seo þe heiȝþe,</L><L N="193">sprongen wiþ gret sped · of a good spice.</L><L>On vche braunche was a word · of þreo maner enkes;</L><L>Gold and Seluer he seis · and Asur forsoþe.</L><L>¶ " 'þis makeþ,' " quod þe wiht · "þe marke of gold;"</L><L>¶ "And 'þis saues,' " quaþ þat wiht · "þe seyne of seluer;</L><L>And 'þis clanses' · as þe Asur kennes."<MILESTONE N="403b:1" UNIT="folio"/></L><L>¶ þe kyng nuste wel forte seye · bi wit þat he hedde,</L><L N="200">wheþer þat he seȝe · was on forte sigge,</L><L>oþer two, or þreo · or what he miȝte telle.</L><L>¶ þe kyng was a-bascht · and to his bed buskes;</L><L>and his Chaumberleyn so a-ferd · þat neih he felde I|swowen.</L><L N="204">¶ þenne he seiȝ a newe chaumbre-wouh · wrouȝt al of bordes,</L><L>a dore honginge þer-on · haspet ful faste,
<EPB/><PB REF="00000056.tif" SEQ="00000056" RES="600dpi" FMT="TIFF6.0" FTR="UNS" CNF="999" N="8"/></L><L>A child cominge þorw · his come was nout seene,</L><L>Siþen lenges a while · and a-ȝein lendes,</L><L N="208">wiþ-outen faute oþer faus · as þei fore seiden.</L><L>¶ þenne spekes a vois · and on heiȝ sigges,</L><L>"king, haue þou no ferli · of þat is heere formed,</L><L>for so god with-outen wem · wende in a Mayden."</L></LG><LG TYPE="stanza"><L N="212">Now we leuen þe kyng · and of Ioseph carpen;</L><L>"A! lord!" quaþ Ioseph · "how may þis limpe</L><L>Of þis king Eualak · þat con not vnderstonde?</L><L>Bote ȝif I turne him bi þis poynt · ar he henne passe,</L><L N="216">beos he neuermore I-tornd · treweli I trouwe.</L><L>Nou I be-seche þe, Ihesu · as þou art ful of Ioye,</L><L>þat speke to hem of Israel · þorw Moyses speche,</L><L>And bad þei schulde leeuen · for no-skunus þinge,</L><L N="220">In non oþur straunge god · bote studefast þe holde:</L><L>And wustest daniel in þe put · þat he was inne I-worpe</L><L>Among þe leones feole · þat he no scaþe lauȝte:</L><L>And for-ȝaf þe Maudeleyn · mekelyche hire sunnes:</L><L N="224">And siþen seidest to me · mi preyere scholde sitte;</L><L>þou heiȝtest holichurche · to haunsen hire strengþe,</L><L>to hiȝen þi godhed · hit helpes nout elles;</L><L>Nou, gloriouse kyng · graunte me mi boone."</L></LG><LG TYPE="stanza"><L N="228">Þenne spekes a vois · and on heiȝ sigges,</L><L>"Ioseph, haue þou no care · þe kyng schal sone torne:</L><L>Go þou most to þi wyf · gete þou most nede</L><L>A child, Galaad schal be hoten · þat goodnesse schal reise</L><L>þe Auenturus of Brutayne · to haunsen and to holden."</L><L N="233">And he dos as he bad · and to his bed buskes.</L><L>¶ In þe morwe he was vppe · and roises þis oþure.</L><L>þenne hit þester bi-gon · and þonderde swiþe,</L><L N="236">þat þe graue quakede · and þei a-grisen alle.</L><L>¶ He bi-þenkes him þo · and to his whucche weendes,
<EPB/><PB REF="00000057.tif" SEQ="00000057" RES="600dpi" FMT="TIFF6.0" FTR="UNS" CNF="999" N="9"/></L><L>And feole preiers he made · þat Ihesu crist herde,</L><L>And spekes to hem · wiþ loueliche wordes.</L><L>¶ "I-blesset be ȝe to day · alle myne leoue children"—</L><L N="241">And he tolde hem of his crucifiing · hou he [þe] cros souȝte,</L><L>And of heore fadres bi-fore · þat he fond vn-kuynde—</L><L>"Er þei speeken to me feire · and faynede me wiþ wordes,</L><L N="244">Bote þei hateden me · and hedden de-deyn.</L><L>Bote beo ȝe stable in oure fei · and foleweþ vre werkes,</L><L>for ȝe han more of þe lawe · þen prophetes hedden.</L><L>¶ Þei nedden bote þe holygost · and so ȝe han eke,</L><L N="248">and siþen bodiliche me · to ben at or wille.</L><L>¶ I nul not fastenen on þe sone · þe Fadres gultus,</L><L>I for-ȝiue ow clene · þe harm þat I hedde.</L><L>And cum þou hider, Iosaphe · for þou art Iugget clene,</L><L N="252">And art digne þer-to · þat dos me to lyke;</L><L>Ichul bi-take þe to-day · in a good tyme</L><L>on þe hiȝeste þing · holden on eorþe,</L><L>non oþer of me · hit murili to habben,</L><L N="256">but elles vche mon of þe · þat takes hit aftur."</L><L>He bad him lifte vp · and þe lide warpes:—</L></LG><LG TYPE="stanza"><L>Þenne he seos Ihesu crist · in a sad Roode,</L><L>and his fyue Angeles · þat forþ wiþ him stoden,</L><L N="260">As red as þe fuir · and he hem bi-holdes.</L><L>¶ þat on beres in his hond · a cros of queynte hewe;</L><L>¶ þat oþer beres in his hond · þreo blodi nayles;</L><L>¶ þe þridde þe Coroune · þat his hed keuerde;</L><L N="264">¶ þe Feorþe, þe launce · þat lemede him wiþ-Inne;</L><L>¶ And þe Fyfþe a blodi cloþ · þat he was inne i-braced,</L><L>whon he lay after slauht · in þe sepulcre.</L><L>¶ þenne he falles for fere · forþ wiþ þe wȝucche;</L><L N="268">Eft he bad him rise vp · he ros wiþ þe bone.</L><L>¶ þenne he sauh Ihesu crist · I-strauȝt vppon þe Roode,</L><L>whuche þe Angel by-fore · hedde in his hond;
<EPB/><PB REF="00000058.tif" SEQ="00000058" RES="600dpi" FMT="TIFF6.0" FTR="UNS" CNF="999" N="10"/></L><L>And þe þreo nayles · þat þe oþur bi-foren hedde,</L><L N="272">In his honden and his feet · alle þei weore faste;</L><L>¶ Siþen stiken wiþ þe spere · blod and watur louses;</L><L>Bi-holdes touward hise feet · say fro hem renne;</L><L>eornen al of red blod · romynge a-boute;</L><L N="276">Al priueliche his peyne · a-pertliche he sauh.</L></LG><LG TYPE="stanza"><L>"WHi lengest þou," quod Iosep[h] · to his sone, "so longe?</L><L>And so stille liggest · lokynde in þe whucche?"</L><L>"A! Fader, touche me not · in þis ilke tyme,</L><L N="280">For muche gostliche grace · me is here I-graunted."</L><L>¶ þenne þei loken in atte wȝucche · loueliche boþe,</L><L>¶ þenne þei seȝen Ihesu crist · in þat ilke foorme,</L><L>þat heo seȝen him sodeynliche · whon heo furst comen</L><L N="284">aftur þe slauȝt to him · to þe sepulcre.</L><L>¶ þenne comen two Angeles · wiþ twayles white,</L><L>And eiþer bar in his hond · a basyn of seluer;</L><L>Oþur Tweyne aftur hem · with cruetes sone,</L><L>and wasscheles wiþ haly water · with hem þei brouȝten;</L><L N="289">And oþer two after hem · with sencers <MILESTONE N="403b:2" UNIT="folio"/>soone,</L><L>set wiþ riche stones · and a viole of sence.</L><L>¶ þen com on, 'þe strengþe of god' · gabriel I-hoten,</L><L N="292">wiþ þe riccheste sege · þat euer for seete seemes;</L><L>And oþer two after him · wiþ crois and wiþ Mitre,</L><L>And oþure bouwynde after · wiþ vestimens sone.</L></LG><LG TYPE="stanza"><L>HE seiȝ an Auter I-cloþed · wiþ cloþes ful riche;</L><L>Vppon þat on ende lay · þe launce and þe nayles,</L><L N="297">And vppon þat oþer ende · þe disch wiþ þe blode,</L><L>and a vessel of gold · geynliche bi-twene.</L><L>¶ Ihesu made for to greiþe Iosaphe · in þat geyn weede,</L><L N="300">And sacrede him to Bisschop · wiþ boto his hondes,</L><L>And tolde him of his vestimens · what þei signefyen;</L><L>In vche Cite þere he come · sacren on he scholde</L><L>wiþ þe selue oygnemens · þat he to him wrouȝte,
<EPB/><PB REF="00000059.tif" SEQ="00000059" RES="600dpi" FMT="TIFF6.0" FTR="UNS" CNF="999" N="11"/></L><L N="304">And an-oyg[n]ten oþer kynges · þat to crist torneden.</L><L>¶ Ȝit he leres him more · loueliche him-seluen—</L><L>"I beo-take þe her, Iosaphe · soules to kepe;</L><L>ȝif eni þorw þi defaute · falle fro my riche,</L><L N="308">At þe day of Iuggement · þou beost ioyned harde;</L><L>¶ I seiȝe, Ioseph þi fader · schal bodiliche hem ȝeme,</L><L>And þou gostliche · nou ȝemes hem boþe.</L><L>wiþ-drawe þe of þi vestimens · and do hem vp to holde;</L><L N="312">Go now to-ward þe court · þe kyng for to turne."</L></LG><LG TYPE="stanza"><L>ÞEnne þei wenden heore wei · and to þe court ȝongen,</L><L>And al a-boute þe paleys · haly water þei spreynden,</L><L>for mony a wikkede gost · woned hedde þere.</L><L N="316">¶ wiþ-outen, on þe paleys · as þei bi passeden,</L><L>werdes of Ebreu · weren I-writen of ȝore,</L><L>And sein, 'daniel of Babiloyne · whon he fro Batayle wente</L><L>Fro nabugodonosor · þe kyng þat him hade,</L><L N="320">called þis paleis "Auntres" · and forsoþe seide,</L><L>þat hit scholde trewely · in sum tyme aftur,</L><L>called beo þe paleis · merueilouse for werkes,</L><L>þat þer scholde beo seyȝen · þorw sonde of vr lord.'</L><L N="324">¶ Bi þat was A Messager come · after þis men sone;</L><L>whon þei comen to þe halle · þei maden þe signe</L><L>on hem of þe verrey cros · and toward þe kyng eoden.</L><L>¶ þe kyng hedde geten him a clerk · on of þe beste,</L><L N="328">nouȝwhere in heore lawe · was such a-nother holden,</L><L>to take Ioseph in his tale · ȝif he wrong seide.</L><L>¶ "þou toldest me ȝusterday," quod þe kyng · "þou wost wel þi-seluen,</L><L>Of þise þreo persones · and alle þei beoþ goddes;</L><L N="332">And siþen of a-noþer · wonder forsoþe,</L><L>þat Ihesu with-outen wem · won in a Mayden."</L></LG><LG TYPE="stanza"><L>"Þat I tolde þe þo · I telle þe ȝitte;</L><L>I nul forsake my word · for no maner þinge."
<EPB/><PB REF="00000060.tif" SEQ="00000060" RES="600dpi" FMT="TIFF6.0" FTR="UNS" CNF="999" N="12"/></L><L N="336">Op stondes þis clerk · and seis him þise wordes,</L><L>"Ȝif þise þreo persones · þat þou þe fore puttest</L><L>han bote on godhede · þei nare not goddes alle;</L><L>Ȝif vchon haue a godhede · I graunte, bi him-selue,</L><L N="340">I seie þat on is also good · as þe þreo hole.</L><L>¶ þat on is a verrei god · I sei bi god greyþe;</L><L>þis oþer two nare none · in no maner þinge."</L><L>He sprong in his sputison · and speek harde wordes,</L><L N="344">þat Ioseph hedde no space · while his speche laste.</L><L>¶ Op stondes Iosaphe · and þe fader sittes,</L><L>Speek wiþ an heiȝ vois · þat al þe folk herde,</L><L>"Nou þe greteþ, sir Euelak · God of israel</L><L N="348">þorw his seruauntes mouþ · and seye þe I wile.</L><L>¶ þou hast I-seȝe to-niht · signefies summe,</L><L>þow hast diskeueret hem · þer he nis not payet,</L><L>Heere þou schalt ha vengaunce · verreyliche and sone,</L><L N="352">þat al þi reume schal seo · þat þou wrong siggest;</L><L>¶ For he, þis ilke Tholomer · þat þou weore wont to hunte,</L><L>þat is kyng of Babiloyne · hiderward he buskes;</L><L>þreo dayes with þe niht · nou he þe schal driue,</L><L N="356">Siþen lacche þe atte laste · and þe þi lyf bi-reuen;</L><L>He þat dorste nere ȝut · þe nouȝwhere a-byde,</L><L>nou schal winne his wille of þe · for þi wrong bi-leeue."</L><L>¶ þenne stod vp þis clerk · and wolde eft dispuite;</L><L N="360">þenne him þouȝte þat on · heold him bi þe tonge,</L><L>And he roungede an heiȝ · and rorede so harde,</L><L>his eiȝen flowen out of his hed · and biforen him fallen.</L></LG><LG TYPE="stanza"><L>¶ Þenne vp sturten þe folk · and wolden wiþ wepene</L><L N="364">sle Iosep[h] and his sone · for sake<NOTE1 N="*" ID="DLPS5">MS. "forsake," as in 1. 185.</NOTE1> of þis oþer;</L><L>And þe kyng Eualac · cauȝte his swerd sone,</L><L>And beo þe miht of Iubiter · he swor to hem alle,
<EPB/><PB REF="00000061.tif" SEQ="00000061" RES="600dpi" FMT="TIFF6.0" FTR="UNS" CNF="999" N="13"/></L><L>weore eny of heom so wood · heom forte founde,</L><L N="368">he wolde felle hem feye · ar þei þenne ferden.</L><L>¶ þenne seis þe kyng · "mai þer out me helpe</L><L>forto saue me out · ȝif þat hit so lym[p]e?"</L><L>¶ "Ȝe, sire," seis Iosaphe · "to fonge þe trouþe."</L><L>"And what trouwest þou of þis mon · tides him hele?"</L><L>"Gos to oure Maumetes · and proues heore mihtes."</L><L>¶ þenne þei taken þis mon · and towen him to þe temple,</L><L>A-non þei brouȝten him forþ · bi-foren þe moste mayster,</L><L N="376">Calleþ vppon an ymage · þat Appollin hette,</L><L>and wol not onswere a word · þauh þei scholde swelten.</L><L>¶ þenne spekes an ymage · in a-noþer huirne,</L><L>þat ȝe clepeþ Martis · "nouȝt is þat ȝe mene;</L><L N="380">Appolin is bounden · and braset so faste,</L><L>he may not speke a word · for no þing alyue."</L></LG><LG TYPE="stanza"><L>Þenne Ioseph hente a staf · þat stod him bi-syde,</L><L>strikes to þis Appolin · with a strong wille,</L><L N="384">þat his nekke to-barst · and brak al to pouder,</L><L>and þe fend of his bodi · fleyȝ to þe lufte.</L><L>¶ þenne þei leuen him þer · and goþ<MILESTONE N="404a:1" UNIT="folio"/> touward oþure;</L><L>¶ þe kyng bowes to his pors · him offring to beode.</L><L N="388">"Let beo," seis Iosaphe · "I leeue þe beo bettre;</L><L>For and þou profre him eny · I schal do [þe] to preue,</L><L>vppon sodeyne deþ · þou schalt sone dye."</L><L>¶ "Do tel me," seis þe kyng · "I haue þe muche truste,</L><L N="392">Of þis tholomer and me · hou schal hit tyden?"</L><L>And he onsweres aȝeyn · "I dar not wel sigge,</L><L>for þis cristene men · þat vmbe mong ȝongen.</L><L>¶ Se ȝe not þe tweyne Angeles · leden hem a-boute?</L><L N="396">¶ þat on bereþ a cros · þat oþer a swerd kene;</L><L>¶ wher-so-euere þei ben stad · such is heore strengþe,</L><L>Vre maystrie is nouȝt · in no maner þinge."</L><L>¶ þenne seis Iosaphe · "for us ne schalt þou wonde;</L><L N="400">Vppon þe heiȝe trinite · I halse þe to telle,
<EPB/><PB REF="00000062.tif" SEQ="00000062" RES="600dpi" FMT="TIFF6.0" FTR="UNS" CNF="999" N="14"/></L><L>Spek al þat þou const · &amp; let þe kyng here."</L><L>"Of newe þing þat is to come," he seis · "con I not telle."</L><L>Bi þat was a Messager i-come · and to þe kyng menes,</L><L>And seis him þat tholomer · has taken of his londes.</L><L>¶ "þe riche Cite of Nagister · nomen he has forsoþe;</L><L N="406">Siþen he keueres vppon · and takes bi-fore clene</L><L>þe Castel of a-longines · and hiderward he ioynes,</L><L>with sixti þousent," he seide · "of clene men of Armes,</L><L N="409">And Fifti þousend fot-men · þat redi beþ to fihte,</L><L>þei han geten þat holt · for certeyn soþe;</L><L>þer is non in þat lond · þat schal hem wiþstonden."</L><L N="412">¶ þenne þe kyng was a-ferd · I hete þe forsoþe,</L><L>leste þe tale of Iosaphe · ferede trewe.</L></LG><LG TYPE="stanza"><L>ÞE kyng boskes lettres a-non · to bounen his bernes,</L><L>Comaundes hem to meeten him · tymely on þe morwen,</L><L N="416">At þe Castel of Carboye · þer he beden hade,</L><L>was fiftene myle · fro sarras I-holden,</L><L>And oþer fiftene myle · fro þenne as þei leiȝen.</L><L>¶ þenne Ioseph takes him forþ · and seiþ him þis wordes,</L><L>"wostou what þou do, kyng · nou þat þou wendes?</L><L N="421">Of þi comynge a-ȝein · const þou not telle.</L><L>¶ Such signe me is tauȝt · þou art of cun symple;</L><L>forsoþe A mon was þi fader · þat couþe schon a-mende!</L><L>¶ þat tyme þat Augustes cesar · was Emperour of Rome,</L><L N="425">þou wast lenged in þe lond · þat þat lord ouȝte.</L><L>Fourti knihtes douȝtres · he wolde haue of fraunce,</L><L>forte souwe selk-werk · and sitten in his chaumbre.</L><L>¶ For þou were a feir child · þou weore I-fet to serue</L><L N="429">twei feire maydenes · and wiþ þis mon lengedest.</L><L>¶ þei heolden þe of herre blod · þen þou boren weore;</L><L>So þou souȝtes fro him · to þe erl of Surye.</L><L N="432">So þou and his sone · vppon a day seten,
<EPB/><PB REF="00000063.tif" SEQ="00000063" RES="600dpi" FMT="TIFF6.0" FTR="UNS" CNF="999" N="15"/></L><L>And ȝe woxen vn-sauȝt · and þou slouȝ him þere.</L><L>So þou come to þe kyng · þat þis kuþþe auȝte;</L><L>Seidest þou were a kniht · and in his court laftest.</L><L N="436">¶ He was an old mon · weried of werre,</L><L>And þou weore a ȝong mon · in þi grete strengþe.</L><L>For þou toke his enemy · and brouȝtest him to honde,</L><L>forþi he ȝaf þe þis lond · after his lyue.</L><L N="440">Hit is not allynge to carpe, sire kyng · wher-of we comen."</L><L>He takes non [hede] heere-to · bote askes him of þe sweuene</L><L>þat he mette on þe niht · and bad he scholde him telle.</L><L>¶ "whon þat þou comest aȝeyn · wite þou schalt forsoþe,</L><L>þou miht haue more redi roume · my rikenyng to here!"</L><L>¶ Ioseph[e] takes his scheld · and schapes a-middes</L><L N="446">A crois of red cloþ · and kennes him aftur,</L><L>whon his peril weore most · to crist he scholde preyen,</L><L>for þer scholde no mon verreili · þat vigore bi-holden,</L><L N="449">þat he nis saaf þat dai · and his sore passed.</L></LG><LG TYPE="stanza"><L>ÞEnne he buskes touward þe bente · þer þis oþer byden,</L><L>He arayes his riche men · and rihtes hem swiþe.</L><L N="452">A-non tholomers men · woxen þe biggore;</L><L>sone beeren hem a-bac · and brouhten hem to grounde;</L><L>And þei tornede a-ȝein · þat tyme hit was non oþer.</L><L>¶ þei come bi tholomers tentes · vn-housed hem sone,</L><L N="456">Token holliche his stor · and a-wei streiȝten,</L><L>þat þei come to a Castel · faste be-syde.</L><L>¶ þe kyng was gon to pleye him · bi a water brimme,</L><L>þen com on prikynge · prest him a-ȝeynes.</L><L N="460">He seide, "my ladi þe queene · ou a lettre sende,</L><L>Biddes ou wihtly be boun · to don as heo biddes."</L><L>And he redes hit forþ · and fond þer-on sone,</L><L>þat he scholde wiþ-drawe him · al a-wei þenne,
<EPB/><PB REF="00000064.tif" SEQ="00000064" RES="600dpi" FMT="TIFF6.0" FTR="UNS" CNF="999" N="16"/></L><L N="464">Or elles tholomers folk · wol taken him þere;</L><L>¶ Forþi heo wole þat he wite · and warnes him beo|time.</L><L>¶ "Ho has witered hire of þis · and ho has hire kenned?"</L><L>He onsweres a-non · "sire, I not forsoþe.</L><L N="468">Bote þe two cristene men · þat bydes ow at court,</L><L>in gret counseil han I-beo · I trouwe hit be þer a|boute;"—</L><L>And he telles hem þenne · of þe qwene sonde</L><L>þorw counseil of Iosaphe · and Ihesu þei þonken.</L></LG><LG TYPE="stanza"><L>¶ ÞE kyng Boskes lettres a-non · to boune mo bernes;</L><L N="473">bi þat þe niȝt was a-weye · And þe day on þe morwe,</L><L>þei hadden of newe folk · fourtene þousend.</L><L>He seiȝ vnder a wode-egge · siker bi hem-seluen</L><L N="476">Freschliche I-diht · Fyue hondred men of Armes.</L><L>¶ On vn-castes his helm · and to þe kyng rydes,</L><L>And he kneuȝ him wel · he was his wyues broþer,</L><L>was I-called Seraphe · a ȝong Erl forsoþe,</L><L N="480">and a douȝti þer-wiþ · in alle goode deedes;</L><L>He mihte neuer gete loue of þe kyng · much <MILESTONE N="404a:2" UNIT="folio"/>ne luyte,</L><L>ne good herte of him · and he non harm seruede.</L><L N="483">He seide, "my ladi þe Qwene · me a lettre sende,</L><L>Ȝif euere I halp hire at neode · I scholde hit now cuiþe;</L><L>And I am come to þi wille · sire, wiþ þis knihtes."</L><L>"Forsoþe," he seis, "seraphe · so þou euele ouȝtest;</L><L>Ofte I haue for-set þe · þat me sore forþinkes,</L><L N="488">For euere þe kuynde wol be frend · for ouȝt þat mai bi-falle."</L></LG><LG TYPE="stanza"><L>Now þei bouwe touward þe bente · þer þis oþere houen;</L><L>He arayes his riche men · and rihtes hem bettre,</L><L>þat þorw him reowen no res · þat his red wrouȝten.
<EPB/><PB REF="00000065.tif" SEQ="00000065" RES="600dpi" FMT="TIFF6.0" FTR="UNS" CNF="999" N="17"/></L><L N="492">¶ þenne seis Seraphe · "holdes ou stille,</L><L>And þenkes on, goode men · þe gref is oure childre;</L><L>what wol bi-falle þer-of · and we ben confoundet.</L><L>Betere hit were douhtilyche · to diȝen on or oune,</L><L>þen wiþ schendschupe to schone · and vs a-bak drawe."</L><L N="497">þei han geten on hem · þe lengþe of a gleyue:</L><L>¶ whon Seraphe seiȝ þat men · þei miȝte I-seo sone</L><L>his polhache go · and proude doun pallede.</L><L N="500">In þe þikkeste pres · he preuede his wepne,</L><L>Breek braynes a-brod · brusede burnes,</L><L>Beer bale in his hond · bed hit a-boute.</L><L>He hedde an hache vppon heiȝ · wiþ a gret halue,</L><L N="504">Huld hit harde wiþ teis · in his two hondes;</L><L>So he frusschede hem with · and fondede his strengþe,</L><L>þat luyte miȝte faren him fro · and to fluiȝt founden.</L><L>¶ þere weore stedes to struien · stoures to medlen,</L><L N="508">Meeten miȝtful men · mallen þorw scheldes,</L><L>¶ Harde hauberkes to-borsten · and þe brest þurleden.</L><L>Schon schene vppon schaft · schalkene blode.</L><L>¶ þo þat houen vppon hors · heowen on helmes.</L><L>¶ þo þat hulden hem on fote · hakken þorw scholdres.</L><L>mony swouȝninge lay · þorw schindringe of scharpe,</L><L>And starf aftur þe deþ · in a schort while.</L><L>¶ þer weoren hedes vn-huled · helmes vphaunset;</L><L N="516">harde scheldes to-clouen · on quarters fellen,</L><L>slen hors and mon · holliche at enes.</L></LG><LG TYPE="stanza"><L>ÞE stiward of Eualak · in þe stour lafte,</L><L>lai streiht on þe feld · striken to þe eorþe.</L><L>¶ Now Eualac and tholomer · twies han a-semblet;</L><L N="521">Seraphe takes of heore men · wel a two hundred,</L><L>to wende to a Roche · was faste bi-syde.</L><L>Hedde þei geten þat holt · for certeyne soþe,</L><L>þei mihten haue do muche harm · er þei han hem mihte.</L><L>¶ þenne com on wiþ a tale · and Tholomer he telles,</L><L N="526">And seis him hou Seraphe · has his men serued;
<EPB/><PB REF="00000066.tif" SEQ="00000066" RES="600dpi" FMT="TIFF6.0" FTR="UNS" CNF="999" N="18"/></L><L>His broþer and a batayle · weore bosket bi-sydes,</L><L>And he sende him word · he scholde þider seche,</L><L>And þei come swiftly vppon · and swengeden to-gedere.</L><L>¶ Seraphe was of hem wel war · and faste hem a-scries;</L><L>He mette a gome on an hors · with a gret route,</L><L N="532">He hente vp his hachet · and huttes him euene,</L><L>Al to-hurles þe helm · and þe hed vnder.</L><L>wiþ þe deþ in his hals · dounward he duppes,</L><L>and þat deruede hem muche · on þat oþer syde,</L><L N="536">for þe kyng Tholomer · was treweli his broþer.</L><L>¶ þen Seraphe fondes in · he and fourti knihtes,</L><L>¶ þer þe batayle was stiffest · and of more strengþe.</L><L>¶ þenne þei fullen for grame · to Seraphe knihtes;</L><L N="540">þei han laft him a-lyue · but vnneþe seuene.</L><L>Sikerli þe seuene · weore slayen at þe laste,</L><L>Him wondet þer-wiþ · and wemmet so sore,</L><L>þat he was in swounynge · and fel to þe grounde.</L><L>¶ Sone þenne he starte vp · and streiȝte to his hache,</L><L N="545">culles on mennes hedes · þat þei doun lyen,</L><L>Siþen cacches his hors · and a-wei wendes.</L><L>Bote euer-more Seraphe · askes and cries,</L><L N="548">"where was Eualac?" · þe stour was so þikke.</L><L>¶ wel a fyue þousend men · of tholomeres halue</L><L>weore bytwene hem two · þat to him he ne mihte,</L><L>And he nedde bote fourti men · folewynde his brydel.</L><L>And þei were weri of-fouȝten · and feor ouer-charged,</L><L N="553">Of þe peple afurst · and þe pres after;</L><L>luyte wonder hit was · so þey wrouȝt haden.</L></LG><LG TYPE="stanza"><L>ÞEnne was Eualac taken · and woundet ful sore;</L><L N="556">And þe kyng tholomer · takes him to kepe,</L><L>Ferde in-to a forest · faste bi-syde,</L><L>forte fallen him feye · er þei a-ȝeyn ferden.</L><L>¶ þenne he vn-keuered his scheld · &amp; on þe cros bi|holdes;</L><L N="560">He seiȝ a child strauȝt þer-on · stremynge on blode,
<EPB/><PB REF="00000067.tif" SEQ="00000067" RES="600dpi" FMT="TIFF6.0" FTR="UNS" CNF="999" N="19"/></L><L>And he bi-souȝte him of grace · as he was godes foorme.</L><L>¶ þenne he seiȝ a whit kniht · comynge him a-ȝeines,</L><L>boþe Armure and hors · al as þe lilye,</L><L N="564">A red cros on his scheld · seemed him feire;</L><L>Rydes to tholomer · rad wiþ þat ilke,</L><L>Baar him doun of his hors · and harmed him more,</L><L>strok him stark ded · þat he sturede neuere.</L><L N="568">¶ Siþen he fonges forþ · a ferly wepne,</L><L>fel hem feiȝe to his feet · þat him hedde folewed.</L><L>¶ þenne he horses Eualac · on tholomeres steede,</L><L>bouwes touward þe batayle · bigly and swiþe.</L><L N="572">¶ Euer-more Eualac · askes and cries,</L><L>"where was Seraphe?" · and seiȝ him wiþ þat ilke,</L><L>wher seue knihtes him han · sikerliche a-sayled,</L><L N="575">and titli bi-gonnen · to take him bi þe bridel.</L><L>¶ þe white kniht wiþ his swerd · swyngede to hem sone;</L><L>whon þe sixe weoren dede · þe seueþe a knyf <MILESTONE N="404b:1" UNIT="folio"/>cauhte,</L><L>And wolde ha striken Seraphe · at a stude derne,</L><L>vppon an hole of his helm · and he was so for-fouȝten</L><L N="580">þat he hedde no space · spedly him-seluen</L><L>forto do him no dispit · þe sporn was his owne.</L><L>¶ whon Eualac þat sauȝ · he fel to þe grounde,</L><L>And Seraphe also · and boþe lye [a] swoune.</L><L>¶ þe white kniht lihtes doun · and boþe hem vp-liftes;</L><L N="585">þer nas no lynde so liht · as þise two leodes,</L><L>whon þei blencheden a-boue · and eiþer seiȝ oþer.</L><L>¶ þenne seis Seraphe · "scheuȝ me myn hache,</L><L>and I schal note hit to-day · my strengþe is so newed."</L><L N="589">¶ "Haue her-on," seis þe white kniht · "vppon my bi|halue;</L><L>God sende þe þis · þat al þe grace lenes."</L><L>whon he hedde hit in honde · he heold hit þe betere,</L><L N="592">And þe heuior bi fer · þen he bi-foren hedde;</L><L>Nas þer ȝong mon ne old · þat ȝernloker wrouȝte</L><L>þen Eualac and Seraphe · wher-so-euer þei souȝten,</L><L>Also fresch as þe hauk · freschore þat tyme,
<EPB/><PB REF="00000068.tif" SEQ="00000068" RES="600dpi" FMT="TIFF6.0" FTR="UNS" CNF="999" N="20"/></L><L N="596">þen þei foundeden þidere · in heore furste come.</L><L>But euer-more þe white kniht · hem þe place roumede,</L><L>Hit falles not for to seiȝe · þe fere of his duntes.</L><L>þer he lousede his hond · he leyde hem on Ronkes,</L><L N="600">and welde hem bi-foren · at his oune wille.</L><L>¶ þe stiward of Tholomer · stoffes hem to-gedere,</L><L>and seis, "þei ben a-middes þe Reume · and mowe not hom reche,</L><L>ne heo knowe not in the lond · forþi þei moten lenge."</L><L N="604">¶ þenne þe folk of þe Roche · hem in face kepten,</L><L>maden þer a siker werk · and slowen hem vp clene.</L></LG><LG TYPE="stanza"><L>Eualac and Seraphe · wonder hem þhouȝte</L><L>wher þe white kniht bi-com · þat won hem þe prys;</L><L N="608">þei nuste where he was · ne on whuche syde.</L><L>¶ þenne seis Seraphe · þat hom he wolde wende,</L><L>He is woundet ful sore · to winnen his ese.</L><L>¶ "Trewely," seis Eualac · "þow schalt wiþ me to court,</L><L N="612">And two wonderful men · þou schalt seo þere;</L><L>þei tolde me of vche a poynt · ar I fro home wente,</L><L>al-to-gedere of þis werk · hou hit is wonne."</L></LG><LG TYPE="stanza"><L>Nou we leuen þe kyng · and of Ioseph carpen,</L><L>þat restes him in Sarras · bi-leued wiþ þe qweene.</L><L N="617">"Hou trouwestou of my lord?" heo seis · "tydes him hele,</L><L>Has he folfulsened þe sawes · þat þou bi-fore seidest?"</L><L>"Ȝe, þorw þe miht of god · þe maystrie is wonnen,</L><L N="620">And þorw his swete grace · þe sarrest is passed."</L><L>¶ "Ȝe, I wol bi-hote þe heer · þi lawe for to holden,</L><L>whon þat my lord is comen · þat schal I furst fongen."</L><L>"Do me sikernesse þer-to" · seis Ioseph þenne.</L><L>¶ "I wole my trouþe þe bi-take · I wol þe nout trayse."</L><L N="625">"Nay, þou hast non," seis he · "for certeyn soþe,
<EPB/><PB REF="00000069.tif" SEQ="00000069" RES="600dpi" FMT="TIFF6.0" FTR="UNS" CNF="999" N="21"/></L><L>Ȝe han be fastned wiþ hem · þat ferden wiþ luitel."</L><L>"Tel me what is þin · and what hit signefyes?"</L><L N="628">And he tolde hire a-non · trewely him-seluen,</L><L>And heo rikenede a-ȝeyn · radly and sone,</L><L>Also redili as he · and wonder he hedde.</L><L>¶ "I schal seiȝe þe, Ioseph · for certeyn soþe,</L><L N="632">hou I tok cristendom · and in what tyme.</L><L>while my moder lyuede · heo hedde an vuel longe,</L><L>And souȝte in-to diuerse studes · and mihte haue non hele.</L><L>¶ þenne wonede an hermite · faste bi-syde;</L><L N="636">Semely vppon a day · þidere we souhten;</L><L>Heo bad þis hermyte · he scholde hire hele sende.</L><L>¶ 'I am sinful as þou,' he seis · 'I mai þe non graunte.'</L><L>¶ 'No mak þi preyere to him,' heo seis · 'þat þin hope is inne?'</L><L N="640">¶ 'woldestou leeue vppon him,' he seis · 'I wolde þe bi-hote,</L><L>þat þou scholdest ben hol · ar þou henne eodest.'</L><L>¶ He made hire to knele a-doun · and a bok bradde,</L><L>Radde a gospel þer-on · and bad hire vp rise,</L><L>And heo was lihtned of hire euel · in a luytel stounde.</L><L N="645">¶ þenne heo seide to me · 'douȝter ful deore,</L><L>woltou beo as I am · and on þis mon leue?'</L><L>And I wepte water warm · and wette my wonges,</L><L>And seide his bert was so hor · I bad not on him leeue.</L><L N="649">And he seide to me · 'douȝter, he is feirore,</L><L>þat þi moder has I-helet · nou in þis tyme,</L><L>þen I or þou · or out þat is formed.'</L><L N="652">¶ And I tolde him a-ȝeyn · 'and he so feir weore</L><L>as my broþer is at home · I wolde on him leeue.'</L><L>¶ 'Sikerly, douȝter,' he seis · 'so may grace sende</L><L>þat þou miȝt seo him þi-self · ar þow henne seche.'</L></LG><LG TYPE="stanza"><L N="656">ÞEnne com Ihesu crist · so cler in him-seluen,</L><L>aftur þe furste blusch · we ne miȝte him bi-holden,
<EPB/><PB REF="00000070.tif" SEQ="00000070" RES="600dpi" FMT="TIFF6.0" FTR="UNS" CNF="999" N="22"/></L><L>And a wynt and a sauor · whappede us vmbe,</L><L>we weore so wel of vr-self · we nuste what we duden.</L><L N="660">He vsede of Goddes bord · &amp; a writ brouhte,</L><L>bi-tauȝte me and my moder · murily to holden;</L><L>þus cristendom I tok · in þat ilke tyme."</L><L>¶ "whi hastou let so longe · þi lord þis lyf leden?"</L><L N="664">"Sire, forsoþe," heo seis · "syker I ne dorste,</L><L>He is so feol in him-self · for no þing be-knowen,</L><L>Bote herkene of god · whon he his grace sende.</L><L>¶ Hastou not herd þi-self · hou euel he was to torne?"</L></LG><LG TYPE="stanza"><L N="668">Now þe kyng comes to sarras · and mony on him suwen;</L><L>As sone as he com hom · I hete þe forsoþe,</L><L>He askede after a-non · nomeliche þeose tweyne,</L><L>Sette him on<MILESTONE N="404b:2" UNIT="folio"/> his bed · and hem on eiþer syde.</L><L N="672">"A! Ioseph," seiþ þe kyng · "soþe aren þi wordes,</L><L>þat þou toldest me furst · ȝor foundeour be blesset!"</L><L>¶ "Ho is þat?" seis Seraphe · and [he] onswerde sone,</L><L>"he þat halp þe wiþ sound · fro þe seue knihtes "—</L><L N="676">Tolde hem vche a poynt · þat þei wrouȝt haden;</L><L>Hou he wuste þerof · wonder hem þouȝte.</L></LG><LG TYPE="stanza"><L>ÞEnne com on fro þe fiht · þat foule was wemmed,</L><L>was striken of þat on Arm · and bar hit in þat oþer.</L><L N="680">¶ þen Ioseph asked þe kynges scheld · And bad þat mon knele,</L><L>þe arm helede a-ȝeyn · hol to þe stompe.</L><L>¶ þenne com Seraphe · and fullouȝt furst askes.</L><L>In þe nome of þe fader · Ioseph him fulwede,</L><L N="684">And calles him Naciens · and his nome tornde:</L><L>he was þe forme þat day · þat fongede trouþe.</L><L>¶ whon he Baptised was · þis oþere bi-heolden,</L><L>Heom þouȝte he leomede as liht · al on a lowe;
<EPB/><PB REF="00000071.tif" SEQ="00000071" RES="600dpi" FMT="TIFF6.0" FTR="UNS" CNF="999" N="23"/></L><L N="688">¶ þei seȝen þe holy-gost · at his mouþ descenden,</L><L>And he speek þenne · þat bi-foren ne kneuȝ.</L></LG><LG TYPE="stanza"><L>ÞEnne com he wiþ þe sore Arm · þat þorw þe grace was holpen; .</L><L>In þe nome of þe fader · Ioseph him folwed,</L><L N="692">clepen him Cleomadas · and callen him after.</L><L>¶ þenne com þe kyng Eualac · and fullouht askes;</L><L>In þe nome of þe fader · Ioseph him folwede,</L><L>Called him Mordreyns · 'a lat mon ' in trouþe.</L><L N="696">¶ þen com þe folk · to Iosaphe so þikke,</L><L>He tok a basin of gold · in boþe two his hondes,</L><L>Vppon þe heiȝe trinite · he let water hiȝe,</L><L>And hedde fulwed bi non · mo þen fyue þousend.</L><L N="700">¶ þenn seis Iosaphe · þat Ioseph his fader</L><L>mot a-byden him · and dwelle þer stille,</L><L>¶ while þat he and Naciens gon · nouþer þei nusten,</L><L>forte cristene þe folk · and casten þe false.</L><L N="704">¶ But þere an vnsely kyng · in prison hem caste,</L><L>wiþ muche serwe to him-self · siker atte laste;</L><L>¶ For þe kyng Mordreyns · com with such strengþe,</L><L>forte liuere hem out · on lyue he lafte none.</L><L>¶ Siþen þei bi-tauȝten þe blod · twei burnes to holden,</L><L N="709">And þei lenden of þe toun · and leuen hit þere.</L></LG></DIV1></BODY><BACK><DIV1 NODE="AHA2700.0001.001:4" TYPE="omitted back matter"><P>



<EPB/><PB REF="00000072.tif" SEQ="00000072" RES="600dpi" FMT="TIFF6.0" FTR="UNS" CNF="999" N=""/>

<EPB/><PB REF="00000073.tif" SEQ="00000073" RES="600dpi" FMT="TIFF6.0" FTR="UNS" CNF="999" N=""/>

<EPB/><PB REF="00000074.tif" SEQ="00000074" RES="600dpi" FMT="TIFF6.0" FTR="UNS" CNF="999" N=""/>

<EPB/><PB REF="00000075.tif" SEQ="00000075" RES="600dpi" FMT="TIFF6.0" FTR="UNS" CNF="999" N="27"/>

<EPB/><PB REF="00000076.tif" SEQ="00000076" RES="600dpi" FMT="TIFF6.0" FTR="UNS" CNF="999" N="28"/>

<EPB/><PB REF="00000077.tif" SEQ="00000077" RES="600dpi" FMT="TIFF6.0" FTR="UNS" CNF="999" N="29"/>

<EPB/><PB REF="00000078.tif" SEQ="00000078" RES="600dpi" FMT="TIFF6.0" FTR="UNS" CNF="999" N="30"/>

<EPB/><PB REF="00000079.tif" SEQ="00000079" RES="600dpi" FMT="TIFF6.0" FTR="UNS" CNF="999" N="31"/>

<EPB/><PB REF="00000080.tif" SEQ="00000080" RES="600dpi" FMT="TIFF6.0" FTR="UNS" CNF="999" N="32"/>

<EPB/><PB REF="00000081.tif" SEQ="00000081" RES="600dpi" FMT="TIFF6.0" FTR="UNS" CNF="999" N="33"/>

<EPB/><PB REF="00000082.tif" SEQ="00000082" RES="600dpi" FMT="TIFF6.0" FTR="UNS" CNF="999" N="34"/>

<EPB/><PB REF="00000083.tif" SEQ="00000083" RES="600dpi" FMT="TIFF6.0" FTR="UNS" CNF="999" N="35"/>

<EPB/><PB REF="00000084.tif" SEQ="00000084" RES="600dpi" FMT="TIFF6.0" FTR="UNS" CNF="999" N=""/>

<EPB/><PB REF="00000085.tif" SEQ="00000085" RES="600dpi" FMT="TIFF6.0" FTR="UNS" CNF="999" N="37"/>

<EPB/><PB REF="00000086.tif" SEQ="00000086" RES="600dpi" FMT="TIFF6.0" FTR="UNS" CNF="999" N="38"/>

<EPB/><PB REF="00000087.tif" SEQ="00000087" RES="600dpi" FMT="TIFF6.0" FTR="UNS" CNF="999" N="39"/>

<EPB/><PB REF="00000088.tif" SEQ="00000088" RES="600dpi" FMT="TIFF6.0" FTR="UNS" CNF="999" N="40"/>

<EPB/><PB REF="00000089.tif" SEQ="00000089" RES="600dpi" FMT="TIFF6.0" FTR="UNS" CNF="999" N="41"/>

<EPB/><PB REF="00000090.tif" SEQ="00000090" RES="600dpi" FMT="TIFF6.0" FTR="UNS" CNF="999" N="42"/>

<EPB/><PB REF="00000091.tif" SEQ="00000091" RES="600dpi" FMT="TIFF6.0" FTR="UNS" CNF="999" N="43"/>

<EPB/><PB REF="00000092.tif" SEQ="00000092" RES="600dpi" FMT="TIFF6.0" FTR="UNS" CNF="999" N="44"/>

<EPB/><PB REF="00000093.tif" SEQ="00000093" RES="600dpi" FMT="TIFF6.0" FTR="UNS" CNF="999" N="45"/>

<EPB/><PB REF="00000094.tif" SEQ="00000094" RES="600dpi" FMT="TIFF6.0" FTR="UNS" CNF="999" N="46"/>

<EPB/><PB REF="00000095.tif" SEQ="00000095" RES="600dpi" FMT="TIFF6.0" FTR="UNS" CNF="999" N="47"/>

<EPB/><PB REF="00000096.tif" SEQ="00000096" RES="600dpi" FMT="TIFF6.0" FTR="UNS" CNF="999" N="48"/>

<EPB/><PB REF="00000097.tif" SEQ="00000097" RES="600dpi" FMT="TIFF6.0" FTR="UNS" CNF="999" N="49"/>

<EPB/><PB REF="00000098.tif" SEQ="00000098" RES="600dpi" FMT="TIFF6.0" FTR="UNS" CNF="999" N="50"/>

<EPB/><PB REF="00000099.tif" SEQ="00000099" RES="600dpi" FMT="TIFF6.0" FTR="UNS" CNF="999" N="51"/>

<EPB/><PB REF="00000100.tif" SEQ="00000100" RES="600dpi" FMT="TIFF6.0" FTR="UNS" CNF="999" N="52"/>

<EPB/><PB REF="00000101.tif" SEQ="00000101" RES="600dpi" FMT="TIFF6.0" FTR="UNS" CNF="999" N="53"/>

<EPB/><PB REF="00000102.tif" SEQ="00000102" RES="600dpi" FMT="TIFF6.0" FTR="UNS" CNF="999" N="54"/>

<EPB/><PB REF="00000103.tif" SEQ="00000103" RES="600dpi" FMT="TIFF6.0" FTR="UNS" CNF="999" N="55"/>

<EPB/><PB REF="00000104.tif" SEQ="00000104" RES="600dpi" FMT="TIFF6.0" FTR="UNS" CNF="999" N="56"/>

<EPB/><PB REF="00000105.tif" SEQ="00000105" RES="600dpi" FMT="TIFF6.0" FTR="UNS" CNF="999" N="57"/>

<EPB/><PB REF="00000106.tif" SEQ="00000106" RES="600dpi" FMT="TIFF6.0" FTR="UNS" CNF="999" N="58"/>

<EPB/><PB REF="00000107.tif" SEQ="00000107" RES="600dpi" FMT="TIFF6.0" FTR="UNS" CNF="999" N="59"/>

<EPB/><PB REF="00000108.tif" SEQ="00000108" RES="600dpi" FMT="TIFF6.0" FTR="UNS" CNF="999" N="60"/>

<EPB/><PB REF="00000109.tif" SEQ="00000109" RES="600dpi" FMT="TIFF6.0" FTR="UNS" CNF="999" N="61"/>

<EPB/><PB REF="00000110.tif" SEQ="00000110" RES="600dpi" FMT="TIFF6.0" FTR="UNS" CNF="999" N="62"/>

<EPB/><PB REF="00000111.tif" SEQ="00000111" RES="600dpi" FMT="TIFF6.0" FTR="UNS" CNF="999" N="63"/>

<EPB/><PB REF="00000112.tif" SEQ="00000112" RES="600dpi" FMT="TIFF6.0" FTR="UNS" CNF="999" N="64"/>

<EPB/><PB REF="00000113.tif" SEQ="00000113" RES="600dpi" FMT="TIFF6.0" FTR="UNS" CNF="999" N="65"/>

<EPB/><PB REF="00000114.tif" SEQ="00000114" RES="600dpi" FMT="TIFF6.0" FTR="UNS" CNF="999" N="66"/>

<EPB/><PB REF="00000115.tif" SEQ="00000115" RES="600dpi" FMT="TIFF6.0" FTR="UNS" CNF="999" N="67"/>

<EPB/><PB REF="00000116.tif" SEQ="00000116" RES="600dpi" FMT="TIFF6.0" FTR="UNS" CNF="999" N="68"/>

<EPB/><PB REF="00000117.tif" SEQ="00000117" RES="600dpi" FMT="TIFF6.0" FTR="UNS" CNF="999" N="69"/>

<EPB/><PB REF="00000118.tif" SEQ="00000118" RES="600dpi" FMT="TIFF6.0" FTR="UNS" CNF="999" N="70"/>

<EPB/><PB REF="00000119.tif" SEQ="00000119" RES="600dpi" FMT="TIFF6.0" FTR="UNS" CNF="999" N="71"/>

<EPB/><PB REF="00000120.tif" SEQ="00000120" RES="600dpi" FMT="TIFF6.0" FTR="UNS" CNF="999" N="72"/>

<EPB/><PB REF="00000121.tif" SEQ="00000121" RES="600dpi" FMT="TIFF6.0" FTR="UNS" CNF="999" N="73"/>

<EPB/><PB REF="00000122.tif" SEQ="00000122" RES="600dpi" FMT="TIFF6.0" FTR="UNS" CNF="999" N="74"/>

<EPB/><PB REF="00000123.tif" SEQ="00000123" RES="600dpi" FMT="TIFF6.0" FTR="UNS" CNF="999" N="75"/>

<EPB/><PB REF="00000124.tif" SEQ="00000124" RES="600dpi" FMT="TIFF6.0" FTR="UNS" CNF="999" N="76"/>

<EPB/><PB REF="00000125.tif" SEQ="00000125" RES="600dpi" FMT="TIFF6.0" FTR="UNS" CNF="999" N="77"/>

<EPB/><PB REF="00000126.tif" SEQ="00000126" RES="600dpi" FMT="TIFF6.0" FTR="UNS" CNF="999" N="78"/>

<EPB/><PB REF="00000127.tif" SEQ="00000127" RES="600dpi" FMT="TIFF6.0" FTR="UNS" CNF="999" N="79"/>

<EPB/><PB REF="00000128.tif" SEQ="00000128" RES="600dpi" FMT="TIFF6.0" FTR="UNS" CNF="999" N="80"/>

<EPB/><PB REF="00000129.tif" SEQ="00000129" RES="600dpi" FMT="TIFF6.0" FTR="UNS" CNF="999" N="81"/>

<EPB/><PB REF="00000130.tif" SEQ="00000130" RES="600dpi" FMT="TIFF6.0" FTR="UNS" CNF="999" N="82"/>

<EPB/><PB REF="00000131.tif" SEQ="00000131" RES="600dpi" FMT="TIFF6.0" FTR="UNS" CNF="999" N="83"/>

<EPB/><PB REF="00000132.tif" SEQ="00000132" RES="600dpi" FMT="TIFF6.0" FTR="UNS" CNF="999" N="84"/>

<EPB/><PB REF="00000133.tif" SEQ="00000133" RES="600dpi" FMT="TIFF6.0" FTR="UNS" CNF="999" N="85"/>

<EPB/><PB REF="00000134.tif" SEQ="00000134" RES="600dpi" FMT="TIFF6.0" FTR="UNS" CNF="999" N="86"/>

<EPB/><PB REF="00000135.tif" SEQ="00000135" RES="600dpi" FMT="TIFF6.0" FTR="UNS" CNF="999" N="87"/>

<EPB/><PB REF="00000136.tif" SEQ="00000136" RES="600dpi" FMT="TIFF6.0" FTR="UNS" CNF="999" N="88"/>

<EPB/><PB REF="00000137.tif" SEQ="00000137" RES="600dpi" FMT="TIFF6.0" FTR="UNS" CNF="999" N="89"/>

<EPB/><PB REF="00000138.tif" SEQ="00000138" RES="600dpi" FMT="TIFF6.0" FTR="UNS" CNF="999" N="90"/>

<EPB/><PB REF="00000139.tif" SEQ="00000139" RES="600dpi" FMT="TIFF6.0" FTR="UNS" CNF="999" N="91"/>

<EPB/><PB REF="00000140.tif" SEQ="00000140" RES="600dpi" FMT="TIFF6.0" FTR="UNS" CNF="999" N="92"/>

<EPB/><PB REF="00000141.tif" SEQ="00000141" RES="600dpi" FMT="TIFF6.0" FTR="UNS" CNF="999" N="93"/>

<EPB/><PB REF="00000142.tif" SEQ="00000142" RES="600dpi" FMT="TIFF6.0" FTR="UNS" CNF="999" N="94"/>

<EPB/><PB REF="00000143.tif" SEQ="00000143" RES="600dpi" FMT="TIFF6.0" FTR="UNS" CNF="999" N="95"/>

<EPB/><PB REF="00000144.tif" SEQ="00000144" RES="600dpi" FMT="TIFF6.0" FTR="UNS" CNF="999" N="96"/>

<EPB/><PB REF="00000145.tif" SEQ="00000145" RES="600dpi" FMT="TIFF6.0" FTR="UNS" CNF="999" N="97"/>

<EPB/><PB REF="00000146.tif" SEQ="00000146" RES="600dpi" FMT="TIFF6.0" FTR="UNS" CNF="999" N="98"/>

<EPB/><PB REF="00000147.tif" SEQ="00000147" RES="600dpi" FMT="TIFF6.0" FTR="UNS" CNF="999" N="99"/>

</P><EPB/><PB REF="00000148.tif" SEQ="00000148" RES="600dpi" FMT="TIFF6.0" FTR="UNS" CNF="999" N="100"/></DIV1></BACK><EPB/></TEXT></DLPSTEXTCLASS>
