<DLPSTEXTCLASS><HEADER><FILEDESC><TITLESTMT><TITLE TYPE="245">Robert Henryson's Orpheus and Eurydice</TITLE><AUTHOR>Henryson, Robert, 1430?-1506?</AUTHOR></TITLESTMT><EXTENT>ca. 40 kilobytes</EXTENT><PUBLICATIONSTMT><DISTRIBUTOR>University of Michigan, Humanities Text Initiative</DISTRIBUTOR><IDNO TYPE="dlps">HenOrpheus</IDNO><AVAILABILITY><P>Available at URL http://www.hti.umich.edu/c/cme/</P><P>Available from: Oxford Text Archive, U*-243-A </P></AVAILABILITY><DATE>1993</DATE></PUBLICATIONSTMT><SOURCEDESC><BIBLFULL><TITLESTMT><TITLE>The poems of Robert Henryson</TITLE><AUTHOR>Robert Henryson</AUTHOR></TITLESTMT><EXTENT>3 v. : ill. ; 23 cm.</EXTENT><PUBLICATIONSTMT><PUBLISHER>Printed for the [Scottish Text] Society by   W. Blackwood and sons</PUBLISHER><PUBPLACE>Edinburgh ; London</PUBPLACE><DATE>1906-1914</DATE></PUBLICATIONSTMT><SERIESSTMT><TITLE>Scot. Text S. ; 55, 58, 64</TITLE></SERIESSTMT><NOTESSTMT><NOTE>This poem from v. 3 (no. 58 of series), p. 66-87</NOTE></NOTESSTMT></BIBLFULL></SOURCEDESC></FILEDESC><ENCODINGDESC><EDITORIALDECL N="4"><P>Front and back matter from printed edition not included.</P><P>Editorial notes from printed edition not included in electronic edition.</P></EDITORIALDECL></ENCODINGDESC><PROFILEDESC><CREATION><DATE>c.1480</DATE></CREATION></PROFILEDESC></HEADER><TEXT><BODY><DIV1 NODE="HenOrpheus:1" TYPE="part"><EPB/><PB N="66"/><HEAD>Heir begynnis the traitie of orpheus kyng and how he yeid to hewyn and to  hel to seik his quene and ane othir ballad in the lattir end.</HEAD><DIV2 NODE="HenOrpheus:1.1" TYPE="supplied line groups"><HEAD TYPE="supplied">Lines 1 through 98</HEAD><LG TYPE="stanza"><L N="1">The nobilnes and grete magnificence</L><L N="2">Off prince or lord quha list to magnify</L><L N="3">His grete ancester and linyall descense</L><L N="4">Suld first extoll and his genology</L><L N="5">So that his hert he mycht enclyne thare by</L><L N="6">The more to vertu and to worthynes</L><L N="7">Herand reherse his eldirs gentilnes</L></LG><LG TYPE="stanza"><L N="8">It is contrair the lawis of nature</L><L N="9">A gentill man to be degenerate</L><L N="10">Noucht folowing of his progenitoure</L><L N="11">The worthy reule and the lordly estate</L><L N="12">A ryall renk for to be rusticate</L><L N="13">Is bot a monster in comparison</L><L N="14">Had in despyte and foule derision</L></LG><LG TYPE="stanza"><L N="15">I say this be the grete lordis of grewe</L><L N="16">Quhilk sett thair hert and all thair hale curage</L><L N="17">Thair fadirs steppis iustly to persewe</L><L N="18">Eking the worschip of thair hye lynage</L><L N="19">The ancient and sad wyse-men of age</L><L N="20">War tendouris to the yong and insolent</L><L N="21">To mak thame in all vertu excellent</L></LG><EPB/><PB N="67"/><LG TYPE="stanza"><L N="22">Lyke as a strand of water or a spring</L><L N="23">Haldis the sapour of his fontall well</L><L N="24">So did in grece ilk lord and worthy king</L><L N="25">Off forebearis thay tuke tarage and smell</L><L N="26">Amang the quhilk of ane i think to tell</L><L N="27">Bot first his gentill generation</L><L N="28">I sall reherse with youre correction</L></LG><LG TYPE="stanza"><L N="29">Apon the mountane of elicone</L><L N="30">The most famouse of all arabia</L><L N="31">A godesse duelt excellent of beautee</L><L N="32">Gentil of blude callit memoria</L><L N="33">Quhilk iupiter that god to wyf can ta</L><L N="34">And carnaly hir knew quhilk eftir syne</L><L N="35">Apon a day bare hym fair douchteris nyne</L></LG><LG TYPE="stanza"><L N="36">The first in grew was callit euterpe</L><L N="37">In oure langage gude dilectacioun</L><L N="38">The secund maide namyt melpomene</L><L N="39">As hony suete in modulacion</L><L N="40">Tersicor quhilk is gude instruction</L><L N="41">Of ewiry thing the thrid sister i wis</L><L N="42">Thus out of grewe in latyne translate is</L></LG><LG TYPE="stanza"><L N="43">Caliope that maidyn meruailus</L><L N="44">The ferde sister of all musik maistresse</L><L N="45">And moder to the king sir orpheus</L><L N="46">Quhilk throu his wyf was efter king of trace</L><L N="47">Cleo the fyft that now is a goddesse</L><L N="48">In latyne callit meditation</L><L N="49">Of ewiry thing that has creacion</L></LG><EPB/><PB N="68"/><LG TYPE="stanza"><L N="50">The sext lady was callit herato</L><L N="51">Quhilk drawis lyke to lyke in ewiry thing</L><L N="52">The sevynt lady was fair pollymyo</L><L N="53">Quhilk coud a thousand sangis suetly syng</L><L N="54">Thelya syne quhilk can oure saulis bring</L><L N="55">To profund wit and grete agilitee</L><L N="56">To vnderstand and haue capacitee</L></LG><LG TYPE="stanza"><L N="57">Wranya the nynt and last of all</L><L N="58">In oure langage quha coud it wele expound</L><L N="59">Is callit armony celestiall</L><L N="60">Reiosing men with melody and sound</L><L N="61">Amang thir nyne caliope was crownd</L><L N="62">And maid a quene be mychti god phebus</L><L N="63">Of quhom he gat this prince schir orpheus</L></LG><LG TYPE="stanza"><L N="64">No wounder is thocht he was fair and wyse</L><L N="65">Gentill and full of liberalite</L><L N="66">His fader god and his progenitrys</L><L N="67">A goddes fyndar of all ermonye</L><L N="68">Quhen he was borne scho set him on hir kne</L><L N="69">And gart him sowke of hir twa palpis quhyte</L><L N="70">The sweit licour of all musike parfyte</L></LG><LG TYPE="stanza"><L N="71">Incressand sone to manhed vp he drewe</L><L N="72">Of statur large, and frely fair of face</L><L N="73">His noble fame so far it sprang and grewe</L><L N="74">Till at the last the mychti quene of trace</L><L N="75">Excellent fair haboundand in riches</L><L N="76">Ane message send vnto this prince so zing</L><L N="77">Requyrand him to wed hir and be kyng</L></LG><EPB/><PB N="69"/><LG TYPE="stanza"><L N="78">Erudices that lady had to name</L><L N="79">Quhen that scho saw this prince so glorius</L><L N="80">Hir erand to propone scho thocht no schame</L><L N="81">With wordis sweit and blenkis amorus</L><L N="82">Said welcome lord and luf schir orpheus</L><L N="83">In this province ze sall be king and lord</L><L N="84">Thai kissit syne and thus war at accord</L></LG><LG TYPE="stanza"><L N="85">Betwene orpheus and fair erudices</L><L N="86">Fra thai war weddit on fra day to day</L><L N="87">The lowe of luf couth kendill and encres</L><L N="88">With myrth blythnes gret plesans and gret play</L><L N="89">Off wardlie ioye allace quhat sall we say</L><L N="90">Lyke till a flour that plesandly will spring</L><L N="91">Quhilk fadis sone and endis with murnyng</L></LG><LG TYPE="stanza"><L N="92">I say this be erudices the quene</L><L N="93">Quhilk walkit furth in till a maii mornyng</L><L N="94">Bot with a madin in a medowe grene</L><L N="95">To tak the dewe and se the flouris spring</L><L N="96">Quhar in a schawe ner by this lady zing</L><L N="97">A bustuos herd callit arystyus</L><L N="98">Kepand his bestis lay wnder a buss</L></LG></DIV2><DIV2 NODE="HenOrpheus:1.2" TYPE="supplied line groups"><HEAD TYPE="supplied">Lines 99 through 197</HEAD><LG TYPE="stanza"><L N="99">And quhen he saw this lady solitar</L><L N="100">Barfute with schankis quhytar than the snawe</L><L N="101">Prikkit with lust he thocht withoutin mar</L><L N="102">Hir till oppres and till hir can he drawe</L><L N="103">Dredand for scaith sche fled quhen scho him saw</L><L N="104">And as scho ran all bairfut in ane bus</L><L N="105">Scho trampit on a serpent wennomus</L></LG><EPB/><PB N="70"/><LG TYPE="stanza"><L N="106">This cruell wennome was so penitryf</L><L N="107">As natur is of all mortall poisoun</L><L N="108">In pecis small this quenis hart couth ryf</L><L N="109">And scho anone fell in a dedly swoun</L><L N="110">Seand this cais proserpyne maid hir bovne</L><L N="111">Quhilk clepit is the goddes infernall</L><L N="112">And till hir court this gentill quene couth call</L></LG><LG TYPE="stanza"><L N="113">And quhen scho wanyst was and invisible</L><L N="114">Hir madin wepit with a wofull cheir</L><L N="115">Cryand with mony schout and voce terrible</L><L N="116">Till at the last schir orpheus couth heir</L><L N="117">And of hir cry the caus than can he speir</L><L N="118">Scho said allace erudices zour quene</L><L N="119">Is with fary tane befor myne ene</L></LG><LG TYPE="stanza"><L N="120">This noble king inflammit all in ire</L><L N="121">And rampand as ane lyoun ravenus</L><L N="122">With awfull luke and eyne glowand as fyre</L><L N="123">Speris the maner and the maid said thus</L><L N="124">Scho trampit on a serpent wennomus</L><L N="125">And fell in swoun with that the quene of fary</L><L N="126">Claucht hir wp sone and furth with hir can cary</L></LG><LG TYPE="stanza"><L N="127">Quhen scho had said the king sichit full sore</L><L N="128">His hert ner birst for werray dule and wo</L><L N="129">Half out of mynd he maid na tary more</L><L N="130">Bot tuke his harpe and to the wod can go</L><L N="131">Wryngand his handis walkand to and fro</L><L N="132">Quhill he mycht stand syne sat dovn on a stone</L><L N="133">And to his harpe thusgate he maid his mone</L></LG><EPB/><PB N="71"/><LG TYPE="stanza"><L N="134">O dulfull harpe with mony dolly stryng</L><L N="135">Turne all thi mirth and musik in murnyng</L><L N="136">And ces of all thi subtell sangis sweit</L><L N="137">Now wepe with me thi lord and carefull kyng</L><L N="138">Quhilk losit has in erd all his lyking</L><L N="139">And all thi game thow change in gule and greit</L><L N="140">Thy goldin pynnis with thi teris weit</L><L N="141">And all my pane for to report thow pres</L><L N="142">Cryand with me in euery steid and streit</L><L N="143">Quhar art thou gane my luf erudices</L></LG><LG TYPE="stanza"><L N="144">Him to reios zit playit he a spryng</L><L N="145">Quhill all the foulis of the wod can syng</L><L N="146">And treis dansit with thar leves grene</L><L N="147">Him to devoid of his gret womenting</L><L N="148">Bot all in wane thai comfort him no thing</L><L N="149">His hart was sa apon his lusty quene</L><L N="150">The bludy teres sprang out of his eyne</L><L N="151">Thar was na solace mycht his sobbing ces</L><L N="152">Bot cryit ay with caris cald and kene</L><L N="153">Quhar art thow gane my luf erudices</L></LG><LG TYPE="stanza"><L N="154">Fair weill my place fair weile plesance and play</L><L N="155">And welcome woddis wyld and wilsome way</L><L N="156">My wikit werd in wildernes to wair</L><L N="157">My rob ryall and all my riche array</L><L N="158">Changit sall be in rude russat of gray</L><L N="159">My diademe in till ane hat of hair</L><L N="160">My bed sall be with bever broke and bair</L><L N="161">In buskis bene with mony bustuos bes</L><L N="162">Withoutin sang sayng with siching sair</L><L N="163">Quhar art thow gane my luf erudices</L></LG><EPB/><PB N="72"/><LG TYPE="stanza"><L N="164">I the beseike my fair fader phebus</L><L N="165">Haue pete of thi awne sone orpheus</L><L N="166">Wait thow nocht wele i am thi barne and child</L><L N="167">Now heir my plant panefull and petuous</L><L N="168">Direct me fra this deid sa dolorus</L><L N="169">Quhilk gois thus withoutin gilt begild</L><L N="170">Lat nocht thi face with clowdis be oursyld</L><L N="171">Len me thi licht and lat me nocht ga les</L><L N="172">To fynd the fair in fame that neuer was fyld</L><L N="173">My lady quene and luf erudices</L></LG><LG TYPE="stanza"><L N="174">O iupiter thow god celestiall</L><L N="175">And grantschir to my self on the i call</L><L N="176">To mend my murnyng and my drery mone</L><L N="177">Thou geve me forse that i noucht faynt nor fall</L><L N="178">Quhill i hir fynd for seke hir suth i sall</L><L N="179">And nouthir stynt nor stand for stok no stone</L><L N="180">Throu thy god-hede gyde me quhare scho is gone</L><L N="181">Ger hir appere and put my hert in pes</L><L N="182">Thus king orpheus with his harp allone</L><L N="183">Sore wepit for his wyf erudices</L></LG><LG TYPE="stanza"><L N="184">Quhen endit was the sangis lamentable</L><L N="185">He tuke his harp and on his brest can hyng</L><L N="186">Syne passit to the hevin as sais the fable</L><L N="187">To seke his wyf bot that auailit no thing</L><L N="188">By wadlyng strete he went but tarying</L><L N="189">Syne come doun throu the spere of saturn ald</L><L N="190">Quhilk fader is of all thir stormis cald</L></LG><LG TYPE="stanza"><L N="191">Quhen scho was soucht out throu that cald region</L><L N="192">To iupiter his grant-sir can he wend</L><L N="193">Quhilk rewit sare his lamentation</L><L N="194">And gert his spere be soucht fra end to end <EPB/><PB N="73"/></L><L N="195">Scho was noucht thare than doun he can descend</L><L N="196">To mars the god of bataill and of stryf</L><L N="197">And soucht his spere yit gat he noucht his wyf</L></LG></DIV2><DIV2 NODE="HenOrpheus:1.3" TYPE="supplied line groups"><HEAD TYPE="supplied">Lines 198 through 302</HEAD><LG TYPE="stanza"><L N="198">Syne went he doun to his fader phebus</L><L N="199">God of the son wyth bemes brycht and clere</L><L N="200">Bot quhen he saw his awin sone orpheus</L><L N="201">In sik a plyte it changit all his chere</L><L N="202">He gert anone go seke throu all his spere</L><L N="203">Bot all in wayn that lady come noucht thare</L><L N="204">Than tuke he leve and to venus can fare</L></LG><LG TYPE="stanza"><L N="205">Quhen he hir saw he knelit and said thus</L><L N="206">Wate ye noucht wele i am your avin trewe knycht</L><L N="207">In lufe nane lelare than sir orpheus</L><L N="208">And ye of lufe goddesse and most of mycht</L><L N="209">Off my lady help me to get a sicht</L><L N="210">For suth quod scho ye mon seke nethir mare</L><L N="211">Than fra venus he tuke his leve but mare</L></LG><LG TYPE="stanza"><L N="212">To mercury but tary is he gone</L><L N="213">Quhilk callit is the god of eloquence</L><L N="214">Bot of his wyf thare knaulage gat he none</L><L N="215">Wyth wofull hert than passit he doun fro thens</L><L N="216">Wnto the mone he maid na residence</L><L N="217">Thus fra the hevyn he went doun to the erde</L><L N="218">Yit by the way sum melody he lerde</L></LG><LG TYPE="stanza"><L N="219">In his passage amang the planetis all</L><L N="220">He herd a hevynly melody and sound</L><L N="221">Passing all instrumentis musicall</L><L N="222">Causid be rollyng of the speris round</L><L N="223">Quhilk armony throu all this mappamound</L><L N="224">Quhill moving cesse vnyt perpetuall</L><L N="225">Quhilk of this warld plato the saul can call</L></LG><EPB/><PB N="74"/><LG TYPE="stanza"><L N="226">Thare lerit he tonys proportionate</L><L N="227">As duplar triplar and emetricus</L><L N="228">Enoleus and eke the quadruplate</L><L N="229">Epodyus rycht hard and curius</L><L N="230">And of thir sex suete and dilicius</L><L N="231">Ryght consonant fyve hevynly symphonyis</L><L N="232">Componyt ar as clerkis can deuise</L></LG><LG TYPE="stanza"><L N="233">First dyatesseron full suete i wis</L><L N="234">And dyapason symple and duplate</L><L N="235">And dyapente componyt with a dys</L><L N="236">This makis fyve of thre multiplicate</L><L N="237">This mery musik and mellifluate</L><L N="238">Complete and full wyth nowmeris od and evyn</L><L N="239">Is causit be the moving of the hevyn</L></LG><LG TYPE="stanza"><L N="240">Off sik musik to wryte i do bot dote</L><L N="241">Thar-for at this mater a stra i lay</L><L N="242">For in my lyf i coud newir syng a note</L><L N="243">Bot i will tell how orpheus tuke the way</L><L N="244">To seke his wyf atour the grauis gray</L><L N="245">Hungry and cald our mony wilsum wane</L><L N="246">Wyth-outyn gyde he and his harp allane</L></LG><LG TYPE="stanza"><L N="247">He passit furth the space of twenty dayis</L><L N="248">Fer and full fer and ferther than i can tell</L><L N="249">And ay he fand stretis and redy wayis</L><L N="250">Tyll at the last vnto the yett of hell</L><L N="251">He come and thare he fand a portar fell</L><L N="252">With thre hedis was callit cerberus</L><L N="253">A hund of hell a monster meruailus</L></LG><EPB/><PB N="75"/><LG TYPE="stanza"><L N="254">Than orpheus began to be agast</L><L N="255">Quhen he beheld that vgly hellis hund</L><L N="256">He tuke his harp and on it playit fast</L><L N="257">Till at the last throu suetenes of the sound</L><L N="258">The dog slepit and fell vnto the ground</L><L N="259">And orpheus atour his wame in stall</L><L N="260">And nethir mare he went as ye here sall</L></LG><LG TYPE="stanza"><L N="261">Than come he till ane rywir wonder depe</L><L N="262">Our it a brig and on it sisteris thre</L><L N="263">Quhilk had the entree of the brig to kepe</L><L N="264">Alecto megera and thesiphonee</L><L N="265">Turnand a quhele was vgly for to see</L><L N="266">And on it spred a man hecht ixione</L><L N="267">Rowit about rycht wonder wo begone</L></LG><LG TYPE="stanza"><L N="268">Than orpheus playit a ioly spryng</L><L N="269">The thre sistirs full fast thay fell on slepe</L><L N="270">The vgly quhele sessit of hir quhirlyng</L><L N="271">Thus left was none the entree for to kepe</L><L N="272">Than ixion out of the quhele can crepe</L><L N="273">And stall away than orpheus anone</L><L N="274">Without stoping atour the brig is gone</L></LG><LG TYPE="stanza"><L N="275">Syne come he till a wonder grisely flude</L><L N="276">Droubly and depe that rathly doun can ryn</L><L N="277">Quhare tantalus nakit full thristy stude</L><L N="278">And yit the water yede abone his chyn</L><L N="279">Thouch he gapit thare wald na drop cum in</L><L N="280">Quhen he dulkit the water wald descend</L><L N="281">Thus gat he noucht his thrist to slake no mend</L></LG><EPB/><PB N="76"/><LG TYPE="stanza"><L N="282">Before his face ane apill hang also</L><L N="283">Fast at his mouth apon a tolter threde</L><L N="284">Quhen he gapit it rokkit to and fro</L><L N="285">And fled as it refusit hym to fede</L><L N="286">Than orpheus had reuth of his grete nede</L><L N="287">Tuke out his harp and fast on it can clink</L><L N="288">The water stude and tantalus gat drink</L></LG><LG TYPE="stanza"><L N="289">Syne our a mure wyth thornis thik and scharp</L><L N="290">Weping allone a wilsum way he went</L><L N="291">And had noucht bene throu suffrage of his harp</L><L N="292">Wyth scharp pikis he had bene schorne and schent</L><L N="293">And as he blent besyde hym on the bent</L><L N="294">He saw speldit a wonder wofull wicht</L><L N="295">Nailit full fast and titius he hicht</L></LG><LG TYPE="stanza"><L N="296">And on his breste thare sat a grisely gripe</L><L N="297">Quhilk wyth his bill his bally throu can bore</L><L N="298">Bath maw mydred hert lywir and trype</L><L N="299">He ruggit out his paynis war the more</L><L N="300">Quhen orpheus saw hym this suffer sore</L><L N="301">Has tane his harp and maid suete melody</L><L N="302">The grype is fled titius left his cry</L></LG></DIV2><DIV2 NODE="HenOrpheus:1.4" TYPE="supplied line groups"><HEAD TYPE="supplied">Lines 303 through 414</HEAD><LG TYPE="stanza"><L N="303">Beyond this more he fand a ferefull strete</L><L N="304">Myrk as the nycht to pas rycht dangerus</L><L N="305">For slydernes scant mycht he hald his fete</L><L N="306">In quhilk thare was a stynk rycht odiouse</L><L N="307">That gydit hym to hydouse hellis house</L><L N="308">Quhare rodomantus and proserpina</L><L N="309">Were king and quene orpheus in coud ga</L></LG><EPB/><PB N="77"/><LG TYPE="stanza"><L N="310">O dolly place and grondles depe dungeon</L><L N="311">Furnes of fyre wyth stynk intollerable</L><L N="312">Pit of dispair wyth-out remission</L><L N="313">Thy mete venym thy drink is poysonable</L><L N="314">Thy grete paynis to compt vnnowmerabil</L><L N="315">Quhat creature cummys to duell in the</L><L N="316">Is ay deyand and newir more may dee</L></LG><LG TYPE="stanza"><L N="317">Thare fand he mony carefull king and quene</L><L N="318">Wyth croun on hede of brasse full hate birnand</L><L N="319">Quhilk in thair lyf rycht maisterfull had bene</L><L N="320">Conquerouris of gold richesse and of land</L><L N="321">Ector of troy and priam thare he fand</L><L N="322">And alexander for his wrang conquest</L><L N="323">Anthiocus thare for his foule incest</L></LG><LG TYPE="stanza"><L N="324">And iulius cesar for his crueltee</L><L N="325">And herode wyth his brotheris wyf he sawe</L><L N="326">And nero for his grete iniquitee</L><L N="327">And pilot for his breking of the lawe</L><L N="328">Syne vnder that he lukit and coud knawe</L><L N="329">Cresus the king none michtiar on mold</L><L N="330">For couatise yett full of byrnand gold</L></LG><LG TYPE="stanza"><L N="331">Thare fand he pharo for oppression</L><L N="332">Off goddis folk on quhilk the plagis fell</L><L N="333">And saul eke for the grete abusion</L><L N="334">Off iustice to the folk of israell</L><L N="335">Thare fand he acab and quene iesabell</L><L N="336">Quhilk sely nabot that was a prophet trewe</L><L N="337">For his wyne yarde wyth-outyn pitee sleue</L></LG><EPB/><PB N="78"/><LG TYPE="stanza"><L N="338">Thare fand he mony pape and cardinall</L><L N="339">In haly kirk quhilk dois abusion</L><L N="340">And archbischopis in thair pontificall</L><L N="341">Be symony and wrang intrusioun</L><L N="342">Abbotis and men of all religion</L><L N="343">For euill disponyng of thair placis rent</L><L N="344">In flambe of fyre were bitterly turment</L></LG><LG TYPE="stanza"><L N="345">Syne nethir mare he went quhare pluto was</L><L N="346">And proserpine and thider-ward he drewe</L><L N="347">Ay playand on his harp as he coud pas</L><L N="348">Till at the last erudices he knewe</L><L N="349">Lene and dedelike pitouse and pale of hewe</L><L N="350">Rycht warsch and wan and walowit as the wede</L><L N="351">Hir lily lyre was lyke vnto the lede</L></LG><LG TYPE="stanza"><L N="352">Quod he my lady lele and my delyte</L><L N="353">Full wa is me to se yow changit thus</L><L N="354">Quhare is thy rude as rose wyth chekis quhite</L><L N="355">Thy cristall eyne with blenkis amorouse</L><L N="356">Thi lippis rede to kis diliciouse</L><L N="357">Quod scho as now i dar noucht tell perfay</L><L N="358">Bot ye sall wit the cause ane othir day</L></LG><LG TYPE="stanza"><L N="359">Quod pluto sir thouch scho be like ane elf</L><L N="360">Thare is na cause to plenye and for quhy</L><L N="361">Scho fure als wele dayly as did my self</L><L N="362">Or king herode for all his cheualry</L><L N="363">It is langour that puttis hir in sik ply</L><L N="364">Were scho at hame in hir contree of trace</L><L N="365">Scho wald refete full sone in fax and face</L></LG><EPB/><PB N="79"/><LG TYPE="stanza"><L N="366">Than orpheus before pluto sat doun</L><L N="367">And in his handis quhite his harp can ta</L><L N="368">And playit mony suete proporcion</L><L N="369">With base tonys in ypodorica</L><L N="370">With gemynyng in ypolerica</L><L N="371">Till at the last for reuth and grete pitee</L><L N="372">Thay wepit sore that coud hym here and see</L></LG><LG TYPE="stanza"><L N="373">Than proserpyne and pluto bad hym as</L><L N="374">His warison and he wald ask rycht noucht</L><L N="375">Bot licence wyth his wyf away to pas</L><L N="376">Till his contree that he so fer had soucht</L><L N="377">Quod proserpyne sen i hir hidir broucht</L><L N="378">We sall noucht part bot wyth condicion</L><L N="379">Quod he thareto i mak promission</L></LG><LG TYPE="stanza"><L N="380">Erudices than be the hand thou tak</L><L N="381">And pas thy way bot vnderneth this payne</L><L N="382">Gyf thou turnis or blenkis behind thy bak</L><L N="383">We sall hir haue forewir till hell agayn</L><L N="384">Thouch this was hard yit orpheus was fayn</L><L N="385">And on thai went talkand of play and sport</L><L N="386">Quhill thay almaist come to the vtter port</L></LG><LG TYPE="stanza"><L N="387">Thus orpheus wyth inwart lufe replete</L><L N="388">So blyndit was in grete affection</L><L N="389">Pensif apon his wyf and lady suete</L><L N="390">Remembrit noucht his hard condicion</L><L N="391">Quhat will ye more in schort conclusion</L><L N="392">He blent bak-ward and pluto come anone</L><L N="393">And vnto hell agayn with hir is gone</L></LG><EPB/><PB N="80"/><LG TYPE="stanza"><L N="394">Allace it was grete hertsare for to here</L><L N="395">Of orpheus the weping and the wo</L><L N="396">Quhen that his wyf quhilk he had bocht so dere</L><L N="397">Bot for a luke sa sone was hynt hym fro</L><L N="398">Flatlyngis he fell and mycht no forthir go</L><L N="399">And lay a quhile in suoun and extasy</L><L N="400">Quhen he our-come thus out on lufe can cry</L></LG><LG TYPE="stanza"><L N="401">Quhat art thou lufe how sall i the dyffyne</L><L N="402">Bitter and suete cruel and merciable</L><L N="403">Plesand to sum til othir playnt and pyne</L><L N="404">To sum constant till othir variabil</L><L N="405">Hard is thy law thi bandis vnbrekable</L><L N="406">Quha seruis the thouch he be newir sa trewe</L><L N="407">Perchance sum tyme he sall haue cause to rewe</L></LG><LG TYPE="stanza"><L N="408">Now fynd i wele this prouerbe trew quod he</L><L N="409">Hert is on the hurd and hand is on the sore</L><L N="410">Quhare lufe gois on forse turnis the ee</L><L N="411">I am expert and wo is me thar-fore</L><L N="412">Bot for a luke my lady is forlore</L><L N="413">Thus chydand on with lufe our burn and bent</L><L N="414">A wofull wedow hame-wart is he went</L></LG></DIV2></DIV1><DIV1 NODE="HenOrpheus:2" TYPE="verse"><HEAD>Moralitas Fabule Sequitur</HEAD><DIV2 NODE="HenOrpheus:2.1" TYPE="supplied line groups"><HEAD TYPE="supplied">Lines 415 through 515</HEAD><L N="415">Lo worthy folk boece that senature</L><L N="416">To wryte this feynit fable tuke in cure</L><L N="417">In his gay buke of consolacion</L><L N="418">For oure doctryne and gude instruction</L><L N="419">Quhilk in the self suppose it fenyeit be</L><L N="420">And hid vnder the cloke of poesie <EPB/><PB N="81"/></L><L N="421">Yit maister trowit doctour nicholas</L><L N="422">Quhilk in his tyme a noble theolog was</L><L N="423">Applyis it to gude moralitee</L><L N="424">Rycht full of frute and seriositee</L><L N="425">Faire phebus is the god of sapience</L><L N="426">Caliopee his wyf is eloquence</L><L N="427">Thir twa maryit gat orpheus belyve</L><L N="428">Quhilk callit is the part intellectiue</L><L N="429">Of mannis saule and vnder standing free</L><L N="430">And separate fra sensualitee</L><L N="431">Erudices is oure affection</L><L N="432">Be fantasy oft movit vp and doun</L><L N="433">Quhile to reson it castis the delyte</L><L N="434">Quhile to the flesch settis the appetite</L><L N="435">Arestyus this hird that coud persewe</L><L N="436">Erudices is noucht bot gude vertewe</L><L N="437">Quhilk besy is ay to kepe oure myndis clene</L><L N="438">Bot quhen we flee out throu the medow grene</L><L N="439">Fra vertu to this warldis wayn plesance</L><L N="440">Myngit wyth care and full of variance</L><L N="441">The serpent stangis that is dedely syn</L><L N="442">That poysons the saule wyth-out and in</L><L N="443">And than is dede and eke oppressit doun</L><L N="444">To warldly lust all oure affection</L><L N="445">Than parfyte reson wepis wondir sare</L><L N="446">Seand oure appetite thusgate mys-fare</L><L N="447">And passis vp to the hevyn belyue</L><L N="448">Schawand till vs the lyf contemplatyve</L><L N="449">The parfyte will and als the feruent lufe</L><L N="450">We suld haue alway to the hevyn abufe</L><L N="451">Bot seldyn thare oure appetite is found</L><L N="452">It is so fast in to the body bound <EPB/><PB N="82"/></L><L N="453">Thar-for dounwart we cast oure myndis ee</L><L N="454">Blyndit wyth lust and may noucht vpward flee</L><L N="455">Suld oure desyre be soucht vp in the speris</L><L N="456">Quhen it is tederit on this warldis breris</L><L N="457">Quhile on the flesch quhile on this warldis wrak</L><L N="458">And to the hevyn small entent we tak</L><L N="459">Sir orpheus thou sekis all in vayn</L><L N="460">Thy wyf so hie thar-for cum doun agayn</L><L N="461">And pas vnto yone monstir meruailus</L><L N="462">With thre hedis that we call cerberus</L><L N="463">Quhilk feynit is to haue sa mony hedis</L><L N="464">For to betakyn thre manir of dedis</L><L N="465">The first is in the tender yong barnage</L><L N="466">The secund dede is in the medill age</L><L N="467">The thrid is in grete elde quhen men ar tane</L><L N="468">Thus cerberus to swelly sparis nane</L><L N="469">Bot quhen our mynd is myngit with sapience</L><L N="470">And plais apon the harp of eloquence</L><L N="471">That is to say makis persuasioun</L><L N="472">To draw oure will and oure affection</L><L N="473">In ewiry elde fra syn and foule delyte</L><L N="474">This dog oure saule has no power to byte</L><L N="475">The secund monstris ar the sisteris thre</L><L N="476">Alecto megera and thesiphone</L><L N="477">Ar noucht ellis in bukis as we rede</L><L N="478">Bot wickit thoucht evill word and frawart dede</L><L N="479">Alecto is the bolnyng of the hert</L><L N="480">Megera is the wikkit word outwert</L><L N="481">Thesiphone is operacion</L><L N="482">That makis fynal execucion</L><L N="483">Of dedly syn and thir thre turnis ay</L><L N="484">Ane vgly quhele quhilk is noucht ellis to say <EPB/><PB N="83"/></L><L N="485">Bot wardly men sum tyme ar castin hie</L><L N="486">Apon the quhele in grete prosperitee</L><L N="487">And wyth a quhirl vnwarly or thai wait</L><L N="488">Ar thravin doun to pure and law estate</L><L N="489">Of ixione that in the quhele was spred</L><L N="490">I sall the tell sum part as i haue red</L><L N="491">He was on lyve brukle and lecherouse</L><L N="492">And in that craft hardy and curageouse</L><L N="493">That he wald noucht lufe in na lawar place</L><L N="494">Bot iuno quene of nature and goddace</L><L N="495">And on a day he went vp in the sky</L><L N="496">Sekand iuno thinkand with hir to ly</L><L N="497">Scho saw hym cum and knew his full entent</L><L N="498">A rany cloud doun fra the firmament</L><L N="499">Scho gert descend and kest betuene thaim two</L><L N="500">And in that cloud his nature yede hym fro</L><L N="501">Of quhilk was generit the centauris</L><L N="502">Half man half horse apon a ferly wyse</L><L N="503">Than for the inward crabbing and offense</L><L N="504">That iuno tuke for his grete violence</L><L N="505">Scho send hym doun vnto the sisteris thre</L><L N="506">Apon thair quhele ay turnyt for to be</L><L N="507">Bot quhen reson and perfyte sapience</L><L N="508">Playis apon the harp of conscience</L><L N="509">And persuadis our fleschly appetyte</L><L N="510">To leif the thocht of this warldly delyte</L><L N="511">Than seisis of our hert the wicket will</L><L N="512">Fra frawart language than the tong is still</L><L N="513">Our synfull deidis fallis doun on sleip</L><L N="514">Thane exione out of the quheill gan creip</L><L N="515">That is to say the grete sollicitude</L></DIV2><DIV2 NODE="HenOrpheus:2.2" TYPE="supplied line groups"><HEAD TYPE="supplied">Lines 516 through 633</HEAD><L N="516">Quhile vp quhile doun to wyn this warldis gud</L><L N="517">Cessis furthwith and oure complexion</L><L N="518">Waxis quiete in contemplacion <EPB/><PB N="84"/></L><L N="519">This tantalus of quham i spak of are</L><L N="520">Quhill he lyvit he was a gay hostlare</L><L N="521">And on a nycht come traualand thare by</L><L N="522">The god of riches and tuke herbery</L><L N="523">Wyth tantalus and he to the soupere</L><L N="524">Slewe his awin sone that was hym lef and dere</L><L N="525">In till a sewe wyth spicis sodyn wele</L><L N="526">And gert the god ete vp his flesch ilk dele</L><L N="527">For this despyte quhen he was dede anone</L><L N="528">Was dampnyt in the flude of acheron</L><L N="529">To suffer hunger thrist nakit and cald</L><L N="530">Rycht wo begone as i before haue tald</L><L N="531">This hungry man and thristy tantalus</L><L N="532">Betakenis men gredy and couatouse</L><L N="533">The god of riches that ar ay redy</L><L N="534">For to ressaue and call in herbery</L><L N="535">And to him sethe thair sone in pecis smale</L><L N="536">That is thair flesch and blude wyth grete trauale</L><L N="537">To fill the bag and newir fynd in thair hart</L><L N="538">Apon thame self to spend na tak thair part</L><L N="539">Allace in erd quhare is thare mare foly</L><L N="540">Than for to want and haue haboundantly</L><L N="541">To haue distresse on bak and bed and burde</L><L N="542">And spare till othir men of gold a hurde</L><L N="543">And in the nycht slepe soundly may thai noucht</L><L N="544">To gader gere sa gredy is thair thoucht</L><L N="545">Bot quhen that reson and intelligence</L><L N="546">Playis apon the harp of eloquence</L><L N="547">Schawand to ws quhat perrell on ilk syd</L><L N="548">That thai incur quhay will trest or confyd</L><L N="549">Into this warldis vane prosperitie</L><L N="550">Quhilk hes thir sory properteis thre <EPB/><PB N="85"/></L><L N="551">That is to say gottyn with grete laboure</L><L N="552">Kepit with drede and tynt is with doloure</L><L N="553">This auarice be grace quha vnder-stud</L><L N="554">I trow suld leve thair grete solicitude</L><L N="555">And ithand thouchtis and thair besynes</L><L N="556">To gader gold and syne lyve in distres</L><L N="557">Bot he suld drink ineuch quhen ewir hym list</L><L N="558">Of couatise to slake the birnand thrist</L><L N="559">This titius lay nailit on the bent</L><L N="560">And wyth the grype his bowelllis ryvin and rent</L><L N="561">Quhill he lyvit sett his entencion</L><L N="562">To fynd the craft of diuinacion</L><L N="563">And lerit it vnto the spamen all</L><L N="564">To tell before sik thingis as wald fall</L><L N="565">Quhat lyf quhat dede quhat destyny and werd</L><L N="566">Previdit were to ewery man in erde</L><L N="567">Apollo than for his abusion</L><L N="568">Quhilk is the god of diuinacion</L><L N="569">For he vsurpit in his facultee</L><L N="570">Put hym till hell and thare remanis he</L><L N="571">Ilk man that heiris this conclusioun</L><L N="572">Suld dreid to sers be constillatioun</L><L N="573">Thingis to fall vndir the firmament</L><L N="574">Till ze or na quhilk ar indefferent</L><L N="575">Without profixit causis and certane</L><L N="576">Quhilk nane in erd may knaw bot god allane</L><L N="577">Quhen orpheus vpoun his harp can play</L><L N="578">That is our vndirstanding for to say</L><L N="579">Cryis o man recleme thi folich harte</L><L N="580">Will thow be god and tak on the his parte</L><L N="581">To tell thingis to cum that neuir wilbe <EPB/><PB N="86"/></L><L N="582">Quhilk god hes kepit in his preuetie</L><L N="583">Thow ma no mair offend to god of micht</L><L N="584">Na with thi spaying reif fra him his richt</L><L N="585">This perfyte wisdome with his melody</L><L N="586">Fleyis the spreit of fenzeid profecy</L><L N="587">And drawis vpwart our affectioun</L><L N="588">Fra wichcraft spaying and sorsery</L><L N="589">And superstitioun of astrolegy</L><L N="590">Saif allanerly sic maner of thingis</L><L N="591">Quhilk vpoun trew and certane causis hingis</L><L N="592">The quhilk mone cum to thair causis indure</L><L N="593">On verry fors and nocht throw avanture</L><L N="594">As is the clippis and the coniunctioun</L><L N="595">Of sone and mone be calculatioun</L><L N="596">The quhilk ar fundin in trew astronomy</L><L N="597">Be moving of the speiris in the sky</L><L N="598">All thir to speik it may be tollerable</L><L N="599">And none vdir quhilk no causis stable</L><L N="600">This vgly way this myrk and dully streit</L><L N="601">Is nocht ellis bot blinding of the spreit</L><L N="602">With myrk cluddis and myst of ignorance</L><L N="603">Affetterrit in this warldis vane plesance</L><L N="604">And bissines of temporalite</L><L N="605">To kene the self a styme it may nocht se</L><L N="606">For stammeris on eftir effectioun</L><L N="607">Fra ill to war ale thus to hell gois doun</L><L N="608">That is wan howp throw lang hanting of syn</L><L N="609">And fowll dispair that mony fallis in</L><L N="610">Than orpheus our ressoun is full wo</L><L N="611">And twichis on his harp and biddis ho</L><L N="612">Till our desyre and fulich appetyte</L><L N="613">Bidis leif this warldis full delyte <EPB/><PB N="87"/></L><L N="614">Than pluto god and quene of hellis fyre</L><L N="615">Mone grant to ressoun on fors the desyre</L><L N="616">Than orpheus has won erudices</L><L N="617">Quhen oure desire wyth reson makis pes</L><L N="618">And sekis vp to contemplacion</L><L N="619">Off syn detestand the abusion</L><L N="620">Bot ilk man suld be war and wisely see</L><L N="621">That he bakwart cast noucht his myndis ee</L><L N="622">Gevand consent and dilectation</L><L N="623">Off fleschly lust for the affection</L><L N="624">For than gois bakwart to the syn agayn</L><L N="625">Oure appetite as it before was slayn</L><L N="626">In warldly lust and sensualitee</L><L N="627">And makis reson wedow for to be</L><L N="628">Now pray we god sen oure affection</L><L N="629">Is alway prompt and redy to fall doun</L><L N="630">That he wald vndirput his haly hand</L><L N="631">Of manetemance and geve vs grace to stand</L><L N="632">In parfyte lufe as he is glorius</L><L N="633">And thus endis the tale of orpheus</L></DIV2></DIV1></BODY><EPB/></TEXT></DLPSTEXTCLASS>
