<?xml version="1.0"?>
<DLPSTEXTCLASS><HEADER><FILEDESC><TITLESTMT><TITLE TYPE="245">A talk of ten wives on their husbands' ware / ed. by Frederick J. Furnivall.</TITLE><TITLE TYPE="alt">Leve lystynes</TITLE><EDITOR>Furnivall, Frederick James, 1825-1910.</EDITOR><AUTHOR>Aberystwyth. National Library of Wales. Manuscript. Brogyntyn 2.1</AUTHOR></TITLESTMT><EXTENT>ca. 8 kB SGML-encoded text file</EXTENT><PUBLICATIONSTMT><PUBLISHER>University of Michigan, Digital Library Production Service</PUBLISHER><PUBPLACE>Ann Arbor, Michigan</PUBPLACE><DATE>2003</DATE><IDNO TYPE="notis">AEH6189</IDNO><IDNO TYPE="dlps">tenwives</IDNO><IDNO TYPE="imev">1852</IDNO><AVAILABILITY><P>These texts may be copied freely by individuals for personal use, research, and teaching (including distribution to classes) as long as this                 statement of availability is included in the text. It may be linked to freely in Internet editions of all kinds, including for-profit works.                 Redistribution by commercial or not-for-profit content providers is expressly forbidden. Please visit http://www.umdl.umich.edu for more information.</P></AVAILABILITY></PUBLICATIONSTMT><SOURCEDESC><BIBLFULL><TITLESTMT><TITLE>A talk of ten wives on their husbands' ware [in] Jyl of Breyntford's testament ... and other short pieces / ed. by Frederick J. Furnivall, p. 29-33.</TITLE></TITLESTMT><EXTENT>5 p. of 44</EXTENT><PUBLICATIONSTMT><PUBLISHER>Printed for Private Circulation by Taylor and Co.</PUBLISHER><PUBPLACE>London</PUBPLACE><DATE>1871</DATE></PUBLICATIONSTMT><NOTESSTMT><NOTE><P>Transcribed from Aberystwyth, National Library of Wales, MS Brogyntyn 2.1 (olim Porkington 10).</P></NOTE></NOTESSTMT></BIBLFULL></SOURCEDESC></FILEDESC><ENCODINGDESC><PROJECTDESC><P>Header created by hand based on text and MARC record on 2003-03-26.</P></PROJECTDESC><EDITORIALDECL N="4"><P>Encoding has been done using the recommendations for Level 4 of the TEI in Libraries Guidelines.</P></EDITORIALDECL></ENCODINGDESC><PROFILEDESC><LANGUSAGE><LANGUAGE ID="lat">Latin</LANGUAGE></LANGUSAGE><TEXTCLASS><KEYWORDS>

       <TERM>English prose literature -- Middle English, 1100-1500.</TERM>
       <TERM>English language -- Middle English, 1100-1500 -- Texts.</TERM>
       <TERM>Women -- Poetry</TERM>
     </KEYWORDS></TEXTCLASS></PROFILEDESC></HEADER><TEXT><FRONT><TITLEPAGE><DOCTITLE><TITLEPART TYPE="main">Jyl of Breyntford's Testament … And Other Short Pieces.</TITLEPART></DOCTITLE><BYLINE>Edited by</BYLINE><DOCAUTHOR>Frederick J. Furnivall</DOCAUTHOR><DOCIMPRINT><PUBLISHER>Printed for Private Circulation, by Taylor and Co.</PUBLISHER>
<PUBPLACE>London</PUBPLACE>
<DOCDATE>1871</DOCDATE></DOCIMPRINT></TITLEPAGE></FRONT><BODY><DIV1 NODE="tenwives:1" TYPE="poem"><EPB/><PB SEQ="00000001" N="29"/><HEAD>A Talk of Ten Wives on their Husbands' Ware</HEAD><MILESTONE N="56v" UNIT="folio"/><LG TYPE="stanza"><L>LEve, lystynes to me</L><L>Two wordys or thre,</L><L>And<NOTE1 N="1" ID="DLPS1">Every final d, g, m, n, has a curl to it, which in some cases umst mean<HI1 REND="i">e</HI1>.</NOTE1> herkenes to my songe;</L><L>And I schall tell ȝow a tale,</L><L>Howe .x. wyffys satt at þ<HI1 REND="sup">e</HI1> nale,</L><L>And noman hem a-monge.</L></LG><LG TYPE="stanza"><L>"Sen we haue no other<HI1 REND="i">e</HI1> songe</L><L>[Forto singen vs amonge,]</L><L>Talys lett vs tell</L><L>Off owr<HI1 REND="i">e</HI1> hosbondes war<HI1 REND="i">e</HI1>,</L><L>Wych of hem most worthy ar<HI1 REND="i">e</HI1></L><L>To-day to ber<HI1 REND="i">e</HI1> the bell.</L></LG><LG TYPE="stanza"><L>And I schall nowe begyn att myne:</L><L>I knowe the mett<NOTE1 N="2" ID="DLPS2">measure, length.</NOTE1> well &amp; fyne,</L><L>The lenȝte of a snayle,</L><L>And eu<HI1 REND="i">er</HI1> he warse is from day to day.</L><L>To grete god eu<HI1 REND="i">er</HI1> I pray</L><L>To gyve hym evyle hayle."</L></LG><LG TYPE="stanza"><L>¶ The secund wyffe sett her ner<HI1 REND="i">e</HI1>,</L><L>And seyd, "by the rode, I haue a war<HI1 REND="i">e</HI1></L><MILESTONE N="57r" UNIT="folio"/><L>That is two so mene<NOTE1 N="3" ID="DLPS3">middling; 'twice as poor.'</NOTE1>:</L><EPB/><PB SEQ="00000002" N="30"/><L>I mett<NOTE1 N="1" ID="DLPS4">meted, measured.</NOTE1> hym in þ<HI1 REND="sup">e</HI1> morowe tyde,</L><L>When he was in his moste pryde,</L><L>The lenȝte of .iij. bene.</L></LG><LG TYPE="stanza"><L>"Howe schuld I be s<HI1 REND="i">er</HI1>ved w<HI1 REND="i">i</HI1>t<HI1 REND="i">h</HI1> <HI1 REND="i">tha</HI1>t?</L><L>I wold gybbe, owr<HI1 REND="i">e</HI1> g<HI1 REND="i">ra</HI1>y catt,</L><L>Wer<HI1 REND="i">e</HI1> cord þer<HI1 REND="i">e</HI1> on!</L><L>By sayne peter owte of rome,</L><L>I se neu<HI1 REND="i">er</HI1> a wars lome</L><L>Stondyng opon mone."</L></LG><LG TYPE="stanza"><L>¶ The .iij. wyffe was full woo,</L><L>And seyd <HI1 REND="i">tha</HI1>t "I haue one of thoo</L><L>That noȝte is at nede;</L><L>Owr<HI1 REND="i">e</HI1> syr<HI1 REND="i">e</HI1> breche, when hit is torn,</L><L>Hys pentyll pepythe owte be-forn</L><L>Lyke a warbrede<NOTE1 N="2" ID="DLPS5">? Warbot. 'A worme, <HI1 REND="i">escarbot</HI1>, Palsgrave.' Halliwell. Cp. 'War-beetles. The large maggots which are bred in the backs of cattle. Norfolk.' <HI1 REND="i">Ib</HI1>.</NOTE1>;</L></LG><LG TYPE="stanza"><L>"Hit growethe all w<HI1 REND="i">i</HI1>t<HI1 REND="i">h</HI1>-in þ<HI1 REND="sup">e</HI1> her<HI1 REND="i">e</HI1>:</L><L>Sychon se I neu<HI1 REND="i">er</HI1> er<HI1 REND="i">e</HI1>,</L><L>Stondyng opon schar<HI1 REND="i">e</HI1><NOTE1 N="3" ID="DLPS6">'The pubes of a man.' Halliwell, quoting this passage. 'The fork of the legs,' from A.S. <HI1 REND="i">sceare</HI1> shears, scissors.</NOTE1>.</L><MILESTONE N="57v" UNIT="folio"/><L>Ȝett the schrewe is hodles,</L><L>And of all thynge goodles!</L><L>Ther<HI1 REND="i">e</HI1> cryste gyve hym car<HI1 REND="i">e</HI1>!"</L></LG><LG TYPE="stanza"><L>¶ The .iiij. wyffe of the floke</L><L>Seyd, "owr<HI1 REND="i">e</HI1> syr<HI1 REND="i">e</HI1> fydecoke<NOTE1 N="4" ID="DLPS7">For <HI1 REND="i">fyde</HI1>, cp. our <HI1 REND="i">Fiddle</HI1>, <HI1 REND="i">fiddle-de-dee</HI1>, nonsense; <HI1 REND="i">fiddle-head</HI1>, stupid, etc.</NOTE1></L><L>ffayn wold I skyfte<NOTE1 N="5" ID="DLPS8">shift, change; A.S. <HI1 REND="i">sciftan</HI1>.</NOTE1>:</L><L>He is longe, and he is smalle,</L><L>And ȝett hathe þ<HI1 REND="sup">e</HI1> fydefalle<NOTE1 N="4" ID="DLPS9">For <HI1 REND="i">fyde</HI1>, cp. our <HI1 REND="i">Fiddle</HI1>, <HI1 REND="i">fiddle-de-dee</HI1>, nonsense; <HI1 REND="i">fiddle-head</HI1>, stupid, etc.</NOTE1>;</L><L>God gyve hym sory thryfte!</L></LG><LG TYPE="stanza"><EPB/><PB SEQ="00000003" N="31"/><L>"The leste fynger<HI1 REND="i">e</HI1> on my honde</L><L>Is mor<HI1 REND="i">e</HI1> <HI1 REND="i">th</HI1>an he, whan he dothe stond<HI1 REND="i">e</HI1>:</L><L>Alasse <HI1 REND="i">tha</HI1>t I am lorn!</L><L>Sory mow<HI1 REND="i">n</HI1>tyng com ther<HI1 REND="i">e</HI1>-on!</L><L>He schold a be a womon</L><L>Had he be eer<HI1 REND="i">e</HI1> born."</L></LG><LG TYPE="stanza"><L>¶ The .v. wyffe was full fayn</L><L>When sche hard her felowys playn,</L><L>And vp sche gan stond:</L><L>"Now ȝe speke of a tarse<NOTE1 N="1" ID="DLPS10">'Mentula, virga:' Halliwell, citing this passage.</NOTE1>!</L><MILESTONE N="58r" UNIT="folio"/><L>In all þ<HI1 REND="sup">e</HI1> warld is not a warse</L><L><HI1 REND="i">Th</HI1>an hathe my hosbond.</L></LG><LG TYPE="stanza"><L>"Owr<HI1 REND="i">e</HI1> syr<HI1 REND="i">e</HI1> bradys<NOTE1 N="2" ID="DLPS11">? sheds his horns; ? <HI1 REND="i">braid</HI1>, to draw a sword out of the scabbard.</NOTE1> lyke a der<HI1 REND="i">e</HI1></L><L>He pysses his tarse eu<HI1 REND="i">er</HI1>y ȝer<HI1 REND="i">e</HI1>,</L><L>Ryȝte as dothe a boke:</L><L>When men speke of archery,</L><L>He mon stond faste ther<HI1 REND="i">e</HI1>-by,</L><L>Or ellys hys schote woll troke<NOTE1 N="3" ID="DLPS12">fall short: Halliwell, quoting these lines. ?A.S. <HI1 REND="i">trucan</HI1> fail.</NOTE1>."</L></LG><LG TYPE="stanza"><L>¶ The .vj. wyffe hyȝte sar<HI1 REND="i">e</HI1>;</L><L>Sche seyd: "my hosbondys war<HI1 REND="i">e</HI1></L><L>Is of good a-syse<NOTE1 N="4" ID="DLPS13">measure, standard of weight, etc.</NOTE1>;</L><L>He is whyte as ony mylke,</L><L>He is softe as ony sylke,</L><L>Ȝett sert<HI1 REND="i">is</HI1> he may not ryse.</L></LG><LG TYPE="stanza"><L>I lyrke<NOTE1 N="5" ID="DLPS14">jerk. <HI1 REND="i">Lirt</HI1> to toss, West. and Cumb. Dial. P. 368: Halliwell, citing this passage.</NOTE1> hym vp w<HI1 REND="i">i</HI1>t<HI1 REND="i">h</HI1> my hond,</L><L>And p<HI1 REND="i">ra</HI1>y hym <HI1 REND="i">tha</HI1>t he woll stond,</L><L>And ȝett he lythe styll.</L><EPB/><PB SEQ="00000004" N="32"/><L>When I se <HI1 REND="i">tha</HI1>t all is noȝte,</L><L>I thynke mony a thro<NOTE1 N="1" ID="DLPS15">fierce.</NOTE1> thoȝte;</L><MILESTONE N="58v" UNIT="folio"/><L>Bot cryste wote my wyll."</L></LG><LG TYPE="stanza"><L>¶ The .vij. wyffe sat on the bynch,</L><L>And sche caste her legge on wrynch,</L><L>And bad fyll the wyne:</L><L>"By seynt Iame of galys,</L><L>In englond ne in walys</L><L>Is not a wars <HI1 REND="i">th</HI1>an myne!</L></LG><LG TYPE="stanza"><L>"Whon owr<HI1 REND="i">e</HI1> syr<HI1 REND="i">e</HI1> comys In,</L><L>And lokes aft<HI1 REND="i">er</HI1> <HI1 REND="i">tha</HI1>t sory pyne</L><L><HI1 REND="i">Tha</HI1>t schuld hengge bytwen his legg<HI1 REND="i">is</HI1>,</L><L>He is lyke, by the rode,</L><L>A sory lau<HI1 REND="i">er</HI1>oke<NOTE1 N="2" ID="DLPS16">lark.</NOTE1> satt on brode</L><L>Opon two adyll egg<HI1 REND="i">is</HI1>."</L></LG><LG TYPE="stanza"><L>¶ The .viij. wyffe was wll I-taȝte,</L><L>And seyd, "seldom am I saȝte,</L><L>And so I well may:</L><L>When the froste fresys,</L><L>Owr<HI1 REND="i">e</HI1> syris tarse lesys,</L><L>And all-way gose a-way.</L></LG><LG TYPE="stanza"><MILESTONE N="59r" UNIT="folio"/><L>When the ȝeke<NOTE1 N="3" ID="DLPS17">A.S. <HI1 REND="i">geac</HI1> a cuckoo.</NOTE1> gynnys to synge,</L><L>Then the schrewe begynnys to sprynge,</L><L>Lyke a humbulbe;</L><L>He cowres vp on other<HI1 REND="i">e</HI1> two,—</L><L>I know not the warse of tho,</L><L>I schrew hem all thre!"</L></LG><LG TYPE="stanza"><L>¶ The .ix. wyffe sett hem nyȝe,</L><L>And held a mett<NOTE1 N="4" ID="DLPS18">measure.</NOTE1> vp on hyȝe</L><L>The lenȝte of a fote:</L><EPB/><PB SEQ="00000005" N="33"/><L>"Her<HI1 REND="i">e</HI1> is a pyntell of a fayr<HI1 REND="i">e</HI1> lenȝte,</L><L>But he berys a sory strenȝte,—</L><L>God may do boote<NOTE1 N="1" ID="DLPS19">remedy, help.</NOTE1>;—</L></LG><LG TYPE="stanza"><L>"I bow hym, I bend hym,</L><L>I stroke hym, I wend<NOTE1 N="2" ID="DLPS20">turn.</NOTE1> hym;</L><L>The deuell mot hym sterve!</L><L>Be he hote, be he cold,</L><L>Tho I torn hym two fold,</L><L>Ȝett he may not serve."</L></LG><LG TYPE="stanza"><L>¶ The .x. wyffe be-gan her tale,</L><MILESTONE N="59v" UNIT="folio"/><L>And seyd, "I haue on of the smale,</L><L>Was wyndowed a-way.</L><L>Of all noȝtes it is noȝte:</L><L>Sert<HI1 REND="i">is</HI1>, and hit schuld be boȝte,</L><L>He is not worth a nay" Amen.</L></LG></DIV1></BODY><EPB/></TEXT></DLPSTEXTCLASS>
