<?xml version="1.0" encoding="utf-8"?>
<!DOCTYPE ETS SYSTEM "http://www.textcreationpartnership.org/docs/code/eebo2prf.xml.dtd">
<ETS>
<TEMPHEAD>
<REVDESCR>
<CHANGE><DATE>8-31-16</DATE><RESPSTMT><NAME>lattaj</NAME><RESP>MURP</RESP></RESPSTMT><ITEM>Added TEMPHEAD, checked ID, and added TYPEs to DIVs in order to validate. Checked for N=""s. Checked for GROUP tags. Proofed title page. Checked <SUP>s</SUP>. Reviewed structure; removed an ABBR; added DIV3s; changed some Ps to HEADs; added some DIV2s. Checked placement and completeness of PBs; moved some PBs. Checked for damage GAPs, #s, @s, --s, and UNCLEARs. Corrected [dollar]s. Checked for &amp;cs with incorrect spacing. Checked for LBs. Checked for startqs and endqs, abq's, oes, qs, Ae's, and Qs. Checked proofsheets and made corrections. Checked italic I / J and U / V. Checked for missing page GAPs. Checked for EPIGRAPHs and ARGUMENTS. Checked CLOSERs, OPENERs, SIGNEDs, SALUTEs, TRAILERs, BYLINEs. Checked decorated initials. Checked FIGUREs. Sample: 2 minutes. Proofing: 0 minutes. Tag review and corrections: 50 minutes. DONE.</ITEM></CHANGE>
</REVDESCR>
</TEMPHEAD>
<EEBO>
<IDG S="marc" R="UM" ID="CME00132">
<STC T="M">132</STC>
<BIBNO T="mec">CME00132</BIBNO>
<VID>CME00132</VID>
</IDG>
<TEXT LANG="enm">
<FRONT>
<DIV1 TYPE="title page">
<PB REF="1" MS="y"/>
<P>AN OLDER FORM OF THE <HI REND="italic">Treatyse of Fysshynge wyth an angle</HI> ATTRIBUTED TO DAME JULIANA BARNES.</P>
<P><HI REND="italic">Printed from a MS. in the possession of Alfred Dension, Esq.</HI> WITH PREFACE AND GLOSSARY BY THOMAS SATCHELL.</P>
<P><HI REND="italic">London: W. SATCHELL &amp; CO.,</HI> 19, TAVISTOCK STREET, COVENT GARDEN, W.C.</P>
<P>1883.</P>
</DIV1>
</FRONT>
<BODY>
<DIV1 TYPE="treatise">
<PB REF="2"/>
<P>Saloma<HI REND="italic">n</HI> in hys p<HI REND="italic">ar</HI>aboles seith þ<HI REND="italic">a</HI>t a glad spirit maket a flowry<HI REND="italic">n</HI>g age That ys to sey a feyre age &amp; a longe and sith hyt ys so I aske þ<HI REND="italic">i</HI>s questyon wyche bynne þe menys &amp; cause to reduse a man to a mery spryte Truly vn to my symple discresc<HI REND="italic">i</HI>on it semyth me good &amp; honest dysport<HI REND="italic">es</HI> and games in wyche a mans hert joythe w<HI REND="italic">i</HI>t<HI REND="italic">h</HI> owt any repentans Than þ<HI REND="italic">i</HI>s folowythe þ<HI REND="italic">a</HI>t good &amp; honeste disport<HI REND="italic">es</HI> by cause of men<HI REND="italic">n</HI>ys fare age and longe lyfe Therfor now will y cheys of iiij good disport<HI REND="italic">es</HI> and honest gamys þ<HI REND="italic">a</HI>t ys to sey of huntyng haukyng fowlyng and fyschyng namely anglyng w<HI REND="italic">i</HI>t<HI REND="italic">h</HI> a rod or a yarde a lyne and a hoke and þ<HI REND="italic">er</HI> of to treyt as my sympulnes may suffice boith for the seyde reson of Salonon and also for the reson of physyke mayd yn þis wyse</P>
<Q><L>Si tibi deficiant medici medici tibi fiant</L>
<L>H<HI REND="italic">ec</HI> tria me<HI REND="italic">n</HI>s leta labor &amp; moderata dieta</L></Q>
<P>That ys to sey yf a man lak leches or medicens he schall make iij thynges hys medicens or leches and he schall neu<HI REND="italic">er</HI> neyd to mo The fyrst of them ys mery thowght The ij<SUP>d</SUP> is labur mesurably The iij<SUP>d</SUP> ys good dyet of cleyn metes &amp; drynkes sesenable
<PB N="2" REF="3"/>
Fyrst þen yf a man wyl be mery &amp; haue a glad spry spryt he must eschew all <HI REND="italic">con</HI>t<HI REND="italic">ra</HI>ryus co<HI REND="italic">m</HI>panye and all places of debat<HI REND="italic">es</HI> and stryves wher he myȝt haue occasyon of malencoly and yf he wyl haue a labur not outrages. he must the orden hym to hys hertes plesens w<HI REND="italic">i</HI>t<HI REND="italic">h</HI> owt stody pensifulnes or trauel a mery occupacion wyche may reioyse hys hert and hys spryit in honest man<HI REND="italic">er</HI> and yf he wyl dyet hym selfe mesurably he must eschew all places of ryot wiche is cause of surfettes and seknes and he must draw hym to a place of sweyt eyr and hungre &amp; ete norysching metes &amp; defyabul Y wyl now dyscryve the seyd iiij<SUP>or</SUP> disport<HI REND="italic">es</HI> and gamys to fend the best of them as wyll as y can. All be it þat þe ryȝght nobul Duke of Yorke late calde mast<HI REND="italic">er</HI> of the game hathe dyscryved the myrthes of huntyng lyke as y thynke to scryue of it and all þe other þe greuys For huntyng as to myne entent is to gret labur The hunter must all day renne &amp; folow hys howndes travelyng &amp; swetyng ful soyr he blowythe tyl hys lyppys blyst<HI REND="italic">er</HI> and wen he wenyt hyt be a hare fuloft<HI REND="italic">e</HI>n h<HI REND="italic">i</HI>t ys a heyghoge thus he chaset and wen he cu<HI REND="italic">m</HI>met home at even. reyn beton seyr prykud w<HI REND="italic">i</HI>t<HI REND="italic">h</HI> thornes and hys clothes tornes wet schod fulwy su<HI REND="italic">m</HI> of hys howndes lost som surbatted suche grevys &amp;
<PB N="3" REF="4"/>
meny oþ<HI REND="italic">er</HI> to the hunter hapeth wiche for displesous of hem þ<HI REND="italic">a</HI>t louyth hyt I dare not report all. Trewly me semyt þat þis ys not the best disport and game of the seyd iiij<SUP>or.</SUP></P>
<DIV2 TYPE="part">
<HEAD>Hawkynge</HEAD>
<P>Thys disporte and game of hawkyng is laborous and ryght noyous also as me semyth &amp; it is very trowthe. The fawkner often tymes leseth hys hawkes þe hunter hys houndes þen all hys disporte ben gon and don Full often he cryethe &amp; wystel tyl he be sor a thryst hys hawke taket a bowe and list not onys to hym reward wen he wolde haue her for to fle The wyl sche baythe w<HI REND="italic">i</HI>t<HI REND="italic">h</HI> mysfedyng þen schall sche haue the frounce þe Rey þe Cray and mony oþ<HI REND="italic">er</HI> seknes þat brynget hur to þe souce theise me semyth be good p<HI REND="italic">ro</HI>fet but the be not þe best gamys of the seyd iiij<SUP>or.</SUP></P>
</DIV2>
<DIV2 TYPE="part">
<HEAD>Fowlyng</HEAD>
<P>The disporte and game of fowlyng me semyth most symplvest for yn the season of somer þe fowler spedyt not But yn þe most herde &amp; colde wedyre he is soyr greved for he wolde go to hys gynnes he may not for colde many a gyn and many a snayr he maket &amp; mony he leset, yn þe mernyng he walket yn the dew he goyth also wetschode and soyr a colde to dyner by the morow
<PB N="4" REF="5"/>
and su<HI REND="italic">m</HI> tyme to bed or he haue wyl sowpud for any thynge þ<HI REND="italic">a</HI>t he may geyt by fowlyng. Meny other syche y can rehers but my magyf or angre maket me to leyf Thys me semyth þat huntyng haukyng and fowlyng be so laborous &amp; greuous þat non of them may p<HI REND="italic">er</HI>forme to enduce a man to a mery spryȝt þe wyche is cause of longe lyfe acordyng to the seyd p<HI REND="italic">ar</HI>abul of Salomon.</P>
</DIV2>
<DIV2 TYPE="part">
<HEAD>Fyschynge</HEAD>
<P>Dowtles then folowyth it þat it must nedys be þe disporte and game of fyschyng w<HI REND="italic">i</HI>t<HI REND="italic">h</HI> an angul rode for all oþ<HI REND="italic">er</HI> man<HI REND="italic">er</HI> of fyschyng is also ryght labure and grevous often causyng men to be ryght weyth and colde wyche mony tymes hathe be seyn the cheyf cause of infyrmyte and su<HI REND="italic">m</HI> tyme deythe. But the angleer may haue no colde ne no disese ne angur but he be causer hymselfe for he may not gretly lose but a lyne or an hoke of wyche he may hayf plente of hys owyne makyng or of oþ<HI REND="italic">er</HI> mens as thys sympul tretes schall teche hym so then hys loste ys no grevous. And oþ<HI REND="italic">er</HI> grevous may he haue non But yf any fysche breke a wey from hym wen he is vp on hys hoke in londyng of the same fych or els þat ys to sey þat he cache not þe wich be no greyt grevous For yf he fayl of on he may not faylle of a noþ<HI REND="italic">er</HI> yf he do as thys
<PB N="5" REF="6"/>
tretes folowys schall yn forme hym but yf þ<HI REND="italic">er</HI> ben non yn þe watur wer he schall angul and ȝet at þe leste he schall haue hys holsom walke &amp; mery at hys own ease and also meny a sweyt eayr of dyuers erbis &amp; flowres þ<HI REND="italic">a</HI>t schall make hyt ryght hongre &amp; well disposud in hys body he schall heyr þe melodyes melodious of þe Ermony of bryde he schall se also þe ȝong swannys &amp; signetes folowyng þer Eyrours Duckes Cootes herons &amp; many oþ<HI REND="italic">er</HI> fowlys w<HI REND="italic">i</HI>t<HI REND="italic">h</HI> þer brodys wyche me semyt bett<HI REND="italic">er</HI> þen all þe noyse of houndes &amp; blastes of hornes &amp; oþ<HI REND="italic">er</HI> gamys þ<HI REND="italic">a</HI>t fawkners &amp; hunters can make or els þe games þ<HI REND="italic">a</HI>t fowlers can make and yf þe angler take þe fysche hardly þen ys þ<HI REND="italic">er</HI> no man meryer þen he is in hys sprites. Also whoso wol vse þe game and disporte of angleyng he muste take hede to thys sentence of the olde p<HI REND="italic">ro</HI>u<HI REND="italic">er</HI>be þ<HI REND="italic">a</HI>t is thise v<HI REND="italic">er</HI>sus</P>
<Q><L>Surge miser mane s<HI REND="italic">et</HI> noli surgere vane</L>
<L>Sanctificat sanat ditat quoque surgere mane</L></Q>
<P>This is to sey he must ryse erly þe wiche þing ys ryght p<HI REND="italic">ro</HI>phetabul to man yn thys wyse On is for helthe of the sowyl for hyt schall cause a man to be holy yf eu<HI REND="italic">er</HI> he schall be wel set to God. The ijd cause is it schall cause bodely helthe and schall cause hym to lyfe longe The iij<SUP>d</SUP> hyt
<PB N="6" REF="7"/>
schall cause hym to be ryche wordly and gostly yn goodys &amp; goodnes þ<HI REND="italic">u</HI>s haue y p<HI REND="italic">ro</HI>ued in myne entent þat the disporte of angelynge is the very meyn þ<HI REND="italic">a</HI>t causeth a man to be mery spyryt wyche aftur þe sayd p<HI REND="italic">ar</HI>abol of Salomo<HI REND="italic">n</HI> and the doctrine of physyke maket a flowryng age and longe lyfe and þerfor to all þo þ<HI REND="italic">a</HI>t be v<HI REND="italic">er</HI>tuose gentyle &amp; freborne I wryte þis sympul tretes folowynge by the wiche ȝe may haue þe ful crafte of angelyng to sport ȝow w<HI REND="italic">i</HI>t<HI REND="italic">h</HI> at ȝowr luste to the yntent þ<HI REND="italic">a</HI>t ȝowr age may be mor flour and þe longur endur Then yf ye wyll be crafte yn angelyng ye muste furst lurne to mak ȝowr harnes þat ys to sey yo<HI REND="italic">u</HI>r rod yo<HI REND="italic">u</HI>r lynys of dy[uers] colors &amp; yo<HI REND="italic">u</HI>r hokes aft<HI REND="italic">er</HI> þat ye must know how ȝe schall angel &amp; yn wat places of the watur how depe &amp; wat tyme of the daye for wat man<HI REND="italic">er</HI> of fysche in wath wedur how many Impedimen[ts] þer ben yn anglyng and especially w<HI REND="italic">i</HI>t<HI REND="italic">h</HI> wat bayt to eu<HI REND="italic">er</HI>y dyu<HI REND="italic">er</HI>se fysche yn yche moneth in þe ȝer how ȝe schall make ȝowr baytes brede wher ye schall fynde þem &amp; how ȝe schall fynde them &amp; how ȝe schall kepe þem and for þe most crafty þyng how ye schall make yo<HI REND="italic">u</HI>r hokes of steyl &amp; of osmonde som for þe to dub &amp; som for þe flote as ye schall her aftur all þese ȝe schall
<PB N="7" REF="8"/>
fynd expressed openly to your ye.</P>
</DIV2>
<DIV2 TYPE="part">
<HEAD>How ye schall make ȝowr rode</HEAD>
<P>And how ȝe schall make yo<HI REND="italic">u</HI>r Rodde craftely I schall tell ȝow ye schall kytte betwene Mychelmas and Candulmas a feyr staf evyn of a vj fote long or mor as ye lyst of hasill wilowe or aspe and beke hem in a ovyn when ye bake &amp; set hym evy[n] ryght as ye can make hym þen let hym cole &amp; drye a fowr wykes or mor Then take &amp; bynd hym fast w<HI REND="italic">i</HI>t<HI REND="italic">h</HI> a good corde vn to a forme or to an evyn squar tree &amp; þen take a plumars wyr þ<HI REND="italic">a</HI>t is evyn &amp; strong &amp; scharpe at þe oon ende þen hete the scharpe ende in a charcol fyr tyl hyt be hote &amp; pers þe stafe þ<HI REND="italic">er</HI> w<HI REND="italic">i</HI>t<HI REND="italic">h</HI> thorow þe pith of the seyd stafe Fyrste at þe oon ende &amp; sithen at þe other tyll hyt be thorow &amp; then take a bryd spytte &amp; bryn hym as ye seme tyll it be to thyne entente in a man<HI REND="italic">er</HI> as a tapur of wax &amp; wax hym then let hym ly stylle two days aft<HI REND="italic">er</HI> tyl hyt be thorow colde tan vn bynde hym &amp; let hym drye yn a smoke howse or yn a howsroyf tyl hyt be thorow drye In þe same seysen take a yarde of white hasil &amp; beth hym even &amp; streighte &amp; let hym drye yn þe same wyse as hyt ys seyd of the stafe and wen they be drye make þe yarde mete vn to the hole of the seyd stafe yn to þe halfe
<PB N="8" REF="9"/>
stafe lynket lyngh and to p<HI REND="italic">er</HI>forme þe other halfe of þe crop<HI REND="italic">þ</HI> Take a feyr schoyt of blake thorne crabtre medeler or genep<HI REND="italic">er</HI> cut yn þe same sesun and wyl bethed and streyght &amp; bynd hem to gydur fetely so þ<HI REND="italic">a</HI>t þe cropp may justly entur all in to þe seyd hole then schaue the stafe and make hyt tapur wyys waxing þen virell þe staff wel at bothe endys w<HI REND="italic">i</HI>t<HI REND="italic">h</HI> hopy of yren or laten w<HI REND="italic">i</HI>t<HI REND="italic">h</HI> a pyke yn þe neþ<HI REND="italic">er</HI> ende festnyed w<HI REND="italic">i</HI>t<HI REND="italic">h</HI> a remevyng vise to take in &amp; owt þe crop<HI REND="italic">þ.</HI> Then set your crop an honful w<HI REND="italic">i</HI>t<HI REND="italic">h</HI> yn þe ovir ende of ȝowr stafe in suche wyse þ<HI REND="italic">a</HI>t it be also bigge ther as any other place a bove Than arme ȝowr crop at þe ovir ende down to the frete w<HI REND="italic">i</HI>t<HI REND="italic">h</HI> a lyn of vi herys &amp; double the lyne &amp; frete hyt fast yn þe top w<HI REND="italic">i</HI>t<HI REND="italic">h</HI> a nose to fasten an yo<HI REND="italic">u</HI>r lyne and þ<HI REND="italic">us</HI> schall ye make yow a rode so p<HI REND="italic">er</HI>fet &amp; fete þ<HI REND="italic">a</HI>t ȝe may walke þ<HI REND="italic">er</HI> w<HI REND="italic">i</HI>t<HI REND="italic">h</HI> and þer schall no man wyt wer a bowt ye go and hyt wyl be lyȝt &amp; nemyll to fysche w<HI REND="italic">i</HI>t<HI REND="italic">h</HI> at yowr plesur &amp; devyce.</P>
</DIV2>
<DIV2 TYPE="part">
<HEAD>To colo<HI REND="italic">ur</HI> your lynes</HEAD>
<P>Aftur þat ye haue made ȝowr rodde ye must lern to colur your lynys of heyr in þys wise First y<HI REND="italic">e</HI> must take of a wyht hors tayle þe lengest her þat may be had &amp; euyr the rounder þe better it is &amp; when ye haue dep<HI REND="italic">ar</HI>tyd it at vi p<HI REND="italic">ar</HI>tes þen coler
<PB N="9" REF="10"/>
eu<HI REND="italic">er</HI>y p<HI REND="italic">ar</HI>te by hyt selfe in dyu<HI REND="italic">er</HI>s colers as yn to yelow Grene Broune Tawny Russet and duskyn colur Furst to make ȝowr ȝelo here Take smale ale a potell and stamp it w<HI REND="italic">i</HI>t<HI REND="italic">h</HI> iij handful of walnot levys and a quart<HI REND="italic">er</HI> of alom &amp; put them all to gedur in a bras panne &amp; boyle hem wel to gedur &amp; wen h<HI REND="italic">y</HI>t ys colde put yn ȝowr heyr þat ye wyll haue ȝelow tyl hyt be as dyrk as ye wyl heue it &amp; þen take hyt owte.</P>
</DIV2>
<DIV2 TYPE="part">
<HEAD>To make grene colour</HEAD>
<P>Ye schall take smal ale þe quantyte of a quarte &amp; put it yn a lytul panne and put þ<HI REND="italic">er</HI> to halfe lb alom &amp; do zowr here þ<HI REND="italic">er</HI> to &amp; let hyt boyl halfe a nowyr Then take ȝowr here &amp; let hyt drye þan take a potell of watur and put hyt yn a panne &amp; put þ<HI REND="italic">er</HI> to of welde or waxen ii<SUP>to</SUP> handful &amp; presse hyt down w<HI REND="italic">i</HI>t<HI REND="italic">h</HI> a peyse and let hyt boyle softly halfe a nowyr and wen hyt ȝelow in the skome put þ<HI REND="italic">er</HI> yn yowr here and þ<HI REND="italic">er</HI> with halfe a lb of coperose wel beton yn to poudur &amp; let it boyle halfe a myle wey and then set hyt down &amp; let it coyl v or vi owres &amp; then take owt yo<HI REND="italic">ur</HI> here &amp; let hyt drye &amp; þer ye schall haue þe best greyn þ<HI REND="italic">a</HI>t may be for the watur and þe moyr þ<HI REND="italic">a</HI>t ȝe put to of the cop<HI REND="italic">er</HI>as the grener hyt wyl be.</P>
<P>[¶ A nother wyse ye maye make more bryghter
<PB N="10" REF="11"/>
grene, as thus Lete woode your heer in an woodefatte a lyght plunket colour And thenne sethe hym in olde or wyxin lyke as I haue sayd: sauynge ye shall not put therto neyther coporose ue vertgrees. ¶ For to make your heer yelow dyght it wyth alym as I haue sayd before. And after that wyth oldys or wyxin wythout coporose or vertgrees. ¶ A nother yelow ye shal make thus. Take smalle ale a potell: and stampe thre handful of walnot leues and put togider: And put in your heer tyll that it be as depe as ye woll haue it. ¶ For to make russet heer. Take stronge lye a pynt and halfe a pounde of sote and a lytyll iuce of walnot leuys and a quarte of alym: and put theym alle togyder in a panne and boylle theym well. And whan it is colde put in youre heer tyll it be as derke as ye woll haue it. ¶ For to make a browne colour. Take a pounde of sote and a quarte of ale: and seth it wyth as many walnot leuys as ye maye. And whan they wexe blacke sette it from the fire. And put therin your heer and lete it lye styll tyll it be as browne as ye woll haue it.</P>
<P>¶ For to make a nother browne. Take stronge ale and sote and tempre them togyder. and put therin your heer two dayes and two nyghtes and
<PB N="11" REF="12"/>
it shall be ryght a good colour.</P>
<P>¶ For to make a tawney coloure. Take lyme and water &amp; put theym togyder: and also put your heer therin foure or fyue houres. Thenne take it out and put it in a Tanners ose a day: and it shall be also fyne a tawney colour as nedyth to our purpoos ¶ The syxte parte of your heer ye shall kepe styll whyte for lynes for the dubbyd hoke to fysshe for the trought and graylynge: and for smalle lynes for to rye for the roche and the darse.</P>
<P>Whan your heer is thus colourid: ye must knowe for whiche waters and for whyche seasons they shall serue. ¶ The grene colour in all clere water rom Apryll tyll Septembre. ¶ The yelowe coloure in euery clere water from Septembre tyll Nouembre: For is is lyke þ<HI REND="italic">e</HI> wedys and other manere grasse whiche growyth in the waters and ryuers whan they ben broken. ¶ The russet colour seruyth all the wynter vnto the ende of Apryll. as well in ryuers as in poles or lakys ¶ The browne colour seruyth for that water that is blacke dedisshe in ryuers or in other waters. ¶ The tawney colour for those waters that ben hethy or morysshe.</P>
<P>Now must ye make youre lynes in this wyse.
<PB N="12" REF="13"/>
Fyrste loke that ye haue an Instrument lyke vnto this fygure portrayed folowynge. Thenne take your heer &amp; kytte of the smalle ende an hondfull large or more, For it is neyther stronge nor yet sure. Thenne torne the toppe to the taylle eueryche ylyke moche. And departe it in to thre partyes. Thenne knytte euery part at the one ende by hymself. And at the other ende knytte all thre togyder: and put þ<HI REND="italic">e</HI> same ende in that other ende of your Instrument that hath but one clyft. And sett that other ende faste wyth the wegge foure fyngers in alle shorter than your heer. Thenne twyne euery warpe one waye &amp; ylyke moche: and fasten theym in thre clystes ylyke streyghte. Take thenne out that other ende and twyne it that waye that it woll desyre ynough. Thenne streyne it a lytyll: and knytte it for vndoynge: and that is good. And for to knowe to make your Instrument: loo here it is in fygure. And it shall be made of tree sauynge the bolte vnderneth: whiche shall be of yren.</P>
<P>Whan ye haue as many of the lynkys as ye suppose wol suffyse for the length of a lyne: thenne must ye knytte theym togyder wyth a water knotte or elles a duchys knotte. And whan your knotte is knytte: kytte of þe voyde shorte
<PB N="13" REF="14"/>
endes a strawe brede for the knotte. Thus shal ye make youre lynes fayr &amp; fyne: and also ryght sure for ony manere fysshe. ¶ And by cause that ye sholde knowe bothe the water knotte &amp; also the duchys knotte: loo theym here in fygure caste vnto the lyknesse of the draughte.</P>
<P>Ye shall vnderstonde that the moost subtyll &amp; hardyste crafte in makynge of your harnays is for to make your hokis. For whoos makyng ye must haue fete fyles, thyn̄ and sharpe &amp; smalle beten: A semy clam̄ of yren: a bender: a payr of longe &amp; smalle tongys: an harde knyfe som deale thycke: an anuelde: &amp; a lytyll hamour. ¶ And for smalle fysshe ye shall make your hokes of the smalest quarell nedlys that ye can fynde of stele, &amp; in this wyse. ¶ Ye shall put the quarell in a redde charkcole fyre tyll that it be of the same colour that the fyre is. Thenne take hym out and lete hym kele: and ye shal fynde him well alayd for to fyle. Thenne reyse the berde wyth your knyfe, and make the poynt sharpe. Thenne alaye hym agayn: for elles he woll breke in the bendyng. Thenne bende hym lyke to the bende fyguryd herafter in example. And greeter nokes ye shall make in the same wyse of gretter nedles: as broderers nedlis: or taylers: or
<PB N="14" REF="15"/>
shomakers nedlis spere poyntes, &amp; of shomakers nalles in especyall the beste for grete fysshe. and that they bende atte the poynt whan they ben assayed, for elles they ben not good. ¶ Whan the hoke is bendyd bete the hynder ende abrode: &amp; fyle it smothe for fretynge of thy lyne. Thenne put it in the fyre agayn: and yeue it an easy redde hete. Thenne sodaynly quenche it in water: and it woll be harde &amp; stronge. And for to haue knowlege of your Instruments: lo theym here in fygure portrayd. ¶ Hamour. Knyfe. Pynsons. Clam̄ Wegge. Fyle. Wreste. &amp; Anuelde.</P>
<P>Whan ye haue made thus your hokis: thenne must ye set theym on your lynes acordynge in gretnesse &amp; strength in this wyse. ¶ Ye shall take smalle redde silke. &amp; yf it be for a grete hoke then<HI REND="italic">n</HI>e double it: not twynyd. And elles for smale hokys lete it be syngle: &amp; therwyth frette thycke the lyne there as the one ende of your hoke shal sytte a strawe brede. Then<HI REND="italic">ne</HI> sette there your hoke: &amp; frette hym wyth the same threde þ<HI REND="italic">e</HI> two partes of the lengthe that shall be frette in all. And whan ye come to the thyrde parte thenne torne the ende of your lyne agayn vpon the frette dowble. &amp; frette it so dowble that
<PB N="15" REF="16"/>
other thyrde parte. Thenne put your threde in at the hose twys or thries &amp; lete it goo at eche tyme rounde abowte the yerde of your hoke. Thenne wete the hose &amp; drawe it tyll that it be faste. And loke that your lyne lye euermore wythin your hokys: &amp; not without. Thenne kytte of the lynys ende &amp; the threde as nyghe as ye maye: sauynge the frette.</P>
<P>Now ye knowe wyth how grete hokys ye shall angle to euery fysshe: now I woll tell you]</P>
</DIV2>
<DIV2 TYPE="part">
<HEAD>Wyth how many herys ye schall angle w<HI REND="italic">i</HI>t<HI REND="italic">h</HI> for eu<HI REND="italic">er</HI>y fysche</HEAD>
<P>Fyrst for the menewes w<HI REND="italic">i</HI>t<HI REND="italic">h</HI> a lyne of on heyr for þe wexen Roche the bleke and the gogyn &amp; þe Roffe w<HI REND="italic">i</HI>t<HI REND="italic">h</HI> a lynne of ii herys For the Dare &amp; þe greyt Roche v<HI REND="italic">i</HI>t<HI REND="italic">h</HI> a lyne of iij herys For the perche the flounder þe breme w<HI REND="italic">i</HI>t<HI REND="italic">h</HI> a lyne of iiij herys For the cheven chobe the tenche the Ele w<HI REND="italic">i</HI>t<HI REND="italic">h</HI> a lyne of vj herys For þe trowyt the grelyng and þe barbyl and þe greyt cheven w<HI REND="italic">i</HI>t<HI REND="italic">h</HI> a lyne of ix herys For þe gret Trowt þe grelyng &amp; þe perche w<HI REND="italic">i</HI>t<HI REND="italic">h</HI> a lyne of xij herys. For a Samon w<HI REND="italic">i</HI>t<HI REND="italic">h</HI> xv For the pyke ye schall take a good fyne lyne of pak thryde made yn man<HI REND="italic">er</HI> of a chalke lyne made browne w<HI REND="italic">i</HI>t<HI REND="italic">h</HI> yo<HI REND="italic">u</HI>r colour as ys a for seyd enarmyd w<HI REND="italic">i</HI>t<HI REND="italic">h</HI> wyre for bytyng a
<PB N="16" REF="17"/>
sundure your lynys must be plomed w<HI REND="italic">i</HI>t<HI REND="italic">h</HI> leyd and þe next plume to the hoke schall be ther from a large fote &amp; more and eu<HI REND="italic">er</HI>y plu<HI REND="italic">m</HI>be of quantite of þe gretnes of the lyne. þer be iij man<HI REND="italic">er</HI> of plumbyng Fyrst for a grond lyne rennyng and for the floyt set vppon the grounde lyne lying a x plumys ren<HI REND="italic">n</HI>yng all to gedur. On þe gronde lyne lying a xx or x smale plu<HI REND="italic">m</HI>bes For þe floote plumbe hym so hevy þ<HI REND="italic">a</HI>t þe lest ploke of any fysche may pluke hym doune yn to þe watur And make hym rounde &amp; smothe þ<HI REND="italic">a</HI>t þei fast not on stones or weedys wyche wolde let yow gretly in yo<HI REND="italic">u</HI>r disporte of angelynge.</P>
</DIV2>
<DIV2 TYPE="part">
<HEAD>How ye schall make your flotes.</HEAD>
<P>Ye schall make ȝowr flotes in þys wise Take a feyr corke y<HI REND="italic">a</HI>t ys clene w<HI REND="italic">i</HI>t<HI REND="italic">h</HI> oute many hoolys boyr hyt þorow w<HI REND="italic">i</HI>t<HI REND="italic">h</HI> a smale hoyt yrn &amp; put þ<HI REND="italic">er</HI> yn a penne at þe gretter hoole Then schap hem yn man<HI REND="italic">er</HI> of a dove egge lesse and mor os ȝe wylle &amp; make hem smothe a pon a gynston And your floyt for on heyr be no bygger a pese for ij herys as a beyn for xij heres as a walnot and so forthe eu<HI REND="italic">er</HI>y lyne aftur hys gretnes All man<HI REND="italic">er</HI> of lynes must haue a floyt to angle w<HI REND="italic">i</HI>t<HI REND="italic">h</HI> saue only þe gronde lyne and the rernyng ground lyne must haue a floote The lying ground lyne
<PB N="17" REF="18"/>
w<HI REND="italic">i</HI>t<HI REND="italic">h</HI> ovte floyte</P>
</DIV2>
<DIV2 TYPE="part">
<HEAD>How many man<HI REND="italic">er</HI> of anglynges þat þer bene.</HEAD>
<P>Now I haue lerned ȝow to make yo<HI REND="italic">u</HI>r hernes now wyll I tell ȝow how ye schall vnderstende þat þer be vj man<HI REND="italic">er</HI> of angly<HI REND="italic">n</HI>g Oon is at þe grounde for þe troute A nother at þe grounde at an arche of a brydge or at a stondyng wer hyt ebbethe or flowethe for bleke Roche and Dare. The iijd is w<HI REND="italic">i</HI>t<HI REND="italic">h</HI> owt floote for all man<HI REND="italic">er</HI> of fyche The iiij<SUP>th</SUP> w<HI REND="italic">i</HI>t<HI REND="italic">h</HI> a mener for the troute w<HI REND="italic">i</HI>t<HI REND="italic">h</HI> owte plumbe or floote the same man<HI REND="italic">er</HI> of Roche and Darse w<HI REND="italic">i</HI>t<HI REND="italic">h</HI> a lyne of i or ij herys batyd w<HI REND="italic">i</HI>t<HI REND="italic">h</HI> a flye The v<SUP>th</SUP> is w<HI REND="italic">i</HI>t<HI REND="italic">h</HI> a dubbed hooke for the troute &amp; gralyng and for the principall poynt of anglyng kepe you eu<HI REND="italic">er</HI> from þe watur and from þe syȝt of fyche fer on the londe or els be hynde a busche or a tre þ<HI REND="italic">a</HI>t þe fysche see yow not for yf he do he wyl not bytte and loke ye shadow not the wat<HI REND="italic">ur</HI> as moche as ye may for hyt ys a thynhe wyche wyl a fray þe fyche and yf he be a frayd he wyl not byt a good while aftur For all man<HI REND="italic">er</HI> of fyche þ<HI REND="italic">a</HI>t fedyt by the grownde ye schall angle to hym in the myddes of the watur &amp; som deyl moyr be neythe þen a boue for eu<HI REND="italic">er</HI> þe gret<HI REND="italic">er</HI> fyche the ner he lythe þe bot<HI REND="italic">e</HI>n of þe watur and the smaler
<PB N="18" REF="19"/>
fyche comenly swy<HI REND="italic">m</HI>myth a bove The vj<SUP>d</SUP> good poynte ys when ye fyche byteth þ<HI REND="italic">at</HI> ȝe be not to hasty to smyt hym nor to late Ye must a byde tylle ye suppose þat þe bayte and the hoke be welle yn the mouthe of the fyche and then stryke hym and þys ys for the grounde and for the floot wen ȝe bey thy<HI REND="italic">n</HI>ke hyt pulled softely vndur the watur or els caryed vpon þe watur softly then smyte hym and se þ<HI REND="italic">a</HI>t ȝe neu<HI REND="italic">er</HI> ou<HI REND="italic">er</HI> smyt þe strynght of ȝowr lyne for brekyng and yf he hap to stryke a gret fyche w<HI REND="italic">i</HI>t<HI REND="italic">h</HI> a smayl lyne ye must leyd hym in the wat<HI REND="italic">ur</HI> and labur þer tyll he be ou<HI REND="italic">er</HI>come and weryd Than take hym as well as ye may and be war þat ȝe holde not ou<HI REND="italic">er</HI> þe strynght of ȝowr lyne and yf ȝe may yn any wyse let not hym on at the lynes ende stregiht from ȝow but kepe hym eu<HI REND="italic">er</HI> þe rod and eu<HI REND="italic">er</HI> holde hym streight So þ<HI REND="italic">a</HI>t ȝe may susteyn hys lepys &amp; hys plumbes w<HI REND="italic">i</HI>t<HI REND="italic">h</HI> the helpe of yowr honde.</P>
</DIV2>
<DIV2 TYPE="part">
<HEAD>In wat place is best angleyng.</HEAD>
<P>Her y wyll declar in wat places of the watur ye schall angle to yowr best spede ye schall angle yn a pole or yn a stondyng watur yn eu<HI REND="italic">er</HI>y place þ<HI REND="italic">er</HI> it is any þyng depe þer is no grete choyse in a pole for it is but a pryson to fysche and þei lyve moste p<HI REND="italic">ar</HI>te in p<HI REND="italic">ry</HI>son and hungre as a
<PB N="19" REF="20"/>
p<HI REND="italic">ri</HI>soner þ<HI REND="italic">er</HI> for it is þe lesse mastry to take hym But in rewarde ye schall angle eu<HI REND="italic">er</HI>y place wher it is depe and clere by þe grounde as grauel or clay w<HI REND="italic">i</HI>t<HI REND="italic">h</HI> owt<HI REND="italic">e</HI>n mudde or wedes and especiall yf þer be a werly wherly pyt of watur or a couerte as an holow banke or greyt rottes of treys or long wedys flotyng a boue þe watur wher þe fysche may cou<HI REND="italic">er</HI> hym at dyu<HI REND="italic">er</HI>se tymes Also in depe stiff stremys and yn falles of watur and weeres flode gates and mylle pittes and weyr þe watur restith by the banke &amp; þe streme renneyth nye þ<HI REND="italic">er</HI> by and ys dep &amp; clere by the grounde and yn oþ<HI REND="italic">er</HI> places wher he may se any fyche howvyng and fede a bove.</P>
</DIV2>
<DIV2 TYPE="part">
<HEAD>Wat tyme of þe day is best to angleyng.</HEAD>
<P>Ye schall wete þe best tyme is to angle from the be gynnyng of May vn to Septembr<HI REND="italic">e</HI> the byty<HI REND="italic">n</HI>g tyme ys erly by the morow from iiij at cloke vn to viij At aftur none from iiij vn to viij but not so good as is in þe morow And yf hyt be a colde westeling wynde and a darke lowryng day þan wyl þe fysche co<HI REND="italic">m</HI>mynly bite all day For a darke day is moche betur þen any oþer cleyr wedur from the be gynnyng of September vn to þe ende of Apryle spare no tyme of the day Also mony poyl fysche wyl bytte beste yn none
<PB N="20" REF="21"/>
tyme and yf ye se any tyme of the day þe trowyt or the graylyng lepe angle to hym w<HI REND="italic">i</HI>t<HI REND="italic">h</HI> a dub accordyng to the same moneth And wer the watur ebbyt and flowythe þe fysche wyll bite in some place at þe floode all aft<HI REND="italic">er</HI> þat þei haue restyng by hynd pilys or arches of briggs and oþer suche places</P>
</DIV2>
<DIV2 TYPE="part">
<HEAD>In wat wedur is best angleyng</HEAD>
<P>Ye schall angle as y seyde be for in darke lowryng wedur when the wynde blowethe softely and yn som<HI REND="italic">er</HI> seasen when hyt ys brennyng hote It is from September vn to Apryl and yn a feyr sonne day ys good to angle in And yf the wynde þat sesan haue any p<HI REND="italic">ar</HI>te of þe oriente northe þe wetur þen ys good and wen hyt ys a greyt wynde when hyt ys snowyt reynet or haylyth thonderyt or lightneth or also miuynge hoyt þ<HI REND="italic">a</HI>t ys not to angle</P>
</DIV2>
<DIV2 TYPE="part">
<HEAD>The xij Impedyme<HI REND="italic">n</HI>tes</HEAD>
<P>Wyche cause men to take no fyche w<HI REND="italic">i</HI>t<HI REND="italic">h</HI> oute oþir co<HI REND="italic">m</HI>myn causes wyche may casuelly hap The fyrst yf yowr harnes be not good and well made The ij<SUP>d</SUP> is yf ye angle not yn bytyng tyme The iij<SUP>d</SUP> yf þe fyche be a frayde w<HI REND="italic">i</HI>t<HI REND="italic">h</HI> ye syȝt of any man The iiij<SUP>the</SUP> yf þe watur be wery thilke whitte or redde as bye of any floyd falle
<PB N="21" REF="22"/>
late The v<SUP>d</SUP> yf the fyche styr not for colde or feyr The vi<SUP>te</SUP> is if þe watur be wery hote. The vij<SUP>th</SUP> yf it reyne The viij<SUP>th</SUP> yf hyt hayl or snowe The ix yf þ<HI REND="italic">er</HI> be any tempest of any veþ<HI REND="italic">er</HI> The x yf hyt be a greyt wynde by any coste The xij yf hyt be by the northe or north est or sowthe est for co<HI REND="italic">m</HI>menly neþ<HI REND="italic">er</HI> by wynt<HI REND="italic">er</HI> nor by som<HI REND="italic">er</HI> yf þe wynde haue any p<HI REND="italic">ar</HI>te of þys costes the fysche wyll not co<HI REND="italic">m</HI>mynly byte ne styre The weste and þe sowthe be ryght good ȝet of þe two þe sowth is þe bettur</P>
</DIV2>
<DIV2 TYPE="part">
<HEAD>Baytes to angle w<HI REND="italic">i</HI>t<HI REND="italic">h.</HI></HEAD>
<P>And now y haue tolde yow how to make ȝowr harnes and how ȝe schall fysche þ<HI REND="italic">er</HI> w<HI REND="italic">i</HI>t<HI REND="italic">h</HI> then reson wyll þat ye know w<HI REND="italic">i</HI>t<HI REND="italic">h</HI> wat baytys ye schall angle to eu<HI REND="italic">er</HI>y man<HI REND="italic">er</HI> freche watur fyche in eu<HI REND="italic">er</HI>y moneth of þe ȝer whiche ys pryncipall effecte of þys disport of angleyng w<HI REND="italic">i</HI>t<HI REND="italic">h</HI> owt wyche baytys knowen all ȝowr craftes heyr a foyr wryton a waileth litull or nowȝt to þe porpos for ye cannot brynge a hoke to a fyche mouthe but yf þ<HI REND="italic">er</HI> be mete ther on to hys plesur.</P>
</DIV2>
<DIV2 TYPE="part">
<HEAD>Bayt for þe samonde.</HEAD>
<P>And for be cause þe samond ys þe most goodly fyche þ<HI REND="italic">a</HI>t man may angle to in fresche watur þ<HI REND="italic">er</HI> for I porpos to be gynne w<HI REND="italic">i</HI>t<HI REND="italic">h</HI> hym The samond
<PB N="22" REF="23"/>
ys a gentyl fyche but he ys cu<HI REND="italic">m</HI>burs to take for co<HI REND="italic">m</HI>mynly he ys but yn ryght dep waturs and greyt Ryu<HI REND="italic">er</HI>es and for the moyr p<HI REND="italic">ar</HI>te he holdet þe mydul of þe streym þ<HI REND="italic">a</HI>t a man may not cu<HI REND="italic">m</HI> to hym easly and he ys in season from þe moneth of Marche vn to Mychelmas In wyche seson ye schall angul to hym w<HI REND="italic">i</HI>t<HI REND="italic">h</HI> þys bayt<HI REND="italic">es</HI> when þ<HI REND="italic">e</HI>y may be had fyrst w<HI REND="italic">i</HI>t<HI REND="italic">h</HI> a bleke like as ye do to þe trowt w<HI REND="italic">i</HI>t<HI REND="italic">h</HI> a menowe and w<HI REND="italic">i</HI>t<HI REND="italic">h</HI> a red worme in þe begynny<HI REND="italic">n</HI>g and þe endyng of þe seyde season and also w<HI REND="italic">i</HI>t<HI REND="italic">h</HI> a worme þ<HI REND="italic">a</HI>t bredyt yn a donghyll and especially w<HI REND="italic">i</HI>t<HI REND="italic">h</HI> a sou<HI REND="italic">er</HI>ent bayt þ<HI REND="italic">a</HI>t bredyt yn þe watur sokul but hyt bydyt not at þe grounde but at þe floot. Also ye may hap to take hym but hyt ys seldim seyn w<HI REND="italic">i</HI>t<HI REND="italic">h</HI> a dub at hys leping lyke as ye do a trowyt or a gralynge</P>
</DIV2>
<DIV2 TYPE="part">
<HEAD>For þe Trowte.</HEAD>
<P>The trowyt ys a deyntet fyche &amp; a fre bytyng he ys in þe season as þe season ys he wyl not be but yn cleyn grauel grounde watur and yn a streme and ye may angle to hym at all tymys w<HI REND="italic">i</HI>t<HI REND="italic">h</HI> a grownde lyne lying and rennyng sauyng yn lepy<HI REND="italic">n</HI>g tyme a þen w<HI REND="italic">i</HI>t<HI REND="italic">h</HI> a dubbe and erly wyth a erly grounde lyne and forþ<HI REND="italic">er</HI> moyr yn þe day w<HI REND="italic">i</HI>t<HI REND="italic">h</HI> a floyt lyne ye schall angle to hym marche w<HI REND="italic">i</HI>th a menew hangud by ȝowr hoke by þe neþ<HI REND="italic">er</HI>
<PB N="23" REF="24"/>
lyp w<HI REND="italic">i</HI>t<HI REND="italic">h</HI> owt floote or plumbe drawyng vp &amp; down in þe streym tyll ȝe feyl hym fast In þe same seson angle to hym w<HI REND="italic">i</HI>t<HI REND="italic">h</HI> a grownde lyne w<HI REND="italic">i</HI>t<HI REND="italic">h</HI> a red worme for þe mor sur In Apryle take þe same baytes also þe same seson take a pryde also þe canker wyche bredyt in a doke royt and þe red snayl In May take a ston flye and þe bub vndur þe cow torde and the dor worme and a bayt þ<HI REND="italic">a</HI>t bredyth on a pyne tre lefe In June take þe red worme &amp; nyp of þe hed &amp; put on þe hoke a codworme by foyr In Julye take þe litle red worme and þe codworme to gedur In August take þe flye þe lytyl red worme the herlesoke &amp; bynde þe hooke. In September take þe red worme &amp; þe meneys. In Octobr<HI REND="italic">e</HI> take þe same for þey be espe<HI REND="italic">c</HI>iall baytes for þe trowyt all tymys.</P>
<P>[From Aprill tyll Septembre þ<HI REND="italic">e</HI> trough lepyth. thenne angle to hym with a dubbyd hoke acor∣dynge to the moneth, whyche dubbyd hokys ye shall fynde in thende of this treatyse; and the monethys wyth theym.:</P>
<P>The grayllynge by a nother name callyd vmbre is a delycyous fysshe to mannys mouthe. And ye maye take hym lyke as ye doo the trought. And thyse ben his baytes. ¶ In Marche &amp; in
<PB N="24" REF="25"/>
Apryll the redde worme. ¶ In May the grene worme: a lytyll breyled worme: the docke canker. and the hawthorn worme. ¶ In June the bayte that bredyth betwene the tree &amp; the barke of an oke. ¶ In Juyll a bayte that bredyth on a fern̄ leyf: and the grete redde worme. And nyppe of the hede: and put on your hoke a codworme before. ¶ In August the redde worme: and a docke worme. And al the yere after a redde worme.</P>
<P>The barbyll is a swete fysshe, but it is a quasy meete &amp; a peryllous for mannys body. For comynly he yeuyth an introduxion to þ<HI REND="italic">e</HI> Febres And yf he be eten rawe: he maye be cause of mannys dethe: whyche hath oft be seen. Thyse be his baytes. ¶ In Marche &amp; in Apryll take fayr fresshe chese: and laye it on a borde &amp; kytte it in small square pecys of the lengthe of your hoke. Take thenne a candyl and brenne it on the ende at the poynt of your hoke tyll it be yelow. And then<HI REND="italic">n</HI>e bynde it on your hoke with fletchers sylke: and make it rough lyke a welbede. This bayte is good all the somer season. ¶ In May &amp; June take þ<HI REND="italic">e</HI> hawthorn̄ worme &amp; the grete redde worme. and nyppe of the heed. And put on your hoke a codworme before. &amp; that is a
<PB N="25" REF="26"/>
good bayte. In Juyll take the redde worme for cheyf &amp; the hawthorn̄ worm togyd<HI REND="italic">er.</HI> Also the water docke leyf worme &amp; the hornet worme togyder. ¶ In August &amp; for all the yere take the talowe of a shepe &amp; softe chese: of eche ylyke moche: and a lytyll hony &amp; grynde or stampe theym togyd<HI REND="italic">er</HI> longe. and tempre it tyll it be tough. And put therto floure a lytyll &amp; make it on smalle pellettys. And þ<HI REND="italic">at</HI> is a good bayte to angle wyth at the grounde And loke that it synke in the water. or ellys it is not good to this purpoos.</P>
<P>The carpe is a deyntous fysshe: but there ben but fewe in Englonde. And therfore I wryte the lasse of hym. He is an euyll fysshe to take. For he is soo stronge enarmyd in the mouthe that there maye noo weke harnays holde hym. And as touchynge his baytes I haue but lytyll knowlege of it And me were loth to wryte more than I knowe &amp; haue provyd But well I wote that the redde worme &amp; the menow ben good baytys for hym at all tymes as I haue herde saye of persones credyble &amp; also founde wryten in bokes of credence.</P>
<P>The cheuyn is a stately fysshe &amp; his heed is a deyty morsell. There is noo fysshe soo strongly
<PB N="26" REF="27"/>
enarmyd wyth scalys on the body. And bi cause he is a stronge byter he hathe the more baytes, which ben thyse. ¶ In Marche the redde worme at the grounde: For comynly thenne he woll byte there at all tymes of þ<HI REND="italic">e</HI> yere yf he be ony thinge hungry. ¶ In Apryll the dyche canker that bredith in the tree. A worme that bredith betwene the rynde &amp; the tree of an oke. The redde worme: and the yonge frosshys whan the fete ben kyt of. Also the stone flye the bobbe vnder the cowe torde: the redde snaylle. ¶ In May þ<HI REND="italic">e</HI> bayte that bredyth on the osyer leyf &amp; the docke canker togyd<HI REND="italic">er</HI> vpon your hoke. Also a bayte that bredyth on a fern̄ leyf: þ<HI REND="italic">e</HI> codworme. and a bayte that bredyth on an hawthorn̄ And a bayte that bredyth on an oke leyf &amp; a sylke worme and a cod worme togyder. ¶ In̄ June take the creket &amp; the dorre &amp; also a red worme: the heed kytte of &amp; a codworme before: and put theym on þ<HI REND="italic">e</HI> hoke. Also a bayte in the osyer leyf: yonge frosshys the thre fete kitte of by the body: &amp; the fourth by the knee. The bayte on the hawthorn̄ &amp; the codworme togyder &amp; a grubbe that bredyth in a dunghyll: and a grete greshop. ¶ In Juyll the greshop &amp; the humbylbee in the medow. Also yonge bees &amp; yonge hornettes.
<PB N="27" REF="28"/>
Also a grete brended flye that bredith in pathes of medowes &amp; the flye that is amonge pysmeers hyllys. ¶ In August take wortwormes &amp; magotes vnto Myghelmas. ¶ In Septembre the redde worme: &amp; also take the baytes whan ye may gete theym: that is to wyte, Cheryes: yonge myce not heeryd: &amp; the house combe.</P>
<P>The breeme is a noble fysshe &amp; a deyntous. And ye shall angle for hym from Marche vnto August wyth a redde worme: &amp; then<HI REND="italic">n</HI>e wyth a butter flye &amp; a grene flye. &amp; with a bayte that bredyth amonge grene rede: and a bayte that bredyth in the barke of a deed tree. ¶ And for bremettis: take maggotes. ¶ And fro that tyme forth all the yere after take the red worme: and in the ryuer browne breede. Moo baytes there ben but they ben not easy &amp; therfore I lete theym passe ouer.</P>
<P>A Tenche is a good fyssh: and heelith all manere of other fysshe that ben hurte yf they maye come to hym. He is the most parte of the yere in the mudde. And he styryth moost in June &amp; July: and in other seasons but lytyll. He is an euyll byter. his baytes ben thyse. For all the yere browne breede tostyd wyth hony in lyknesse of a butteryd loof: and the grete
<PB N="28" REF="29"/>
redde worme. And as for cheyf take the blacke blood in þ<HI REND="italic">e</HI> herte of a shepe &amp; floure and hony. And tempre theym all togyder somdeale softer than paast: &amp; anoynt therwyth the redde worme: bothe for this fysshe &amp; for other. And they woll byte moche the better therat at all tymes.</P>
<P>¶ The perche is a daynteuous fysshe &amp; passynge holsom and a free bytyng. Thise ben his baytes. In Marche the redde worme. In Aprill the bobbe vnder the cowe torde. In May the slothorn̄ worme &amp; the codworme. In June the bayte that bredith in an olde fallen oke &amp; the grete canker. In Juyll the bayte that bredyth on the osyer leyf &amp; the bobbe that bredeth on the dunghyll: and the hawthorn̄ worme &amp; the codworme. In August the redde worme &amp; maggotes. All the yere after the red worme as for the beste.</P>
<P>¶ The roche is an easy fysshe to take: And yf he be fatte &amp; pennyd thenne is he good meete. &amp; thyse ben his baytes. In Marche the most redy bayte is the red worme. In Apryll the bobbe vnder the cowe torde. In May the bayte þ<HI REND="italic">at</HI> bredyth on the oke leyf &amp; the bobbe in the dunghyll. In June the bayte that bredith on the osyer &amp; the codworme. In Juyll hous flyes. &amp; the bayte that bredith on an oke. and the
<PB N="29" REF="30"/>
notworme &amp; mathewes &amp; maggotes tyll Myghel∣mas. And after þ<HI REND="italic">at</HI> the fatte of bakon.</P>
<P>¶ The dace is a gentyll fysshe to take. &amp; yf it be well refet then̄ is it good meete. In Marche his bayte is a redde worme. In Apryll the bobbe vnder the cowe torde. In May the docke canker &amp; the bayte on þ<HI REND="italic">e</HI> slothorn̄ &amp; on the oken leyf. In June the codworme &amp; the bayte on the osyer and the whyte grubbe in þ<HI REND="italic">e</HI> dunghyll. In Juyll take hous flyes &amp; flyes that brede in pysmer hylles: the codworme &amp; maggotes vnto Mighel∣mas. And yf the water be clere ye shall take fysshe whan other take none And fro that tyme forth doo as ye do for the roche. For comynly theyr bytynge &amp; theyr baytes ben lyke.</P>
<P>¶ The bleke is but a feble fysshe. yet he is holsom His baytes from Marche to Myghelmas be the same that I haue wryten before. For the roche &amp; darse sauynge all the somer season asmoche as ye maye angle for hym wyth an house flye: &amp; in wynter season w<HI REND="italic">i</HI>t<HI REND="italic">h</HI> bakon &amp; other bayte made as ye herafter may know. ¶ The ruf is ryght an holsom fysshe: And ye shall angle to him wyth the same baytes in al seasons of the yere &amp; in the same wise as I haue tolde you of the perche: for they ben lyke in fysshe &amp; fedinge, sauynge
<PB N="30" REF="31"/>
the ruf is lesse. And therfore he must haue þ<HI REND="italic">e</HI> smaller bayte.</P>
<P>¶ The flounder is an holsom fisshe &amp; a free. and a subtyll byter in his manere: For comynly whan he soukyth his meete he fedyth at grounde. &amp; therfore ye must angle to hym wyth a grounde lyne lyenge. And he hath but one manere of bayte. &amp; that is a red worme. which is moost cheyf for all manere of fysshe. ¶ The gogen is a good fisshe of the mochenes: &amp; he byteth wel at the grounde. And his baytes for all the yere ben thyse. þ<HI REND="italic">e</HI> red worme: cod worme: &amp; maggotes. And ye must angle to him w<HI REND="italic">i</HI>t<HI REND="italic">h</HI> a flote. &amp; lete your bayte be nere þ<HI REND="italic">e</HI> botom or ellis on þ<HI REND="italic">e</HI> gron̄de.</P>
<P>¶ The menow whan he shynith in the water then is he byttyr And though his body be lytyll yet he is a rauenous biter &amp; an egre. And ye shall angle to hym wyth the same baytes that ye doo for the gogyn: sauynge they must be smalle.</P>
<P>¶ The ele is a quasy fysshe a rauenour &amp; a deuourer of the brode of fysshe. And for the pyke also is a deuourer of fysshe I put them bothe behynde all other to angle. For this ele ye shall fynde an hole in the grounde of the water. &amp; it is blewe blackysshe there put in your
<PB N="31" REF="32"/>
hoke tyll that it be a fote wythin þ<HI REND="italic">e</HI> hole. and your bayte shall be a grete angyll twytch or a menow.</P>
<P>¶ The pyke is a good fysshe: but for he deuouryth so many as well of his owne kynde as of other: I loue hym the lesse. &amp; for to take hym ye shall doo thus. Take a codlynge hoke: &amp; take a roche or a fresshe heering &amp; a wyre wyth an hole in the ende: &amp; put it in at the mouth &amp; out at the taylle downe by the ridge of the fresshe heeryng. And thenne put the lyne of your hoke in after. &amp; drawe the hoke in to the cheke of þ<HI REND="italic">e</HI> fresshe heeryng. Then̄ put a plumbe of lede vpon your lyne a yerde longe from youre hoke &amp; a flote in mydwaye betwene: &amp; caste it in a pytte where the pyke vsyth. And this is the beste &amp; moost surest crafte of takynge the pyke. ¶ A nother manere takyne of hym there is. Take a frosshe &amp; put it on your hoke at the necke bytwene the skynne &amp; the body on þ<HI REND="italic">e</HI> backe half: &amp; put on a flote a yerde ther fro: &amp; caste it where the pyke hauntyth &amp; ye shall haue hym. ¶ A nother manere. Take the same bayte &amp; put it in Asa fetida &amp; cast it in the water wyth a corde &amp; a corke: &amp; ye shall not fayll of hym. And yf ye lyst to haue a good sporte: thenne tye the
<PB N="32" REF="33"/>
corde to a gose fote: &amp; ye shall se god halynge whether the gose or the pyke shall haue the better.</P>
<P>Now ye wote with what baytes &amp; how ye shall angle to euery manere fysshe. Now I woll tell you how ye shall kepe and fede your quycke baytes Ye shall fede and kepe them all in generall: but euery manere by hymself wyth suche thyng, in and on whiche they brede. And as longe as they ben quycke &amp; newe they ben fyne. But whan they ben in a slough or elles deed thenne ben they nought. Oute of thyse ben excepted thre brodes: That is to wyte of hornettys: humbylbees. &amp; waspys. whom ye shall bake in breede &amp; after dyppe theyr heedes in blode &amp; lete them drye. Also excepte maggotes: whyche whan thei ben bredde grete wyth theyr naturell fedynge: ye shall fede theym ferthermore wyth shepes talow &amp; wyth a cake made of floure &amp; hony. thenne woll they be more grete. And whan ye haue clensyd theym wyth sonde in a bagge of blanket kepte hote vnder your gowne or other warm thyng two houres or thre. then̄ ben they beste &amp; redy to angle wyth. And of the frosshe kytte þ<HI REND="italic">e</HI> legge by the knee. of the grasshop the leggys &amp; wynges by the body. ¶ Thyse ben baytes made to laste all the yere. Fyrste been floure &amp;
<PB N="33" REF="34"/>
lene flesshe of the hepis of a cony or of a catte: virgyn wexe &amp; shepys talowe: and braye theym in a morter: And thenne tempre it at the fyre wyth a lytyll puryfyed hony: &amp; soo make it vp in lytyll ballys &amp; bayte therwyth your hokys after theyr quantyte. &amp; this is a good bayte for all manere fresshe fysshe.</P>
<P>¶ A nother. take the sewet of a shepe &amp; chese in lyke quantyte: &amp; braye theim togider longe in a mortere: And take thenne floure &amp; tempre it therwyth. and after that alaye it wyth hony &amp; make ballys therof. and that is for the barbyll in especyall.</P>
<P>¶ A nother for darse. &amp; roche &amp; bleke. take whete &amp; sethe it well &amp; thenne put it in blood all a daye &amp; a nyghte. and it is a good bayte.</P>
<P>¶ For baytes for grete fyssh kepe specyally this rule. Whan ye haue take a grete fysshe: vndo the mawe. &amp; what ye finde therin make that your bayte: for it is beste.</P>
<P>¶ Thyse ben the .xij. flyes wyth whyche ye shall angle to þ<HI REND="italic">e</HI> trought &amp; grayllyng, and dubbe lyke as ye shall now here me tell.</P>
<DIV3 TYPE="month">
<HEAD>¶ Marche.</HEAD>
<P>The donne flye the body of the donne woll &amp; the wyngis of the pertryche. A nother doone
<PB N="34" REF="35"/>
flye. the body of blacke woll: the wynges of the blackyst drake: and the Iay vnd<HI REND="italic">er</HI> the wynge &amp; vnder the tayle.</P> 
</DIV3>
<DIV3 TYPE="month">
<HEAD>¶ Apryll.</HEAD>
<P>¶ The stone flye. the body of blacke wull: &amp; yelowe vnder the wynge. &amp; vnder the tayle &amp; the wynges of the drake. In the begynnynge of May a good flye. the body of roddyd wull and lappid abowte wyth blacke sylke: the wynges of the drake &amp; of the redde capons hakyll.</P> 
</DIV3>
<DIV3 TYPE="month">
<HEAD>¶ May.</HEAD>
<P>¶ The yelow flye. the body of yelow wull: the wynges of the redde cocke hakyll &amp; of the drake lyttyd yelow. The blacke louper. the body of blacke wull &amp; lappyd abowte wyth the herle of þ<HI REND="italic">e</HI> pecok tayle: &amp; the wynges of þe redde capon w<HI REND="italic">i</HI>t<HI REND="italic">h</HI> a blewe heed.</P>
</DIV3>
<DIV3 TYPE="month">
<HEAD>¶ Iune.</HEAD> 
<P>¶ The donne cutte: the body of blacke wull &amp; a yelow lyste after eyther syde: the wynges of the bosarde bounde on with barkyd hempe. The maure flye. the body of doske wull the wynges of the blackest mayle of the wylde drake. The tandy flye at saynt Wyllyams daye. the body of tandy wull &amp; the wynges contrary eyther ayenst other of the whitest mayle of þ<HI REND="italic">e</HI> wylde drake.</P>
</DIV3>
<DIV3 TYPE="month">
<HEAD>¶ Iuyll.</HEAD>
<P>¶ The waspe flye. the body of blacke wull &amp; lappid abowte w<HI REND="italic">i</HI>t<HI REND="italic">h</HI> yelow threde: the winges of
<PB N="35" REF="36"/>
the bosarde. The shell flye at saynt Thomas daye. the body of grene wull &amp; lappyd abowte wyth the herle of the pecoks tayle: wynges of the bosarde.</P>
</DIV3>
<DIV3 TYPE="month">
<HEAD>¶ August.</HEAD> 
<P>¶ The drake flye. the body of blacke wull &amp; lappyd abowte wyth blacke sylke: wynges of the mayle of the blacke drake wyth a blacke heed.</P>
<P>¶ Thyse fygures are put here in ensample of your hokes.</P>
</DIV3>
</DIV2>
<DIV2 TYPE="part">
<HEAD>¶ Here folowyth the order made to all those whiche shall haue the vnderstondynge of this forsayde treatyse &amp; vse it for theyr pleasures.</HEAD>
<P>Ye that can angle &amp; take fysshe to your plesures as this forsayd treatyse techyth &amp; shewyth you: I charge &amp; requyre you in the name of alle noble men that ye fysshe not in noo poore mannes seuerall water: as his ponde: stewe: or other necessary thynges to kepe fysshe in wythout his lycence &amp; good wyll. ¶ Nor that ye vse not to breke noo mannys gynnys lyenge in theyr weares &amp; in other places due vnto theym. Ne to take the fysshe awaye that is taken in theym. For after a fysshe is taken in a mannys gynne yf the gynne be layed in the comyn waters: or elles in suche waters as he hireth, it is his owne propre
<PB N="36" REF="37"/>
goodes. And yf ye take it awaye ye robbe hym: whyche is a ryght shamfull dede to ony noble man to do þ<HI REND="italic">at</HI> that theuys &amp; brybours done: whyche are punysshed for theyr euyll dedes by the necke &amp; otherwyse whan they maye be aspyed &amp; taken. And also yf ye doo in lyke manere as this treatise shewyth you: ye shal haue no nede to take of other men̄ys: whiles ye shal haue ynough of yowr owne takyng yf ye lyste to labour therfore. whyche shall be to you a very pleasure to se the fayr bryght shynynge scalyd fysshes dysceyued by your crafty meanes and drawen vpon londe. ¶ Also that ye breke noo mannys heggys in goynge abowte your dysportes: ne opyn noo mannes gates but that ye shytte theym agayn. ¶ Also ye shall not vse this for∣sayd crafty dysporte for no couetysenes to then-creasynge &amp; sparynge of your money oonly, but pryncypally for your solace &amp; to cause the helthe of your body. and specyally of your soule. For whanne ye purpoos to goo on your disportes in fysshyng ye woll not desyre gretly many persones wyth you. whiche myghte lette you of your game. And thenne ye maye serue god deuowtly in sayenge affectuously youre custumable prayer. And thus doynge ye shall eschewe &amp; voyde many
<PB N="37" REF="38"/>
vices. as ydylnes whyche is pryncypall cause to enduce man to many other vyces. as it is ryght well knowen. ¶ Also ye shall not be to rauenous in takyng of your sayd game as to moche at one tyme: whiche ye maye lyghtly doo yf ye doo in euery poynt as this present treatyse shewyth you in euery poynt. whyche sholde lyghtly be occasyon to dystroye your owne dysportes &amp; other mennys also. As whan ye haue a suffycyent mese ye sholde coueyte nomore as at that tyme. ¶ Also ye shall besye yourselfe to nouryssh the game in all that ye maye: &amp; to dystroye all suche thynges as ben deuourers of it. ¶ And all those that done after this rule shall haue the blessynge of god &amp; saynt Peter, whyche he theym graunte that wyth his precyous blood vs boughte.</P>
<P>¶ And for by cause that this present treatyse sholde not come to the hondys of eche ydle persone whyche wolde desire it yf it were enpryntyd allone by itself &amp; put in a lytyll plaunflet therfore I haue compylyd it in a greter volume of dyuerse bokys concernynge to gentyll &amp; noble men to the entent that the forsayd ydle persones whyche sholde haue but lytyll mesure in the sayd dysporte of fysshyng sholde not by this meane vtterly dystroye it</P>
<PB REF="39"/>
</DIV2>
</DIV1>
</BODY>
</TEXT>
</EEBO>
</ETS>
