<DLPSTEXTCLASS><HEADER><FILEDESC><TITLESTMT><TITLE TYPE="245">Robert Henryson's The minor poems of Robert Henryson</TITLE><AUTHOR>Henryson, Robert, 1430?-1506?</AUTHOR></TITLESTMT><EXTENT>ca. 50 kilobytes</EXTENT><PUBLICATIONSTMT><DISTRIBUTOR>University of Michigan, Humanities Text Initiative</DISTRIBUTOR><IDNO TYPE="dlps">HenMino</IDNO><AVAILABILITY><P>Available at URL http://www.hti.umich.edu/c/cme/</P><P>Available from: Oxford Text Archive, U*-243-A</P></AVAILABILITY><DATE>1993</DATE></PUBLICATIONSTMT><SOURCEDESC><BIBLFULL><TITLESTMT><TITLE>The poems of Robert Henryson</TITLE><AUTHOR>Robert Henryson</AUTHOR><EDITOR>G. Gregory Smith</EDITOR></TITLESTMT><EXTENT>3 v. : ill., facsims. ; cm. 23</EXTENT><PUBLICATIONSTMT><PUBLISHER>Printed for the Society by W. Blackwood and sons</PUBLISHER><PUBPLACE>Edinburgh and London</PUBPLACE><DATE>1906-1914</DATE></PUBLICATIONSTMT><SERIESSTMT><TITLE>Scot. Text S. ; v. 55, 58, 64</TITLE></SERIESSTMT><NOTESSTMT><NOTE>This vol. is number 58 in the Scot. Text S.</NOTE><NOTE>Includes indexes</NOTE></NOTESSTMT></BIBLFULL></SOURCEDESC></FILEDESC><ENCODINGDESC><EDITORIALDECL N="4"><P>Front and back matter from printed edition not included.</P><P>Editorial notes from printed edition not included in electronic edition.</P></EDITORIALDECL></ENCODINGDESC><PROFILEDESC><CREATION><DATE>c. 1480</DATE></CREATION></PROFILEDESC></HEADER><TEXT><BODY><EPB/><PB N="91"/><DIV1 NODE="HenMino:1" TYPE="poem"><HEAD>Robene and makyne</HEAD><LG TYPE="stanza"><L N="1">Robene sat on gud grene hill</L><L N="2">Kepand a flok of fe</L><L N="3">Mirry makyne said him till</L><L N="4">Robene thow rew on me</L><L N="5">I haif the lovit lowd and still</L><L N="6">Thir zeiris two or thre</L><L N="7">My dule in dern bot gif thow dill</L><L N="8">Dowtles but dreid i de</L></LG><LG TYPE="stanza"><L N="9">Robene ansuerit be the rude</L><L N="10">Na thing of lufe i knaw</L><L N="11">Bot keipis my scheip vndir zone wid</L><L N="12">Lo quhair thay raik on raw</L><L N="13">Quhat hes marrit the in thy mude</L><L N="14">Makyne to me thow schaw</L><L N="15">Or quhat is lufe or to be lude</L><L N="16">Fane wald i leir that law</L></LG><LG TYPE="stanza"><L N="17">At luvis lair gife thow will leir</L><L N="18">Tak thair ane a b c</L><L N="19">Be heynd courtas and fair of feir</L><L N="20">Wyse hardy and fre</L><L N="21">So that no denger do the deir</L><L N="22">Quhat dule in dern thow dre</L><L N="23">Preis the with pane at all poweir</L><L N="24">Be patient and previe</L></LG><EPB/><PB N="91"/><LG TYPE="stanza"><L N="25">Robene ansuerit hir agane</L><L N="26">I wait nocht quhat is luve</L><L N="27">Bot i haif mervell in certane</L><L N="28">Quhat makis the this wanrufe</L><L N="29">The weddir is fair and i am fane</L><L N="30">My scheip gois haill aboif</L><L N="31">And we wald play ws in this plane</L><L N="32">Thay wald ws bayth reproif</L></LG><LG TYPE="stanza"><L N="33">Robene tak tent vnto my taill</L><L N="34">And wirk all as i reid</L><L N="35">And thow sall haif my hairt all haill</L><L N="36">Eik and my madinheid</L><L N="37">Sen god sendis bute for baill</L><L N="38">And for mvrning remeid</L><L N="39">I dern with the bot gif i daill</L><L N="40">Dowtles i am bot deid</L></LG><LG TYPE="stanza"><L N="41">Makyne to morne this ilk a tyde</L><L N="42">And ze will meit me heir</L><L N="43">Perauenture my scheip ma gang besyd</L><L N="44">Quhill we haif liggit full neir</L><L N="45">Bot mawgre haif i and i byd</L><L N="46">Fra thay begin to steir</L><L N="47">Quhat lyis on hairt i will nocht hyd</L><L N="48">Makyn than mak gud cheir</L></LG><LG TYPE="stanza"><L N="49">Robene thow reivis me roif and rest</L><L N="50">I luve bot the allone</L><L N="51">Makyne adew the sone gois west</L><L N="52">The day is neir hand gone</L><L N="53">Robene in dule i am so drest</L><L N="54">That lufe wilbe my bone</L><L N="55">Ga lufe makyne quhair evir thow list</L><L N="56">For lemman i bid none</L></LG><EPB/><PB N="92"/><LG TYPE="stanza"><L N="57">Robene i stand in sic a styll</L><L N="58">I sicht and that full sair</L><L N="59">Makyne i haif bene heir this quhyle</L><L N="60">At hame god gif i wair</L><L N="61">My huny robene talk ane quhyll</L><L N="62">Gif thow will do na mair</L><L N="63">Makyne sum vthir man begyle</L><L N="64">For hamewart i will fair</L></LG><LG TYPE="stanza"><L N="65">Robene on his wayis went</L><L N="66">Als licht as leif of tre</L><L N="67">Mawkin mvrnit in hir intent</L><L N="68">And trowd him nevir to se</L><L N="69">Robene brayd attour the bent</L><L N="70">Than mawkyne cryit on hie</L><L N="71">Now ma thow sing for i am schent</L><L N="72">Quhat alis lufe at me</L></LG><LG TYPE="stanza"><L N="73">Mawkyne went hame withowttin faill</L><L N="74">Full wery eftir cowth weip</L><L N="75">Than robene in a ful fair daill</L><L N="76">Assemblit all his scheip</L><L N="77">Be that sum pairte of mawkynis aill</L><L N="78">Outthrow his hairt cowd creip</L><L N="79">He fallowit hir fast thair till assaill</L><L N="80">And till hir tuke gude keip</L></LG><LG TYPE="stanza"><L N="81">Abyd abyd thow fair makyne</L><L N="82">A word for ony thing</L><L N="83">For all my luve it salbe thyne</L><L N="84">Withowttin depairting</L><L N="85">All haill thy harte for till haif myne</L><L N="86">Is all my cuvating</L><L N="87">My scheip to morne quhill houris nyne</L><L N="88">Will neid of no keping</L></LG><EPB/><PB N="93"/><LG TYPE="stanza"><L N="89">Robene thow hes hard soung and say</L><L N="90">In gestis and storeis auld</L><L N="91">The man that will nocht quhen he may</L><L N="92">Sall haif nocht quhen he wald</L><L N="93">I pray to iesu every day</L><L N="94">Mot eik thair cairis cauld</L><L N="95">That first preists with the to play</L><L N="96">Be firth forrest or fawld</L></LG><LG TYPE="stanza"><L N="97">Makyne the nicht is soft and dry</L><L N="98">The wedder is warme and fair</L><L N="99">And the grene woid rycht neir ws by</L><L N="100">To walk attour all quhair</L><L N="101">Thair ma na ianglour ws espy</L><L N="102">That is to lufe contrair</L><L N="103">Thairin makyne bath ze and i</L><L N="104">Vnsene we ma repair</L></LG><LG TYPE="stanza"><L N="105">Robene that warld is all away</L><L N="106">And quyt brocht till ane end</L><L N="107">And nevir agane thairto perfay</L><L N="108">Sall it be as thow wend</L><L N="109">For of my pane thow maid it play</L><L N="110">And all in vane i spend</L><L N="111">As thow hes done sa sall i say</L><L N="112">Mvrne on i think to mend</L></LG><LG TYPE="stanza"><L N="113">Mawkyne the howp of all my heill</L><L N="114">My hairt on the is sett</L><L N="115">And evirmair to the be leill</L><L N="116">Quhill i may leif but lett</L><L N="117">Nevir to faill as vthiris feill</L><L N="118">Quhat grace that evir i gett</L><L N="119">Robene with the i will nocht deill</L><L N="120">Adew for thus we mett</L></LG><EPB/><PB N="94"/><LG TYPE="stanza"><L N="121">Malkyne went hame blyth annewche</L><L N="122">Attour the holttis hair</L><L N="123">Robene mvrnit and malkyne lewche</L><L N="124">Scho sang he sichit sair</L><L N="125">And so left him bayth wo and wewche</L><L N="126">In dolour and in cair</L><L N="127">Kepand his hird vnder a huche</L><L N="128">Amangis the holtis hair</L><L>(quod mr robert henrysone)</L></LG></DIV1><EPB/><PB N="96"/><DIV1 NODE="HenMino:2" TYPE="poem"><HEAD>The Bludy Serk</HEAD><LG TYPE="stanza"><L N="1">This hindir zeir i hard be tald</L><L N="2">Thair was a worthy king</L><L N="3">Dukis erlis and barronis bald</L><L N="4">He had at his bidding</L><L N="5">The lord was anceane and ald</L><L N="6">And sexty zeiris cowth ring</L><L N="7">He had a dochter fair to fald</L><L N="8">A lusty lady zing</L></LG><LG TYPE="stanza"><L N="9">Off all fairheid scho bur the flour</L><L N="10">And eik hir faderis air</L><L N="11">Off lusty laitis and he honour</L><L N="12">Meik bot and debonair</L><L N="13">Scho wynnit in a bigly bour</L><L N="14">On fold wes none so fair</L><L N="15">Princis luvit hir paramour</L><L N="16">In cuntreis our-allquhair</L></LG><LG TYPE="stanza"><L N="17">Thair dwelt alyt besyde the king</L><L N="18">A fowll gyane of ane</L><L N="19">Stollin he hes the lady zing</L><L N="20">Away with hir is gane <EPB/><PB N="97"/></L><L N="21">And kest hir in his dungering</L><L N="22">Quhair licht scho micht se nane</L><L N="23">Hungir and cauld and grit thristing</L><L N="24">Scho fand in to hir wane</L></LG><LG TYPE="stanza"><L N="25">He wes the laithliest on to luk</L><L N="26">That on the grund mycht gang</L><L N="27">His nailis wes lyk ane hellis cruk</L><L N="28">Thairwith fyve quarteris lang</L><L N="29">Thair wes nane that he ourtuk</L><L N="30">In rycht or zit in wrang</L><L N="31">Bot all in schondir he thame schuke</L><L N="32">The gyane wes so strang</L></LG><LG TYPE="stanza"><L N="33">He held the lady day and nycht</L><L N="34">Within his deip dungeoun</L><L N="35">He wald nocht gif of hir a sicht</L><L N="36">For gold nor zit ransoun</L><L N="37">Bot gife the king mycht get a knycht</L><L N="38">To fecht with his persoun</L><L N="39">To fecht with him both day and nycht</L><L N="40">Quhill ane wer dungin doun</L></LG><LG TYPE="stanza"><L N="41">The king gart seik baith fer and neir</L><L N="42">Beth be se and land</L><L N="43">Off ony knycht gife he micht heir</L><L N="44">Wald fecht with that gyand</L><L N="45">A worthy prince that had no peir</L><L N="46">Hes tane the deid on hand</L><L N="47">For the luve of the lady cleir</L><L N="48">And held full trew cunnand</L></LG><EPB/><PB N="98"/><LG TYPE="stanza"><L N="49">That prince come prowdly to the toun</L><L N="50">Of that gyane to heir</L><L N="51">And fawcht with him his awin persoun</L><L N="52">And tuke him presoneir</L><L N="53">And kest him in his awin dungeoun</L><L N="54">Allane withouttin feir</L><L N="55">With hungir cauld and confusioun</L><L N="56">As full weill worthy weir</L></LG><LG TYPE="stanza"><L N="57">Syne brak the bour had hame the bricht</L><L N="58">Vnto hir fadir deir</L><L N="59">Sa evill wondit was the knycht</L><L N="60">That he behuvit to de</L><L N="61">Vnlusum was his likame dicht</L><L N="62">His sark was all bludy</L><L N="63">In all the warld was thair a wicht</L><L N="64">So peteous for to sy</L></LG><LG TYPE="stanza"><L N="65">The lady murnyt and maid grit mone</L><L N="66">With all hir mekle micht</L><L N="67">I luvit nevir lufe bot one</L><L N="68">That dulfully now is dicht</L><L N="69">God sen my lyfe wer fra me tone</L><L N="70">Or i had sene zone sicht</L><L N="71">Or ellis in begging evir to gone</L><L N="72">Furth with zone curtas knycht</L></LG><LG TYPE="stanza"><L N="73">He said fair lady now mone i de</L><L N="74">Trestly ze me trow</L><L N="75">Tak ze my sark that is bludy</L><L N="76">And hing it forrow zow <EPB/><PB N="99"/></L><L N="77">First think on it and syne on me</L><L N="78">Quhen men cumis zow to wow</L><L N="79">The lady said be mary fre</L><L N="80">Thairto i mak a wow</L></LG><LG TYPE="stanza"><L N="81">Quhen that scho lukit to the serk</L><L N="82">Scho thocht on the persoun</L><L N="83">And prayit for him with all hir harte</L><L N="84">That lowsd hir of bandoun</L><L N="85">Quhair scho was wont to sit full merk</L><L N="86">In that deip dungeoun</L><L N="87">And evir quhill scho wes in quert</L><L N="88">That was hir a lessoun</L></LG><LG TYPE="stanza"><L N="89">Sa weill the lady luvit the knycht</L><L N="90">That no man wald scho tak</L><L N="91">Sa suld we do our god of micht</L><L N="92">That did all for ws mak</L><L N="93">Quhilk fullely to deid wes dicht</L><L N="94">For sinfull manis saik</L><L N="95">Sa suld we do both day and nycht</L><L N="96">And prayaris to him mak</L></LG><DIV2 NODE="HenMino:2.1" TYPE="moralitas"><HEAD>Moralitas</HEAD><LG TYPE="stanza"><L N="97">This king is lyke the trinitie</L><L N="98">Baith in hevin and heir</L><L N="99">The manis saule to the lady</L><L N="100">The gyane to lucefeir</L><L N="101">The knycht to chryst that deit on tre</L><L N="102">And coft our synnis deir</L><L N="103">The pit to hell with panis fell</L><L N="104">The syn to the woweir</L></LG><EPB/><PB N="100"/><LG TYPE="stanza"><L N="105">The lady was wowd bot scho said nay</L><L N="106">With men that wald hir wed</L><L N="107">Sa suld we wryth all syn away</L><L N="108">That in our breist is bred</L><L N="109">I pray to iesu chryst verrey</L><L N="110">For ws his blud that bled</L><L N="111">To be our help on domysday</L><L N="112">Quhair lawis ar straitly led</L></LG><LG TYPE="stanza"><L N="113">The saule is godis dochtir deir</L><L N="114">And eik his handewerk</L><L N="115">That was betrasit with lucifeir</L><L N="116">Quha sittis in hell full merk</L><L N="117">Borrowit with chrystis angell cleir</L><L N="118">Hend men will ze nocht herk</L><L N="119">For his lufe that bocht ws deir</L><L N="120">Think on the bludy serk</L><L N="121">(ffinis quod mr r. henrici)</L></LG></DIV2></DIV1><EPB/><PB N="102"/><DIV1 NODE="HenMino:3" TYPE="poem"><HEAD>The garmont of gud ladeis</HEAD><LG TYPE="stanza"><L N="1">Wald my gud lady lufe me best</L><L N="2">And wirk eftir my will</L><L N="3">I suld ane garmond gudliest</L><L N="4">Gar mak hir body till</L></LG><LG TYPE="stanza"><L N="5">Off he honour suld be hir hud</L><L N="6">Vpoun hir heid to weir</L><L N="7">Garneist with gouirnance so gud</L><L N="8">Na demyng suld hir deir</L></LG><LG TYPE="stanza"><L N="9">Hir sark suld be hir body nixt</L><L N="10">Of chestetie so quhyt</L><L N="11">With schame and dreid togidder mixt</L><L N="12">The same suld be perfyt</L></LG><LG TYPE="stanza"><L N="13">Hir kirtill suld be of clene constance</L><L N="14">Lasit with lesum lufe</L><L N="15">The mailzeis of continwance</L><L N="16">For nevir to remvfe</L></LG><LG TYPE="stanza"><L N="17">Hir gown suld be of gudlines</L><L N="18">Weill ribband with renowne</L><L N="19">Purfillit with plesour in ilk place</L><L N="20">Furrit with fyne fassoun</L></LG><EPB/><PB N="103"/><LG TYPE="stanza"><L N="21">Hir belt suld be of benignitie</L><L N="22">Abowt hir middill meit</L><L N="23">Hir mantill of humilitie</L><L N="24">To tholl bayth wind and weit</L></LG><LG TYPE="stanza"><L N="25">Hir hat suld be of fair having</L><L N="26">And hir tepat of trewth</L><L N="27">Hir patelet of gud pansing</L><L N="28">Hir hals ribbane of rewth</L></LG><LG TYPE="stanza"><L N="29">Hir slevis suld be of esperance</L><L N="30">To keip hir fra dispair</L><L N="31">Hir gluvis of gud gouirnance</L><L N="32">To gyd hir finzearis fair</L></LG><LG TYPE="stanza"><L N="33">Hir schone suld be of sickernes</L><L N="34">In syne that scho nocht slyd</L><L N="35">Hir hois of honestie i ges</L><L N="36">I suld for hir provyd</L></LG><LG TYPE="stanza"><L N="37">Wald scho put on this garmond gay</L><L N="38">I durst sweir by my seill</L><L N="39">That scho woir nevir grene nor gray</L><L N="40">That set hir half so weill</L></LG></DIV1><EPB/><PB N="107"/><DIV1 NODE="HenMino:4" TYPE="poem"><HEAD>The prais of aige</HEAD><LG TYPE="stanza"><L N="1">Wythin a garth vnder a rede rosere</L><L N="2">Ane ald man and decrepit herd i syng</L><L N="3">Gay was the note suete was the voce and clere</L><L N="4">It was grete ioy to here of sik a thing</L><L N="5">And to my dome he said in his dytyng</L><L N="6">For to be yong i wald not for my wis</L><L N="7">Off all this warld to mak me lord and king</L><L N="8">The more of age the nerar hevynnis blis</L></LG><LG TYPE="stanza"><L N="9">False is this warld and full of variance</L><L N="10">Besoucht with syn and othir sytis mo</L><L N="11">Treuth is all tynt gyle has the gouuernance</L><L N="12">Wrechitnes has wroht all welthis wele to wo</L><L N="13">Fredome is tynt and flemyt the lordis fro</L><L N="14">And couatise is all the cause of this</L><L N="15">I am content that youthede is ago</L><L N="16">The more of age the nerar hevynnis blisse</L></LG><EPB/><PB N="108"/><LG TYPE="stanza"><L N="17">The state of youth i repute for na gude</L><L N="18">For in that state sik perilis now i see</L><L N="19">Bot full smal grace the regeing of his blude</L><L N="20">Can none gaynstand quhill that he agit be</L><L N="21">Syne of the thing that tofore ioyit he</L><L N="22">Nothing remaynis for tobe callit his</L><L N="23">For quhy it were bot veray vanitee</L><L N="24">The more of age the nerar hevynnis blisse</L></LG><LG TYPE="stanza"><L N="25">Suld no man traist this wrechit warld for quhy</L><L N="26">Of erdly ioy ay sorow is the end</L><L N="27">The state of it can noman certify</L><L N="28">This day a king to morne na gude to spend</L><L N="29">Quhat haue we here bot grace vs to defend</L><L N="30">The quhilk god grant vs for to mend oure mys</L><L N="31">That to his glore he may oure saulis send</L><L N="32">The more of age the nerar hevynnis blisse</L></LG></DIV1><EPB/><PB N="118"/><DIV1 NODE="HenMino:5" TYPE="poem"><HEAD>The ressoning betuix aige and zowth</HEAD><LG TYPE="stanza"><L><HI1 REND="i">Zowth</HI1></L><L N="1">Quhen fair flora the godes of the flouris</L><L N="2">Baith firth and feildis freschly had ourfrete</L><L N="3">And perly droppis of the balmy schouris</L><L N="4">Thir widdis grene had with thair watter wete</L><L N="5">Movand allone in mornyng myld i mete</L><L N="6">A mirry man that all of mirth cowth mene</L><L N="7">Singand this sang that suttellie wes set</L><L N="8">O zowth be glaid in to thi flouris grene</L></LG><LG TYPE="stanza"><L><HI1 REND="i">Aige</HI1></L><L N="9">I lukit furth a litill me before</L><L N="10">I saw a cative on a club cumand</L><L N="11">With cheikis lene and lyart lokis hore</L><L N="12">His ene wes how his voce wes hes hostand</L><L N="13">Wallowit and wan and waik as ony wand</L><L N="14">Ane bill he bure vpoun his breist abone</L><L N="15">In letteres leill but les with this legend</L><L N="16">O zowth thi flouris fedis ferly sone</L></LG><LG TYPE="stanza"><L><HI1 REND="i">Zowth</HI1></L><L N="17">This zungman lap vpoun the land full lycht</L><L N="18">And mervellit mekle of his misdome maid</L><L N="19">Waldin i am quod he and windir wycht</L><L N="20">With bran as bair and breist burly and braid</L><L N="21">Na grwme on grund my gardoun may degraid</L><L N="22">Nor of my pith may pair wirth half a prene</L><L N="23">My face is fair my figour will nocht faid</L><L N="24">O zowth be glaid in to thi flouris grene</L></LG><EPB/><PB N="119"/><LG TYPE="stanza"><L><HI1 REND="i">Aige</HI1></L><L N="25">This senzeour sang bot with a sobir stevin</L><L N="26">Schakand his berd he said my bairne lat be</L><L N="27">I wes within thir sexty zeiris and sevin</L><L N="28">Ane freik on fold bayth frak forsy and fre</L><L N="29">Als glad als gay als zung als zaip as ze</L><L N="30">Bot now that day is ourdrevin and done</L><L N="31">Luk thow my laythly lycome gif i le</L><L N="32">O zowth thy flouris fadis ferly sone</L></LG><LG TYPE="stanza"><L><HI1 REND="i">Zowth</HI1></L><L N="33">Ane vthir vers his zungman zit cowth sing</L><L N="34">At luvis law a quhyle i think to leite</L><L N="35">In court to cramp clenely in my clething</L><L N="36">And luke amangis thir lusty ladeis sueit</L><L N="37">Of marriege to mell with  mowis meit</L><L N="38">In secreitnes quhair we may nocht be sene</L><L N="39">And so with birdis blythlie my baillis beit</L><L N="40">O zowth be glaid in to thi flowris grene</L></LG><LG TYPE="stanza"><L><HI1 REND="i">Aige</HI1></L><L N="41">This austryne man gaif ansuer angirly</L><L N="42">For thi crampyn thow sall bayth cruk and cowr</L><L N="43">And thy fleschly lust thow sall defy</L><L N="44">And pane the sall put fra parramour</L><L N="45">Than will no bird be blyth of the in bour</L><L N="46">Quhen thi manheid sall mynnis as the mone</L><L N="47">Thow sall assay gif that my sang be sour</L><L N="48">O zowth thy flouris fadis farlie sone</L></LG><EPB/><PB N="120"/><LG TYPE="stanza"><L><HI1 REND="i">Zowith</HI1></L><L N="49">This myrry man of mirth zit movit moir</L><L N="50">My cors is clene without corruptioun</L><L N="51">My self is sound but seiknes and but soir</L><L N="52">My wittis fyve in dew proportioun</L><L N="53">My curage is of clene complexioun</L><L N="54">My hairt is haill my lever and my splene</L><L N="55">Thairfoir to reid this rowll i haif ressoun</L><L N="56">O zowth be glaid in to thy flouris grene</L></LG><LG TYPE="stanza"><L><HI1 REND="i">Aige</HI1></L><L N="57">The bevar hoir said to this berly berne</L><L N="58">This breif thow sall obey.sone be thow bald</L><L N="59">Thy stait thy strenth thocht it be stark and sterne</L><L N="60">The feveris fell and eild sall gar the fald</L><L N="61">Thy corps sall clyng thy curage sall wax cald</L><L N="62">Thy helth sall hynk and tak a hurt but hone</L><L N="63">Thy wittis fyve sall vaneis thocht thow not wald</L><L N="64">O zowth thy flowris fedis fellone sone</L></LG><LG TYPE="stanza"><L N="65">This go(w) and grathit with (sic) grit greif</L><L N="66">He on his wayis wrethly went but wene</L><L N="67">This lene awld man luche not bot tuk his leif</L><L N="68">And i abaid undir the levis grene</L><L N="69">Of the sedullis the suthe quhen i had sene</L><L N="70">Of trewth me thocht thay triumphit in thair tone</L><L N="71">O zowth be glaid in to thy flowris grene</L><L N="72">O zowth thy flowris faidis fellone sone</L></LG></DIV1><EPB/><PB N="126"/><DIV1 NODE="HenMino:6" TYPE="poem"><HEAD>The abbay walk</HEAD><LG TYPE="stanza"><L N="1">Allone as i went vp and doun</L><L N="2">In ane abbay wes fair to se</L><L N="3">Thinkand quhat consolatioun</L><L N="4">Wes best in to aduersitie</L><L N="5">On cais i kest on syd myne e</L><L N="6">And saw this writtin vpoun a wall</L><L N="7">Off quhat estait man that thow be</L><L N="8">Obey and thank thi god off all</L></LG><LG TYPE="stanza"><L N="9">Thy kindome and thy grit empyre</L><L N="10">Thy ryeltie nor rich array</L><L N="11">Sall nocht  indure at thi desyre</L><L N="12">Bot as the wind will wend away</L><L N="13">Thy gold and all thi gudis gay</L><L N="14">Quhen fortoun list will fra the fall</L><L N="15">Sen thow sic sampillis seyis ilk day</L><L N="16">Obey and thank thi god of all</L></LG><LG TYPE="stanza"><L N="17">Iob was moist riche in writ we find</L><L N="18">Thobe moist full of cheretie</L><L N="19">Iob wox peur and thoby blynd</L><L N="20">Baith temptit with aduersitie</L><L N="21">Sen blindnes wes infirmitie</L><L N="22">And povertie was naturall</L><L N="23">Thairfoir in patience baith he and he</L><L N="24">Obeid and thankit god of all</L></LG><LG TYPE="stanza"><L N="25">Thocht thow be blind or haif ane halt</L><L N="26">Or in thy face deformit ill</L><L N="27">Sa it cum nocht throw thy defalt</L><L N="28">Na man sowld the repreif by skill <EPB/><PB N="127"/></L><L N="29">Blame nocht thy lord sa is his will</L><L N="30">Spur nocht thy fute aganis the wall</L><L N="31">Bot with meik hairt and prayar still</L><L N="32">Obey and thank thy god of all</L></LG><LG TYPE="stanza"><L N="33">God of his iustice mon correct</L><L N="34">And of his mercy petie haif</L><L N="35">He is ane iuge to nane suspect</L><L N="36">To pvneis synffull man and saif</L><L N="37">Thocht thow be lord attouir the laif</L><L N="38">And eftirwart maid bund and thrall</L><L N="39">Ane peure begger with skrip and staif</L><L N="40">Obey and thank thy god of all</L></LG><LG TYPE="stanza"><L N="41">This changeing and grit variance</L><L N="42">Of erdly staitis vp and doun</L><L N="43">Is nocht bot casualitie and chance</L><L N="44">As sum men sayis withowt ressoun</L><L N="45">Bot be the grit prouisioun</L><L N="46">Of god aboif that rewill the sall</L><L N="47">Thairfoir evir thow mak the boun</L><L N="48">To obey and thank thy god of all</L></LG><LG TYPE="stanza"><L N="49">In welth be meik heiche not thy self</L><L N="50">Be glaid in wilfull povertie</L><L N="51">Thy power and thy warldlie pelf</L><L N="52">Is nocht bot verry vanitie</L><L N="53">Remembir him that deit on tre</L><L N="54">For thy saik gustit bittir gall</L><L N="55">Quha hyis law and lawis he</L><L N="56">Obey and thank thy god of all</L><L>(finis quod mr rotq henrysone)</L></LG></DIV1><EPB/><PB N="136"/><DIV1 NODE="HenMino:7" TYPE="poem"><HEAD>The ressoning betuix deth and man</HEAD><LG TYPE="stanza"><L><HI1 REND="i">Mors</HI1></L><L N="1">O mortall man behald tak tent to me</L><L N="2">Quhilk sall thi myrrour be baith day and nycht</L><L N="3">All erdly thing that evir tuke lyfe mon de</L><L N="4">Paip empriour king barroun and knycht</L><L N="5">Thocht thai be in thair ryell estait and hicht</L><L N="6">May nocht ganestand quhen i pleis schote this derte</L><L N="7">Waltownis castellis towiris neuir so wicht</L><L N="8">May nocht resist quhill it be at his hart</L></LG><LG TYPE="stanza"><L><HI1 REND="i">Homo</HI1></L><L N="9">Now quhat art thow that biddis me thus tak tent</L><L N="10">And mak ane myrrour day and nycht of the</L><L N="11">Or with thi dert i suld rycht sair repent</L><L N="12">I trest trewly of that that thow sall le</L><L N="13">Quhat freik on fold sa bald dar manniss me</L><L N="14">Or with me fecht owthir on fute or hors</L><L N="15">Is none so wicht so stark in this cuntre</L><L N="16">Nor i sall gar him bow to me on fors</L></LG><EPB/><PB N="137"/><LG TYPE="stanza"><L><HI1 REND="i">Mors</HI1></L><L N="17">My name at me forsuth sen that thow speirs</L><L N="18">Tha call me deid suthly i the declair</L><L N="19">Calland all man and woman to thair beirs</L><L N="20">Quhen evir i pleis quhat tyme quhat plais or quhair</L><L N="21">Is nane sa stowt sa fresch nor zit sa fair</L><L N="22">So zung so auld so riche nor zit so pure</L><L N="23">Quhair evir i pas owthir be it lait or air</L><L N="24">Man put thaim heill on fors vnder my cure</L></LG><LG TYPE="stanza"><L><HI1 REND="i">Homo</HI1></L><L N="25">Sen it is sua that natur can so wirk</L><L N="26">That zung and auld riche and pur man de</L><L N="27">Inn my zowtheid allace is wes full irk</L><L N="28">Culd nocht tak tent to gyd and gouern me</L><L N="29">Ay gud to do fra evill deidis to fle</L><L N="30">Trestand ay zowtheid wald with me abyd</L><L N="31">Fulfilland evir my sensualitie</L><L N="32">In deidly syn and speacialy in pryd</L></LG><LG TYPE="stanza"><L><HI1 REND="i">Mors</HI1></L><L N="33">Thairfoir repent and remord thi conscience</L><L N="34">Think on thir wirdis i now vpoun the cry</L><L N="35">O wrechit man o full of ignorance</L><L N="36">All thi plesance thow sall deir aby</L><L N="37">Dispone for the and cum with me in hy</L><L N="38">Edderis askis wirmes meit to be</L><L N="39">Cum quhen i call thow may me nocht deny</L><L N="40">Thocht thow wer paip empriour and king al thre</L></LG><LG TYPE="stanza"><L><HI1 REND="i">Homo</HI1></L><L N="41">Sen it is sua fra the i may nocht chaip</L><L N="42">This wrechit warld for me heir i defy</L><L N="43">And to the deid to lurk vndir thi caip</L><L N="44">I offir me with hairt rycht hummilly</L><L N="45">Beseikand god the deuill my enemy</L><L N="46">Na power haif my saule till assay</L><L N="47">Iesus on the with peteous voce i cry</L><L N="48">Mercy one me to haif on domisday</L><L>(finis quod hendersone)</L></LG></DIV1><EPB/><PB N="140"/><DIV1 NODE="HenMino:8" TYPE="poem"><HEAD>Aganis haisty credence of titlaris</HEAD><LG TYPE="stanza"><L N="1">Fals titlaris now growis vp full rank</L><L N="2">Nocht ympit in the stok of cheretie</L><L N="3">Howping at thair lord to gett grit thank</L><L N="4">Thay haif no dreid on thair nybouris to lie</L><L N="5">Than sowld ane lord awyse him weill and se</L><L N="6">Quhen ony taill is brocht to his presence</L><L N="7">Gif it be groundit in to veretie</L><L N="8">Or he thairto gif haistely creddence</L></LG><LG TYPE="stanza"><L N="9">Ane worthy lord sowld wey ane taill wyslie</L><L N="10">The tailltellar and quhome of it is tald</L><L N="11">Gif it be said for luve or for invy</L><L N="12">And gif the tailisman weill awow it wald</L><L N="13">Than eftirwart the pairteis sowld be cald</L><L N="14">For thair excuse to mak lawfull defence</L><L N="15">Thus sowld ane lord the ballance evinly hald</L><L N="16">And gif not at the first haistie creddence</L></LG><LG TYPE="stanza"><L N="17">It is no wirschep for ane nobill lord</L><L N="18">For fals tailis to put ane trew man doun</L><L N="19">And gevand creddence to the first recoird</L><L N="20">He will not heir his excusatioun</L><L N="21">The tittillaris so in his heir can roun</L><L N="22">The innocent may get no awdience</L><L N="23">Ryme as it may thairin is na ressoun</L><L N="24">To gif till taillis hestely creddence</L></LG><EPB/><PB N="141"/><LG TYPE="stanza"><L N="25">Thir teltellaris oft tymes dois grit skaith</L><L N="26">And raissis mortall feid and discrepance</L><L N="27">And makis lordis with thair serwandis wreith</L><L N="28">And baneist be withowtin  cryme perchance</L><L N="29">It is the grund of stryfe and all distance</L><L N="30">Moir perrellus than ony pestillence</L><L N="31">Ane lord in flatterreris to haif plesance</L><L N="32">Or to gif lyaris hestely creddence</L></LG><LG TYPE="stanza"><L N="33">O thow wyse lord quhen that a flatterrer</L><L N="34">The for to pleis and hurt the innocent</L><L N="35">Will tell ane taill of thy familiar</L><L N="36">Thow sowld the pairteis call incontinent</L><L N="37">And sitt doun sadly in to iugement</L><L N="38">And serche the caus weill or thow gif sentence</L><L N="39">Or ellis heireftir in cais thow may repent</L><L N="40">That thow to tailis gaif so grit creddence</L></LG><LG TYPE="stanza"><L N="41">O wicket tung sawand dissentioun</L><L N="42">Of fals taillis to tell that will not tyre</L><L N="43">Moir perrellus than ony fell pusoun</L><L N="44">The pane of hell thow sall haif to thi hyre</L><L N="45">Richt swa sall thay that hes ioy or desyre</L><L N="46">To gife thair eirris to heird with patience</L><L N="47">For of discord it kendillis mony fyre</L><L N="48">Throwch geving talis hestely creddence</L></LG><LG TYPE="stanza"><L N="49">Bakbyttaris to heir it is no bowrd</L><L N="50">For thay ar planlie curst in everie place</L><L N="51">Thre personis severall he slayis with ane wowrd</L><L N="52">Him self the heirar and the man saiklace <EPB/><PB N="142"/></L><L N="53">Within ane hude he hes ane dowbill face</L><L N="54">Ane bludy tung vndir a fair pretence</L><L N="55">I say no moir bot god grant lordis grace</L><L N="56">To gife to taillis nocht hestely ceddence</L><L>Finis quod maister robert hendersone</L></LG></DIV1><EPB/><PB N="146"/><DIV1 NODE="HenMino:9" TYPE="poem"><HEAD>The annunciation</HEAD><LG TYPE="stanza"><L N="1">Forcy as deith is likand lufe</L><L N="2">Throuch quhom al bittir suet is</L><L N="3">No thing is hard as writ can pruf</L><L N="4">Till him in lufe that letis</L><L N="5">Luf ws fra barret betis</L><L N="6">Quhen fra the hevinly sete abufe</L><L N="7">In message gabriell couth muf</L><L N="8">And with myld mary metis</L><L N="9">And said god wele the gretis</L><L N="10">In the he will tak rest and rufe</L><L N="11">But hurt of syn or zit reprufe</L><L N="12">In him sett thi decret is</L></LG><LG TYPE="stanza"><L N="13">This message mervale gert that myld</L><L N="14">And silence held but soundis</L><L N="15">As weill aferit a maid infild</L><L N="16">The angell it expoundis</L><L N="17">How that hir wame but woundis</L><L N="18">Consave it suld fra syn exild</L><L N="19">And quhen this carpin wes compilit</L><L N="20">Brichtnes fra bufe aboundis</L><L N="21">Than fell that gay to groundis</L><L N="22">Of goddis grace na thing begild</L><L N="23">Wox in hir chaumer chaist with child</L><L N="24">With crist our kyng that cround is</L></LG><EPB/><PB N="147"/><LG TYPE="stanza"><L N="25">Thir tithingis tauld the messinger</L><L N="26">Till hevin agane he glidis</L><L N="27">That princes pure with-outyn peir</L><L N="28">Full plesandly applid is</L><L N="29">And blith with barne abidis</L><L N="30">O wirthy wirschip singuler</L><L N="31">To be moder and madyn meir</L><L N="32">As cristin faith confidis</L><L N="33">That borne was of hir sidis</L><L N="34">Our makar goddis sone so deir</L><L N="35">Quhilk erd wattir and hevinnis cleir</L><L N="36">Throw grace and virtu gidis</L></LG><LG TYPE="stanza"><L N="37">The miraclis ar mekle and meit</L><L N="38">Fra luffis ryuer rynnis</L><L N="39">The low of luf haldand the hete</L><L N="40">Vnbrynt full blithlie brinnis</L><L N="41">Quhen gabriell beginnis</L><L N="42">With mouth that gudely may to grete</L><L N="43">The wand of aaron dry but wete</L><L N="44">To burioun nocht blynnis</L><L N="45">The flesch all donk within is</L><L N="46">Vpon the erd na drop couth fleit</L><L N="47">Sa was that may maid moder suete</L><L N="48">And sakeles of all synnis</L></LG><LG TYPE="stanza"><L N="49">Hir mervalus haill madinhede</L><L N="50">God in hir bosum bracis</L><L N="51">And hir diuinite fra dreid</L><L N="52">Hir kepit in all casis</L><L N="53">The hie god of his gracis</L><L N="54">Him self dispisit ws to speid <EPB/><PB N="148"/></L><L N="55">And dowtit nocht to dee on deid</L><L N="56">He panit for our peacis</L><L N="57">And with his blude ws bacis</L><L N="58">Bot quhen he ras vp as we rede</L><L N="59">The cherite of his godhede</L><L N="60">Was plane in euery placis</L></LG><LG TYPE="stanza"><L N="61">O lady lele and lusumest</L><L N="62">Thy face moist fair and schene is</L><L N="63">O blosum blith and bowsumest</L><L N="64">Fra carnale cryme that clene is</L><L N="65">This prayer fra my splene is</L><L N="66">That all my werkis wikkitest</L><L N="67">Thow put away and make me chaist</L><L N="68">Fra termigant that teyn is</L><L N="69">And fra his cluke that kene is</L><L N="70">And syn till hevin my saule thou haist</L><L N="71">Quhair thi makar of michtis mast</L><L N="72">Is kyng and thow thair quene is</L><L>Quod  r. henrisoun</L></LG></DIV1><EPB/><PB N="150"/><DIV1 NODE="HenMino:10" TYPE="poem"><HEAD>Sum practysis of medecyne</HEAD><LG TYPE="stanza"><L N="1">Guk guk gud day schir gaip quhill ze get it</L><L N="2">Sic greting may gane weill gud laik in zour hude</L><L N="3">Ze wald deir me i trow becaus i am dottit</L><L N="4">To ruffill me with a ryme na schir be the rude</L><L N="5">Zour saying i haif sene and on syd set it</L><L N="6">As geir of all gaddering glaikit nocht gude</L><L N="7">Als zour medicyne by mesour i haif meit met it</L><L N="8">The quhilk i stand ford ze nocht vnderstude</L><L N="9">Bot wrett on as ze culd to gar folk wene</L><L N="10">For feir my longis wes flaft</L><L N="11">Or i wes dottit or daft</L><L N="12">Gife i can ocht of the craft</L><L N="13">Heir be it sene</L></LG><LG TYPE="stanza"><L N="14">Becaus i ken zour cunnyng in to cure</L><L N="15">Is clowtit and clampit and nocht weill cleird</L><L N="16">My prectik in pottingary ze trow be als pure</L><L N="17">And lyk to zour lawitnes i schrew thame that leid</L><L N="18">Is nowdir fevir nor fell that our the feild fure</L><L N="19">Seiknes nor sairnes in tyme gif i seid</L><L N="20">Bot i can lib thame and leiche thame fra lame and lesure</L><L N="21">With sawis thame sound mak on zour saule beid</L><L N="22">That ze be sicker of this sedull i send zow</L><L N="23">With the suthfast seggis</L><L N="24">That glean all egeis</L><L N="25">With dia and dreggis</L><L N="26">Of malis to mend zow</L></LG><LG TYPE="stanza"><L>Dia culcakit</L><L N="27">Cape cuk maid and crop the colleraige</L><L N="28">Ane medecyne for the maw and ze cowth mak it</L><L N="29">With sueit satlingis and sowrokis the sop of the sege</L><L N="30">The crud of my culome with zour teith crakit</L><L N="31">Lawrean and linget seid and the luffage</L><L N="32">The hair of the hurcheoun nocht half deill hakkit</L><L N="33">With the snowt of ane selch ane swelling to swage</L><L N="34">This cure is callit in our craft dia culcakkit</L><L N="35">Put all thir in ane pan with pepper and pik</L><L N="36">Syne sett in to this</L><L N="37">The count of ane cow kis</L><L N="38">Is nocht bettir i wis</L><L N="39">For the collik</L></LG><LG TYPE="stanza"><L>Dia longum</L><L N="40">Recipe thre ruggis of the reid ruke</L><L N="41">The gant of ane gray meir the claik of ane gus</L><L N="42">The dram of ane drekters the douk of ane duke</L><L N="43">The gaw of ane grene dow the leg of ane lows</L><L N="44">Fyve vnce of ane fle wing the fyn of ane fluke</L><L N="45">With ane sleiffull of slak that growis in the slus</L><L N="46">Myng all thir in ane mas with the mone cruke</L><L N="47">This vntment is rycht ganand for zour awin vs</L><L N="48">With reid nettill seid in strang wesche to steip</L><L N="49">For to bath zour ba cod</L><L N="50">Quhen ze wald nop and nod</L><L N="51">Is nocht bettir be god</L><L N="52">To latt zow to sleip</L></LG><LG TYPE="stanza"><L>Dia glaconicon</L><L N="53">This dia is rycht deir and denteit in daill</L><L N="54">Caus it is trest and trew thairfoir that ze tak</L><L N="55">Sevin sobbis of ane selche the quhidder of ane quhaill</L><L N="56">The lug of ane lempet is nocht to forsaik</L><L N="57">The harnis of ane haddok hakkit or haill</L><L N="58">With ane bustfull of blude of the scho bak</L><L N="59">With ane brewing caldrun full of hait caill</L><L N="60">For it wilbe the softar and sweittar of the smak</L><L N="61">Thair is nocht sic ane lechecraft fra lawdian to lundin</L><L N="62">It is clippit in our cannon</L><L N="63">Dia glecolicon</L><L N="64">For till fle awaye fon</L><L N="65">Quhair fulis ar fundin</L></LG><LG TYPE="stanza"><L>Dia custrum</L><L N="66">The ferd feisik is fyne and of ane felloun pryce</L><L N="67">Gud for haising and hosting or heit at the hairt</L><L N="68">Recipe thre sponfull of the blak spyce</L><L N="69">With ane grit gowpene of the gowk fart</L><L N="70">The lug of ane lyoun the gufe of ane gryce</L><L N="71">Ane vnce of ane oster poik at the nethir parte</L><L N="72">Annoyntit with nurice doung for it is rycht nyce</L><L N="73">Myngit with mysdirt and with mustart</L><L N="74">Ze may clamp to this cure and ze will mak cost</L><L N="75">Bayth the bellox of ane brok</L><L N="76">With thre crawis of the cok</L><L N="77">The schadow of ane zule stok</L><L N="78">Is gud for the host</L></LG><LG TYPE="stanza"><L N="79">Gud nycht guk guk for sa i began</L><L N="80">I haif no come at this tyme langer to tary</L><L N="81">Bot luk on this lettir and leird gif ze can</L><L N="82">The prectik and poyntis of this pottingary</L><L N="83">Schir minister this medecyne at evin to sum man</L><L N="84">And or pryme be past my powder i pary</L><L N="85">Thay sall blis zow or ellis bittirly zow ban</L><L N="86">For it sall fle thame in faith out of the fary</L><L N="87">Bot luk quhen ze gadder thir gressis and gers</L><L N="88">Outhir sawrand or sour</L><L N="89">That it be in ane gude oure</L><L N="90">It is ane mirk mirrour</L><L N="91">Ane vthir manis ers</L></LG></DIV1><EPB/><PB N="156"/><DIV1 NODE="HenMino:11" TYPE="poem"><HEAD>The thre deid pollis</HEAD><LG TYPE="stanza"><L N="1">O sinful man in to this mortall se</L><L N="2">Quhilk is the vaill of mvrnyng and of cair</L><L N="3">With gaistly sicht behold oure heidis thre</L><L N="4">Oure holkit ene oure peilit pollis bair</L><L N="5">As ze ar now in to this warld we wair</L><L N="6">Als fresche als fair als lusty to behald</L><L N="7">Quhan thow lukis on this swth examplair</L><L N="8">Off thy self man thow may be richt vnbald</L></LG><LG TYPE="stanza"><L N="9">For suth it is that every man mortall</L><L N="10">Mon thole the deid and de that lyfe hes tane</L><L N="11">Na erdly stait aganis deid ma prevaill</L><L N="12">The hour of deth and place is vncertane</L><L N="13">Quhilk is referrit to the hie god allane</L><L N="14">Heirfoir haif mynd of deth that thow mon dy</L><L N="15">This sair exampill to se quotidiane</L><L N="16">Sowld caus all men fra wicket vycis fle</L></LG><LG TYPE="stanza"><L N="17">O wantone zowth als fresche as lusty may</L><L N="18">Farest of flowris renewit quhyt and reid</L><L N="19">Behald our heidis o lusty gallandis gay</L><L N="20">Full laithly thus sall ly thy lusty heid</L><L N="21">Holkit and how and wallowit as the weid</L><L N="22">Thy crampand hair and eik thy cristall ene</L><L N="23">Full cairfully conclud sall dulefull deid</L><L N="24">Example heir be ws it may be sene</L></LG><LG TYPE="stanza"><L N="25">O ladeis quhyt in claithis corruscant</L><L N="26">Poleist with perle and mony pretius stane</L><L N="27">With palpis quhyt and hals so elegant</L><L N="28">Sirculit with gold and sapheris mony ane</L><L N="29">Zour finzearis small quhyt as quhailis bane</L><L N="30">Arrayit with ringis and mony rubeis reid</L><L N="31">As we ly thus so sall ze ly ilk ane</L><L N="32">With peilit pollis and holkit thus zour heid</L></LG><LG TYPE="stanza"><L N="33">O wilfull pryd the rute of all distres</L><L N="34">With humill hairt vpoun our pollis pens</L><L N="35">Man for thy mis ask mercy with meiknes</L><L N="36">Aganis deid na man may mak defens</L><L N="37">The empriour for all his excellens</L><L N="38">King and quene and eik all erdly stait</L><L N="39">Peure and riche salbe but differens</L><L N="40">Turnit in as and thus in erd translait</L></LG><LG TYPE="stanza"><L N="41">This questioun quha can obsolue lat see</L><L N="42">Quhat phisnamour or perfyt palmester</L><L N="43">Quha was farest or fowlest of ws thre</L><L N="44">Or quhilk of ws of kin was gentillar</L><L N="45">Or maist expert in science or in lare</L><L N="46">In art mvsik or in astronomye</L><L N="47">Heir still sowld be zour study and repair</L><L N="48">And think as thus all zour heidis mon be</L></LG><LG TYPE="stanza"><L N="49">O febill aige ay drawand neir the dait</L><L N="50">Of dully deid and hes thy dayis compleit</L><L N="51">Behald our heidis with mvrning and regrait</L><L N="52">Fall on thy kneis ask grace at god and greit</L><L N="53">With orisionis and haly salmes sweit</L><L N="54">Beseikand him on the to haif mercy</L><L N="55">And of our sawlis bydand the decreit</L><L N="56">Of his godheid to rew and glorife</L></LG><LG TYPE="stanza"><L N="57">Als we exhort that every man mortall</L><L N="58">For his saik that maid of nocht all thing</L><L N="59">For mercy cry and pray in generall</L><L N="60">To iesus chryst of hevin and erd the king</L><L N="61">Throwch zour prayar that we and ze may ring</L><L N="62">With the hie fader be eternitie</L><L N="63">The sone alswa the haly gaist conding</L><L N="64">Thre knit in ane be perfyt vnitie</L><L>Quod maister robert henrysoun</L><L></L></LG></DIV1><EPB/><PB N="165"/><DIV1 NODE="HenMino:12" TYPE="poem"><HEAD>Ane prayer for the pest"</HEAD><LG TYPE="stanza"><L N="1">O eterne god of power infinyt</L><L N="2">To quhois hie knawlege na think is obscure</L><L N="3">That is or wes or salbe is perfyt</L><L N="4">Into thi sicht quhill that this warld indure</L><L N="5">Haif mercy of ws indigent and pure</L><L N="6">Thow dois no wrang to pvnis our offens</L><L N="7">O lord that is to mankynd haill succure</L><L N="8">Preserue ws fra this perrelus pestilens</L></LG><LG TYPE="stanza"><L N="9">We the beseik o lord of lordis all</L><L N="10">Thy eiris inclyne and heir our grit regrait</L><L N="11">We ask remeid of the in generall</L><L N="12">That is of help and confort dissolait</L><L N="13">Bot thow with rewth our hairtis recreate</L><L N="14">We ar bot deid but only thy clemens</L><L N="15">We the exort on kneis law prostrait</L><L N="16">Preserue ws from this perrellus pestilens</L></LG><EPB/><PB N="166"/><LG TYPE="stanza"><L N="17">We ar rycht glaid thow pvnis our trespas</L><L N="18">Be ony kynd of vdir tribulatioun</L><L N="19">Wer it thy will o lord of hevin allais</L><L N="20">That we suld thus be haistely put doun</L><L N="21">And de as beistis without confessioun</L><L N="22">That nane dar mak with vdir residens</L><L N="23">O blissit iesu that wore the thorny croun</L><L N="24">Preserue ws from this perrelus pestilens</L></LG><LG TYPE="stanza"><L N="25">Vse derth o lord or seiknes and hungir soir</L><L N="26">And slak thy plaig that is so penetryfe</L><L N="27">The pepill ar perreist quha may remeid thairfoir</L><L N="28">Bot thow o lord that for thame lost thy lyfe</L><L N="29">Suppois our syne be to the pungetyfe</L><L N="30">Our deid ma na thing our synnis recompens</L><L N="31">Haif mercy lord we may nocht with the stryfe</L><L N="32">Preserue ws fra this perrelus pestilens</L></LG><LG TYPE="stanza"><L N="33">Haif mercy lord haif mercy hevins king</L><L N="34">Haif mercy of thy pepill penitent</L><L N="35">Haif mercy of our petous pvnissing</L><L N="36">Retreit the sentence and thy iust iugement</L><L N="37">Aganis ws synnaris that servis to be schent</L><L N="38">Without mercy we may mak no defens</L><L N="39">Thow that but rewth vpoun the rud wes rent</L><L N="40">Preserue ws frome this perrellus pestilens</L></LG><LG TYPE="stanza"><L N="41">Remembir lord how deir thow hes ws bocht</L><L N="42">That for ws synnaris sched thy pretius blude</L><L N="43">Now to redeme that thow hes maid of nocht</L><L N="44">That is of virtew barran and denude <EPB/><PB N="167"/></L><L N="45">Haif rewth lord of thyn awin similitude</L><L N="46">Pvnis with pety and nocht with violens</L><L N="47">We knaw it is for our ingratitude</L><L N="48">That we are pvnist with this pestillens</L></LG><LG TYPE="stanza"><L N="49">Thow grant ws grace for till amend our mis</L><L N="50">And till evaid this crewall suddane deid</L><L N="51">We knaw our sin is all the caus of this</L><L N="52">For opin sin thair is set no remeid</L><L N="53">The iustice of god mon pvnis than be deid</L><L N="54">For by the law he will with nane dispens</L><L N="55">Quhair iustice laikis thair is eternall feid</L><L N="56">Of god that suld preserf fra pestilens</L></LG><LG TYPE="stanza"><L N="57">Bot wald the heidismen that suld keip the law</L><L N="58">Pvnis the peple for thair transgressioun</L><L N="59">Thair wald na deid the peple than ourthraw</L><L N="60">Bot thay ar gevin sa plenly to oppressioun</L><L N="61">That god will nocht heir thair intercessioun</L><L N="62">Bot all ar pvnist for inobediens</L><L N="63">Be swerd or deid withouttin remissioun</L><L N="64">And hes iust caus to send ws pestilens</L></LG><LG TYPE="stanza"><L N="65">Superne lucerne guberne this pestilens</L><L N="66">Preserue and serue that we nocht sterf thairin</L><L N="67">Declyne that pyne be thy devyne prudens</L><L N="68">For trewth haif rewth lat nocht our slewth ws twyn</L><L N="69">Our syte full tyte wer we contryt wald blin</L><L N="70">Dissiuir did nevir quha euir the besocht</L><L N="71">But grace with space for to arrace fra sin</L><L N="72">Lat nocht be tint that thow sa deir hes bocht</L></LG><EPB/><PB N="168"/><LG TYPE="stanza"><L N="73">O prince preclair this cair quotidiane</L><L N="74">We the exort distort it in exyle</L><L N="75">Bot thow remeid this deid is bot ane trane</L><L N="76">For to dissaif the laif and thame begyle</L><L N="77">Bot thow sa wyse devyse to mend this byle</L><L N="78">Of this mischeif quha may releif ws ocht</L><L N="79">For wrangus win bot thow our sin oursyle</L><L N="80">Lat  nocht be tint that thow sa deir hes bocht</L></LG><LG TYPE="stanza"><L N="81">Sen for our vice that iustice mon correct</L><L N="82">O king most he now pacife thy feid</L><L N="83">Our sin is huge refuge we nocht suspect</L><L N="84">And thow be iuge dislug ws of this steid</L><L N="85">In tyme assent or we be schent with deid</L><L N="86">For we repent all tyme mispent forthocht</L><L N="87">Thairfoir euirmor be gloir to thy godheid</L><L N="88">Lat nocht be tint that thow sa deir hes bocht</L></LG></DIV1></BODY><EPB/></TEXT></DLPSTEXTCLASS>
