<DLPSTEXTCLASS><HEADER><FILEDESC><TITLESTMT><TITLE TYPE="245">The owl and the nightingale (MS Cotton)</TITLE><AUTHOR>Anonymous</AUTHOR></TITLESTMT><EDITIONSTMT><EDITION>The electronic text was created from an edited version of  the Cotton manuscript</EDITION></EDITIONSTMT><EXTENT>ca. 80 kilobytes</EXTENT><PUBLICATIONSTMT><DISTRIBUTOR>University of Michigan, Humanities Text Initiative</DISTRIBUTOR><IDNO TYPE="dlps">OwlC</IDNO><AVAILABILITY><P>Available at URL http://www.hti.umich.edu/c/cme/</P><P>This text has been made available through the Oxford Text Archive for personal scholarly use only.  OTA number:  U-1684-A</P></AVAILABILITY><DATE>1993</DATE></PUBLICATIONSTMT><SOURCEDESC><BIBLFULL><TITLESTMT><TITLE>The owl and the nightingale</TITLE></TITLESTMT><EXTENT>xc, 231 p. : ill. ; 23 cm.</EXTENT><PUBLICATIONSTMT><PUBLISHER>University Press</PUBLISHER><PUBPLACE>Cambridge</PUBPLACE><DATE>1922</DATE></PUBLICATIONSTMT><NOTESSTMT><NOTE>Texts of the Cotton manuscript and the Jesus College,  Oxford MS 29 on opposite pages</NOTE><NOTE>Authorship was formerly attributed  to Nicholas de Guildford</NOTE><NOTE>The printed text contained illustrations  which are not noted in the electronic text</NOTE></NOTESSTMT></BIBLFULL></SOURCEDESC></FILEDESC><ENCODINGDESC><EDITORIALDECL N="4"><P>Front and back matter from printed edition not included.</P><P>Editorial notes from printed edition not included in electronic edition.</P></EDITORIALDECL></ENCODINGDESC><PROFILEDESC><CREATION><DATE>1190-1210</DATE></CREATION></PROFILEDESC></HEADER><TEXT><BODY><HEAD>The Owl and the nightingale (Cotton ms)</HEAD><DIV1 NODE="OwlC:1" TYPE="supplied line groups"><HEAD TYPE="supplied">Lines 1 through 100</HEAD><EPB/><PB N="2"/><MILESTONE N="233r.1" UNIT="folio"/><L>ICH was in one sumere dale,</L><L>in one suþe diȝele hale,</L><L>iherde ich holde grete tale</L><L>an hule and one niȝtingale.</L><L N="5">Þat plait was stif &amp; starc &amp; strong,</L><L>sum wile softe &amp; lud among;</L><L>an aiþer aȝen oþer sval,</L><L>&amp; let þat [vue]le mod ut al.</L><L>&amp; eiþer seide of oþeres custe</L><L N="10">þat alre-worste þat hi wuste:</L><L>&amp; hure &amp; hure of oþere[s] songe</L><L>hi holde plaiding suþe stronge.</L><L>   Þe niȝtingale bigon þe speche,</L><L>in one hurne of one breche, <EPB/><PB N="4"/></L><L N="15">&amp; sat up one vaire boȝe,</L><L>- þar were abute blosme inoȝe,-</L><L>in ore waste þicke hegge</L><L>imeind mid spire &amp; grene segge.</L><L>Ho was þe gladur uor þe rise,</L><L N="20">&amp; song auele cunne wise:</L><L>[b]et þuȝte þe dreim þat he were</L><L>of harpe &amp; pipe þan he nere:</L><L>bet þuȝte þat he were ishote</L><L>of harpe &amp; pipe þan of þrote.</L><L N="25">   [Þ]o stod on old stoc þar biside,</L><L>þar þo vle song hire tide,</L><L>&amp; was mid iui al bigrowe;</L><L>hit was þare hule earding-stowe.</L><L>   [Þ]e niȝtingale hi iseȝ,</L><L N="30">&amp; hi bihold &amp; ouerseȝ,</L><L>&amp; þuȝte wel [vu]l of þare hule,</L><L>for me hi halt lodlich &amp; fule.</L><L>"Vnwiȝt," ho sede, "awei þu flo!</L><L>me is þe w[u]rs þat ich þe so. 
<MILESTONE N="233r.2" UNIT="folio"/></L><L N="35">Iwis for þine [vu]le lete,       </L><L>wel [oft ich] mine song forlete; <EPB/><PB N="6"/></L><L>min horte atfliþ &amp; falt mi tonge,</L><L>wonne þu art [to me] iþrunge.</L><L>Me luste bet speten þane singe</L><L N="40">of þine fule ȝoȝelinge."</L><L>   Þos hule abod fort hit was eve,</L><L>ho ne miȝte no leng bileue,</L><L>vor hire horte was so gret</L><L>þat wel neȝ hire fnast atschet,</L><L N="45">&amp; warp a word þar-after longe;</L><L>"Hu þincþe nu bi mine songe?</L><L>We[n]st þu þat ich ne cunne singe,</L><L>þeȝ ich ne cunne of writelinge?</L><L>Ilome þu dest me grame,</L><L N="50">&amp; seist me [boþe tone] &amp; schame.</L><L>Ȝif ich þe holde on mine uote,</L><L>(so hit bitide þat ich mote!)</L><L>&amp; þu were vt of þine rise,</L><L>þu sholdest singe an oþer w[i]se."</L><L N="55">   Þe niȝtingale ȝaf answare:</L><L>"Ȝif ich me loki wit þe bare,</L><L>&amp; me schilde wit þe blete,</L><L>ne reche ich noȝt of þine þrete; <EPB/><PB N="8"/></L><L>ȝif ich me holde in mine hegge,</L><L N="60">ne recche ich neuer what þu segge.</L><L>Ich wot þat þu art unmilde</L><L>wiþ hom þat ne muȝe from [þ]e schilde;</L><L>&amp; þu tukest wroþe &amp; vuele,</L><L>whar þu miȝt, over smale fuȝele.</L><L N="65">Vorþi þu art loþ al fuel-kunne,</L><L>&amp; alle ho þe driueþ honne,</L><L>&amp; þe bischricheþ &amp; bigredet,</L><L>&amp; wel narewe þe biledet; 
<MILESTONE N="233v.1" UNIT="folio"/></L><L>&amp; ek forþe þe sulue mose,</L><L N="70">hire þonkes, wolde þe totose.</L><L>þu art lodlich to biholde,</L><L>&amp; þu art loþ in monie volde;</L><L>þi bodi is short, þi swore is smal,</L><L>grettere is þin heued þan þu al;</L><L N="75">þin eȝene boþ col-blake &amp; brode,</L><L>riȝt swo ho weren ipeint mid wode;</L><L>þu starest so þu wille abiten</L><L>al þat þu mi[ȝ]t mid cliure smiten:</L><L>þi bile is stif &amp; scharp &amp; hoked,</L><L N="80">riȝt so an owel þat is croked;</L><L>þar-mid þu clackes[t] oft &amp; longe,</L><L>&amp; þat is on of þine songe.</L><L>Ac þu þretest to mine fleshe,</L><L>mid þine cliures woldest me meshe.</L><L N="85">þe were icundur to one frogge</L><L> *     *     *     *     * <EPB/><PB N="10"/></L><L>snailes, mus, &amp; fule wiȝte,</L><L>boþ þine cunde &amp; þine riȝte.</L><L>Þu sittest adai &amp; fliȝ[s]t aniȝt,</L><L N="90">þu cuþest þat þu art on vnwiȝt.</L><L>Þu art lodlich &amp; unclene,</L><L>bi þine neste ich hit mene,</L><L>&amp; ek bi þine fule brode,</L><L>þu fedest on hom a wel ful fode.</L><L N="95">Vel wostu þat hi doþ þarinne,</L><L>hi fuleþ hit up to þe chinne:</L><L>ho sitteþ þar so hi bo bisne.</L><L>Þarbi men segget a uorbisne:</L><L>"Dahet habbe þat ilke best</L><L N="100">þat fuleþ his owe nest."</L></DIV1><DIV1 NODE="OwlC:2" TYPE="supplied line groups"><HEAD TYPE="supplied">Lines 101 through 200</HEAD><L>Þat oþer ȝer a faukun bredde;</L><L>his nest noȝt wel he ne bihedde:</L><L>þarto þu stele in o dai, <MILESTONE N="233v.2" UNIT="folio"/></L><L>&amp; leidest þaron þi fole ey.</L><L N="105">Þo hit bicom þat he haȝte,</L><L>&amp; of his eyre briddes wraȝte;</L><L>ho broȝte his briddes mete,</L><L>bihold his nest, iseȝ hi ete: <EPB/><PB N="12"/></L><L>he iseȝ bi one halue</L><L N="110">his nest ifuled uthalue.</L><L>Þe faucun was wroþ wit his bridde,</L><L>&amp; lude ȝal &amp; sterne chidde:</L><L>"Segget me, wo hauet þis ido?</L><L>Ov nas neuer icunde þarto:</L><L N="115">hit was idon ov a loþ[e] [cu]ste.</L><L>Segge[þ] me ȝif ȝe hit wiste."</L><L>Þo quaþ þat on &amp; quad þat oþer:</L><L>"Iwis it was ure oȝer broþer,</L><L>þe ȝond þat haue[þ] þat grete heued:</L><L N="120">wai þat hi[t] nis þarof bireued!</L><L>Worp hit ut mid þe alre-[vu]rste</L><L>þat his necke him to-berste!"</L><L>Þe faucun ilefde his bridde,</L><L>&amp; nom þat fule brid amidde,</L><L N="125">&amp; warp hit of þan wilde bowe,</L><L>þar pie &amp; crowe hit todrowe.</L><L>Herbi men segget a bispel,</L><L>þeȝ hit ne bo fuliche spel;</L><L>al so hit is bi þan ungode</L><L N="130">þat is icumen of fule brode, <EPB/><PB N="14"/></L><L>&amp; is meind wit fro monne,</L><L>euer he cuþ þat he com þonne,</L><L>þat he com of þan adel-eye,</L><L>þeȝ he a fro nest[e] leie.</L><L N="135">þeȝ appel trendli fro[m] þon trowe,</L><L>þar he &amp; oþer mid growe,</L><L>þeȝ he bo þar-from bicume, 
<MILESTONE N="234r.1" UNIT="folio"/></L><L>he cuþ wel whonene he is icume."</L><L>   Þos word aȝaf þe niȝtingale,</L><L N="140">&amp; after þare longe tale</L><L>he song so lude &amp; so scharpe,</L><L>riȝt so me grulde schille harpe.</L><L>Þos hule luste þiderward,</L><L>&amp; hold hire eȝe noþerwa[r]d,</L><L N="145">&amp; sat tosvolle &amp; ibolwe,</L><L>also ho hadde one frogge isuolȝe:</L><L>for ho wel wiste &amp; was iwar</L><L>þat ho song hire a-bisemar.</L><L>&amp; noþeles ho ȝa[f] andsuare,</L><L N="150">"Whi neltu flon into þe bare, <EPB/><PB N="16"/></L><L>&amp; sewi [w]are unker bo</L><L>of briȝter howe, of uairur blo?"</L><L>"No, þu hauest wel scharpe clawe,</L><L>ne kepich noȝt þat þu me clawe.</L><L N="155">þu hauest cliuers suþe stronge,</L><L>þu tuengst þar-mid so doþ a tonge.</L><L>Þu þoȝtest, so doþ þine ilike,</L><L>mid faire worde me biswike.</L><L>Ich nolde don þat þu me raddest,</L><L N="160">ich wiste wel þat þu me misraddest.</L><L>Schamie þe for þin unrede!</L><L>Vnwroȝen is þi svikelhede!</L><L>Schild þine svikeldom vram þe liȝte,</L><L>&amp; hud þat woȝe amon[g] þe riȝte.</L><L N="165">Þane þu wilt þin unriȝt spene,</L><L>loke þat hit ne bo isene:</L><L>vor svikedom haue[þ] schome &amp; hete,</L><L>ȝif hit is ope &amp; underȝete.</L><L>Ne speddestu noȝt mid þine unwrenche,</L><L N="170">for ich am war &amp; can wel blenche.</L><L>Ne helpþ noȝt þat þu bo to [þ]riste: 

<MILESTONE N="234r.2" UNIT="folio"/></L><L>ich wolde viȝte bet mid liste <EPB/><PB N="18"/></L><L>þan þu mid al þine strengþe.</L><L>Ich habbe, on brede &amp; eck on lengþe,</L><L N="175">castel god on mine rise:</L><L>"Wel fiȝt þat wel fliȝt," seiþ þe wise.</L><L>Ac lete we awei þos cheste,</L><L>vor suiche wordes boþ unw[re]ste;</L><L>&amp; fo we on mid riȝte dome,</L><L N="180">mid faire worde &amp; mid ysome.</L><L>Þeȝ we ne bo at one acorde,</L><L>we m[a]ȝe bet mid fayre worde,</L><L>witute cheste, &amp; bute fiȝte,</L><L>plaidi mid foȝe &amp; mid riȝte:</L><L N="185">&amp; mai hure eiþer wat h[e] wile</L><L>mid riȝte segge &amp; mid sckile."</L><L>   Þo quaþ þe hule "[W]u schal us seme,</L><L>þat kunne &amp; wille riȝt us deme?"</L><L>"Ich wot wel" quaþ þe niȝtingale,</L><L N="190">"Ne þaref þarof bo no tale.</L><L>Maister Nichole of Guldeforde,</L><L>he is wis an war of worde:</L><L>he is of dome suþe gleu,</L><L>&amp; him is loþ eurich unþeu. <EPB/><PB N="20"/></L><L N="195">He wot insiȝt in eche songe,</L><L>wo singet wel, wo singet wronge:</L><L>&amp; he can schede vrom þe riȝte</L><L>þat woȝe, þat þuster from þe liȝte."</L><L>   Þo hule one wile hi biþoȝte,</L><L N="200">&amp; after þan þis word upbroȝte:</L></DIV1><DIV1 NODE="OwlC:3" TYPE="supplied line groups"><HEAD TYPE="supplied">Lines 201 through 300</HEAD><L>"Ich granti wel þat he us deme,</L><L>vor þeȝ he were wile breme,</L><L>&amp; lof him were niȝtingale,</L><L>&amp; oþer wiȝte gente &amp; smale,</L><L N="205">ich wot he is nu suþe acoled. 
<MILESTONE N="234v.1" UNIT="folio"/></L><L>Nis he vor þe noȝt afoled,</L><L>þat he, for þine olde luue,</L><L>me adun legge &amp; þe buue:</L><L>ne schaltu neure so him queme,</L><L N="210">þat he for þe fals dom deme.</L><L>He is him ripe &amp; fast-rede,</L><L>ne lust him nu to none unrede:</L><L>nu him ne lust na more pleie,</L><L>he wile gon a riȝte weie."</L><L N="215">   Þe niȝtingale was al ȝare,</L><L>ho hadde ilorned wel aiware:</L><L>"Hule," ho sede, "seie me soþ,</L><L>wi dostu þat unwiȝtis doþ?</L><L>þu singist aniȝt &amp; noȝt adai,</L><L N="220">&amp; al þi song is wailawai. <EPB/><PB N="22"/></L><L>Þu miȝt mid þine songe afere</L><L>alle þat ihereþ þine ibere:</L><L>þu sch[ri]chest &amp; ȝollest to þine fere,</L><L>þat hit is grislich to ihere:</L><L N="225">hit þinche[þ] boþe wise &amp; snepe</L><L>noȝt þat þu singe, ac þat þu wepe.</L><L>Þu fliȝst aniȝt &amp; noȝt adai:</L><L>þarof ich w[u]ndri &amp; wel mai.</L><L>vor eurich þing þat schuniet riȝt,</L><L N="230">hit luueþ þuster &amp; hatiet liȝt:</L><L>&amp; eurich þing þat is lof misdede,</L><L>hit luueþ þuster to his dede.</L><L>A wis word, þeȝ hit bo unclene,</L><L>is fele manne a-muþe imene,</L><L N="235">for Alured King hit seide &amp; wrot:</L><L>"He schunet þat hine [vu]l wot."</L><L>Ich wene þat þu dost also,</L><L>vor þu fliȝst niȝtes euer mo.</L><L>An oþer þing me is a-wene, 
<MILESTONE N="234v.2" UNIT="folio"/></L><L N="240">þu hauest aniȝt wel briȝte sene;    </L><L>bi daie þu art stare-blind,</L><L>þat þu ne sichst ne bov ne strind. <EPB/><PB N="24"/></L><L>Adai þu art blind oþer bisne,</L><L>þarbi men segget a uorbisne:</L><L N="245">"Riȝt so hit farþ bi þan ungode</L><L>þat noȝt ne suþ to none gode,</L><L>&amp; is so ful of vuele wrenche</L><L>þat him ne mai no man atprenche,</L><L>&amp; can wel þane þu[str]e wai,</L><L N="250">&amp; þane briȝte lat awai."</L><L>So doþ þat boþ of þine cunde,</L><L>of liȝte nabbeþ hi none imunde."</L><L>   Þos hule luste suþe longe,</L><L>&amp; was oftoned suþe stronge:</L><L N="255">ho quaþ "Þu [h]attest niȝtingale,</L><L>þu miȝtest bet hoten galegale, <EPB/><PB N="26"/></L><L>vor þu hauest to monie tale.</L><L>Lat þine tunge habbe spale!</L><L>Þu wenest þat þes dai bo þin oȝe:</L><L N="260">lat me nu habbe mine þroȝe:</L><L>bo nu stille &amp; lat me speke,</L><L>ich wille bon of þe awreke.</L><L>&amp; lust hu ich con me bitelle,</L><L>mid riȝte soþe, witute spelle.</L><L N="265">Þu seist þat ich me hude adai,</L><L>þarto ne segge ich nich ne nai:</L><L>&amp; lust ich telle þe wareuore,</L><L>al wi hit is &amp; wareuore.</L><L>Ich habbe bile stif &amp; stronge,</L><L N="270">&amp; gode cliuers scharp &amp; longe,</L><L>so hit bicumeþ to hauekes cunne;</L><L>hit is min hiȝte, hit is mi w[u]nne,</L><L>þat ich me draȝe to mine cunde, 
<MILESTONE N="235r.1" UNIT="folio"/></L><L>ne mai [me] no man þareuore schende :</L><L N="275">on me hit is wel isene,</L><L>vor riȝte cunde ich am so kene.</L><L>Vorþi ich am loþ smale foȝle</L><L>þat floþ bi grunde an bi þuuele: <EPB/><PB N="28"/></L><L>hi me bichermet &amp; bigredeþ,</L><L N="280">&amp; hore flockes to [m]e ledeþ.</L><L>Me is lof to habbe reste</L><L>&amp; sitte stille in mine neste:</L><L>vor nere ich neuer no þe betere,</L><L>[ȝ]if ich mid chauling &amp; mid chatere</L><L N="285">hom schende &amp; mid fule worde,</L><L>so herdes doþ oþer mid schit-worde.</L><L>Ne lust me wit þe screwen chide;</L><L>forþi ich wende from hom wide.</L><L>Hit is a wise monne dome,</L><L N="290">&amp; hi hit segget wel ilome,</L><L>þat me ne chide wit þe gidie,</L><L>ne wit þan ofne me ne ȝonie.</L><L>At sume siþe herde [I] telle</L><L>hu Alured sede on his spelle:</L><L N="295">"Loke þat þu ne bo þare</L><L>þar chauling boþ &amp; cheste ȝare:</L><L>lat sottes chide &amp; uorþ þu go."</L><L>&amp; ich am wis &amp; do also.</L><L>&amp; ȝet Alured seide an oþer side</L><L N="300">a word þat is isprunge wide:</L></DIV1><DIV1 NODE="OwlC:4" TYPE="supplied line groups"><HEAD TYPE="supplied">Lines 301 through 400</HEAD><L>"Þat wit þe fule haueþ imene,</L><L>ne cumeþ he neuer from him cleine."</L><L>Wenestu þat haueck bo þe worse</L><L>þoȝ crowe bigrede him bi þe mershe, <EPB/><PB N="30"/></L><L N="305">&amp; goþ to him mid hore chirme</L><L>riȝt so hi wille wit him schirme?</L><L>Þe hauec folȝeþ gode rede, 
<MILESTONE N="235r.2" UNIT="folio"/></L><L>&amp; fliȝt his wei &amp; lat him grede."</L><L>   "Ȝet þu me seist of oþer þinge,</L><L N="310">&amp; telst þat ich ne can noȝt singe,</L><L>ac al mi rorde is woning,</L><L>&amp; to ihire grislich þing.</L><L>Þat nis noȝt soþ, ich singe efne,</L><L>mid fulle dreme &amp; lude stefne.</L><L N="315">Þu wenist þat ech song bo grislich,</L><L>þat þine pipinge nis ilich.</L><L>Mi stefne is [bold] &amp; noȝt unorne,</L><L>ho is ilich one grete horne,</L><L>&amp; þin is ilich one pipe,</L><L N="320">of one smale wode unripe.</L><L>Ich singe bet þan þu dest:</L><L>þu chaterest so doþ on Irish prost.</L><L>Ich singe an eue a riȝte time,</L><L>&amp; soþþe won hit is bed-time,</L><L N="325">þe þridde siþe a[t] middel-niȝte:</L><L>&amp; so ich mine song adiȝte</L><L>wone ich iso arise vorre</L><L>oþer dai-rim oþer dai-sterre.</L><L>Ich do god mid mine þrote,</L><L N="330">&amp; warni men to hore note.</L><L>Ac þu singest alle longe niȝt,</L><L>from eue fort hit is dai-liȝt,</L><L>&amp; eure seist þin o song</L><L>so longe so þe niȝt is long:  <EPB/><PB N="32"/></L><L N="335">  &amp; eure croweþ þi wrecche crei,</L><L>þat he ne swikeþ niȝt ne dai.</L><L>Mid þine pipinge þu adunest</L><L>þas monnes earen þar þu wunest,</L><L>&amp; makest þine song so unw[u]rþ</L><L N="340">þa[t] me ne telþ of þar noȝ[t] w[u]rþ.</L><L>Eurich murȝþe mai so longe ileste <MILESTONE N="235v.1" UNIT="folio"/></L><L>þat ho shal liki wel unwreste:</L><L>vor harpe, &amp; pipe, &amp; fuȝeles [song]</L><L>mislikeþ, ȝif hit is to long.</L><L N="345">Ne bo þe song neuer so murie,</L><L>þat he ne shal þinche wel unmurie</L><L>ȝef he ilesteþ ouer unwille:</L><L>so þu miȝt þine song aspille.</L><L>Vor hit is soþ, Alured hit seide,</L><L N="350">&amp; me hit mai ine boke rede:</L><L>"Eurich þing mai losen his godhede</L><L>mid unmeþe &amp; mid ouerdede."</L><L>Mid este þu þe miȝt ouerquatie,</L><L>&amp; ouerfulle makeþ wlatie: <EPB/><PB N="34"/></L><L N="355">an eurich mureȝþe mai agon</L><L>ȝif me hit halt eure forþ in on,</L><L>bute one, þat is Godes riche,</L><L>þat eure is svete &amp; eure iliche:</L><L>þeȝ þu nime eure o[f] þan lepe,</L><L N="360">hit is eure ful bi hepe.</L><L>Wunder hit is of Godes riche,</L><L>þat eure spenþ &amp; euer is iliche.</L><L>   ȝut þu me seist an oþer shome,</L><L>þat ich a[m] on mine eȝen lome,</L><L N="365">an seist, for þat ich flo bi niȝte,</L><L>þat ich ne mai iso bi liȝte.</L><L>Þu liest! on me hit is isene</L><L>þat ich habbe gode sene:</L><L>vor nis non so dim þusternesse</L><L N="370">þat ich euer iso þe lasse.</L><L>Þu wenest þat ich ne miȝte iso,</L><L>vor ich bi daie noȝt ne flo.</L><L>Þe hare luteþ al dai,</L><L>ac noþeles iso he mai.</L><L N="375">Ȝif hundes urneþ to him-ward, 
<MILESTONE N="235v.2" UNIT="folio"/></L><L>[h]e gengþ wel suiþe awai-ward,</L><L>&amp; hokeþ paþes sviþe narewe,</L><L>&amp; haueþ mid him his blenches ȝarewe,</L><L>&amp; hupþ &amp; star[t] suþe coue,</L><L N="380">an secheþ paþes to þe groue:</L><L>ne sholde he uor boþe his eȝe</L><L>so don, ȝif he þe bet niseȝe. <EPB/><PB N="36"/></L><L>Ich mai ison so wel so on hare,</L><L>þeȝ ich bi daie sitte an dare.</L><L N="385">Þar aȝte men [boþ] in worre,</L><L>an fareþ boþe ner an forre,</L><L>an oueruareþ fele [þ]ode,</L><L>an doþ bi niȝte gode node,</L><L>ich folȝi þan aȝte manne,</L><L N="390">an flo bi niȝte in hore banne."</L><L>   Þe niȝtingale in hire þoȝte</L><L>athold al þis, &amp; longe þoȝte</L><L>wat ho þarafter miȝte segge:</L><L>vor ho ne miȝte noȝt alegge</L><L N="395">þat þe hule hadde hire ised,</L><L>vor he spac boþe riȝt an red.</L><L>An hire ofþuȝte þat ho hadde</L><L>þe speche so for uorþ iladde,</L><L>an was oferd þat hire answare</L><L N="400">ne w[u]rþe noȝt ariȝt ifare.</L></DIV1><DIV1 NODE="OwlC:5" TYPE="supplied line groups"><HEAD TYPE="supplied">Lines 401 through 500</HEAD><L>Ac noþeles he spac boldeliche,</L><L>vor he is wis þat hardeliche</L><L>wiþ is uo berþ grete ilete,</L><L>þat he uor areȝþe hit ne forlete: <EPB/><PB N="38"/></L><L N="405">vor suich worþ bold ȝif þu [fliȝst],</L><L>þat w[u]le flo ȝif þu [n]isvicst;</L><L>ȝif he isiþ þat þu nart areȝ,</L><L>he wile of [bore] w[u]rchen bareȝ.</L><L>&amp; forþi, þeȝ þe niȝtingale <MILESTONE N="236r.1" UNIT="folio"/></L><L N="410">were aferd, ho spac bolde tale.   </L><L>   "[H]ule" ho seide " wi dostu so?</L><L>þu singest a-winter wolawo!</L><L>þu singest so doþ hen a-snowe,</L><L>al þat ho singeþ hit is for wowe.</L><L N="415">A-wintere þu singest wroþe &amp; ȝomere,</L><L>an eure þu art dumb a-sumere.</L><L>Hit is for þine fule niþe</L><L>þat þu ne miȝt mid us bo bliþe,</L><L>vor þu forbernest wel neȝ for onde</L><L N="420">wane ure blisse cumeþ to londe.</L><L>þu farest so doþ þe ille,</L><L>evrich blisse him is unwille:</L><L>grucching &amp; luring him boþ rade,</L><L>ȝif he isoþ þat men boþ glade. <EPB/><PB N="40"/></L><L N="425">He wolde þat he iseȝe</L><L>teres in evrich monnes eȝe:</L><L>ne roȝte he þeȝ flockes were</L><L>imeind bi toppes &amp; bi here.</L><L>Al so þu dost on þire side:</L><L N="430">vor wanne snov liþ þicke &amp; wide,</L><L>an alle wiȝtes habbeþ sorȝe,</L><L>þu singest from eue fort a-morȝe.</L><L>Ac ich alle blisse mid me bringe:</L><L>ech wiȝt is glad for mine þinge,</L><L N="435">&amp; blisseþ hit wanne ich cume,</L><L>&amp; hiȝteþ aȝen mine kume.</L><L>Þe blostme ginneþ springe &amp; sprede,</L><L>boþe ine tro &amp; ek on mede.</L><L>Þe lilie mid hire faire wlite</L><L N="440">wolcumeþ me, þat þu hit w[i]te,</L><L>bit me mid hire faire blo</L><L>þat ich shulle to hire flo. <EPB/><PB N="42"/></L><L>Þe rose also mid hire rude, 
<MILESTONE N="236r.2" UNIT="folio"/></L><L>þat cumeþ ut of þe þorne wode,</L><L N="445">bit me þat ich shulle singe</L><L>vor hire luue one skentinge:</L><L>&amp; ich so do þurȝ niȝt &amp; dai,</L><L>þe more ich singe þe more I mai,</L><L>an skente hi mid mine songe,</L><L N="450">ac noþeles noȝt ouerlonge;</L><L>wane ich iso þat men boþ glade,</L><L>ich nelle þat hi bon to sade:</L><L>þan is ido vor wan ich com,</L><L>ich fare aȝen &amp; do wisdom.</L><L N="455">Wane mon hoȝeþ of his sheue,</L><L>an falewi cumeþ on grene leue,</L><L>ich fare hom &amp; nime leue:</L><L>ne recche ich noȝt of winteres reue.</L><L>wan ich iso þat cumeþ þat harde,</L><L N="460">ich fare hom to min erde,</L><L>an habbe boþe luue &amp; þonc</L><L>þat ich her com &amp; hider swonk.</L><L>Þan min erende is ido,</L><L>sholde ich bileue? nai, [w]arto?</L><L N="465">vor he nis noþer ȝep ne wis,</L><L>þat longe abid þar him nod nis."</L><L>   Þos hule luste, &amp; leide an hord</L><L>al þis mot, word after word,</L><L>an after þoȝte hu he miȝte</L><L N="470">ansvere uinde best mid riȝte:</L><L>vor he mot hine ful wel biþenche,</L><L>þat is aferd of plaites wrenche.</L><L>   "Þv aishest me," þe hule sede,</L><L>"wi ich a-winter singe &amp; grede. <EPB/><PB N="44"/></L><L N="475">Hit is gode monne iwone,</L><L>an was from þe worlde frome,</L><L>þat ech god man his frond icnowe, 
<MILESTONE N="236v.1" UNIT="folio"/></L><L>an blisse mid hom sume þrowe</L><L>in his huse at his borde,</L><L N="480">mid faire speche &amp; faire worde.</L><L>&amp; hure &amp; hure to Cristesmasse,</L><L>þane riche &amp; poure, more &amp; lasse,</L><L>singeþ cundut niȝt &amp; dai,</L><L>ich hom helpe what ich mai.</L><L N="485">&amp; ek ich þenche of oþer þinge</L><L>þane to pleien oþer to singe.</L><L>Ich habbe herto gode ansuare</L><L>anon iredi &amp; al ȝare:</L><L>vor sumeres-tide is al to [w]lonc,</L><L N="490">an doþ misreken monnes þonk:</L><L>vor he ne recþ noȝt of clennesse,</L><L>al his þoȝt is of golnesse:</L><L>vor none dor no leng nabideþ,</L><L>ac eurich upon oþer rideþ:</L><L N="495">þe sulue stottes ine þe stode</L><L>boþ boþe wilde &amp; mere-wode.</L><L>&amp; þu sulf art þar-among,</L><L>for of golnesse is al þi song,</L><L>an aȝen þet þu w[i]lt teme,</L><L N="500">þu art wel modi &amp; wel breme.</L></DIV1><DIV1 NODE="OwlC:6" TYPE="supplied line groups"><HEAD TYPE="supplied">Lines 501 through 600</HEAD><L>Sone so þu hau[e]st itrede,</L><L>ne miȝtu leng a word iqueþe,</L><L>ac pipest al so doþ a mose,</L><L>mid chokeringe, mid steune hose. <EPB/><PB N="46"/></L><L N="505">ȝet þu singst worse þon þe heisugge,</L><L>[þ]at fliȜþ bi grunde among þe stubbe:</L><L>wane þi lust is ago,</L><L>þonne is þi song ago also.</L><L>A-sumere chorles awedeþ</L><L N="510">&amp; uorcrempeþ &amp; uorbredeþ:</L><L>hit nis for luue noþeles,</L><L>ac is þe chorles wode res; <MILESTONE N="236v.2" UNIT="folio"/></L><L>vor wane he haueþ ido his dede,</L><L>ifallen is al his boldhede,</L><L N="515">habbe he istunge under gore,</L><L>ne last his luue no leng more.</L><L>Al so hit is on þine mode:</L><L>so sone so þu sittest a-brode,</L><L>þu forlost al þine wise.</L><L N="520">Al so þu farest on þine rise:</L><L>wane þu hauest ido þi gome,</L><L>þi steune goþ anon to shome.</L><L>Ac [w]ane niȝtes cumeþ longe,</L><L>&amp; b[r]ingeþ forstes starke an stronge,</L><L N="525">þanne erest hit is isene</L><L>war is þe snelle, [w]ar is þe kene.</L><L>At þan harde me mai auinde</L><L>[w]o geþ forþ, wo liþ bihinde.</L><L>Me mai ison at þare node,</L><L N="530">[w]an me shal harde wike bode; <EPB/><PB N="48"/></L><L>þanne ich am snel &amp; pleie &amp; singe,</L><L>&amp; hiȝte me mid mi skentinge:</L><L>of none wintere ich ne recche,</L><L>vor ich nam non asv[u]nde wrecche.</L><L N="535">&amp; ek ich frouri uele wiȝte</L><L>þat mid hom nabbe[þ] none miȝtte:</L><L>hi boþ hoȝfule &amp; uel arme,</L><L>an secheþ ȝorne to þe warme;</L><L>oft ich singe uor hom þe more</L><L N="540">for lutli sum of hore sore.</L><L>Hu þincþ þe? artu ȝut inume?</L><L>Artu mid riȝte ouercume?"</L><L>   "Nay, nay!" sede þe niȝtingale,</L><L>" þu shalt ihere anoþer tale:</L><L N="545">ȝet nis þos speche ibroȝt to dome. <MILESTONE N="237r.1" UNIT="folio"/></L><L>Ac bo wel stille, &amp; lust nu to me</L><L>ich shal mid one bare worde</L><L>do þat þi speche [wurþ] forworþe."</L><L>   "Þat nere noht riȝt" þe hule sede,</L><L N="550">"þu hauest bicloped al so þu bede, <EPB/><PB N="50"/></L><L>an ich þe habbe iȝiue ansuare.</L><L>Ac ar we to unker dome fare,</L><L>ich wille speke toward þe</L><L>al so þu speke toward me;</L><L N="555">an þu me ansuare ȝif þu miȝt.</L><L>Seie me nu, þu wrecche wiȝt,</L><L>is in þe eni oþer note</L><L>bute þu hauest schille þrote?</L><L>Þu nart noȝt to non oþer þinge,</L><L N="560">bute þu canst of chateringe:</L><L>vor þu art lutel an unstrong,</L><L>an nis þi regel noþing long.</L><L>Wat dostu godes among monne?</L><L>Na mo þe deþ a w[re]cche wranne.</L><L N="565">Of þe ne cumeþ non oþer god,</L><L>bute þu gredest suich þu bo wod:</L><L>an bo þi piping ouergo,</L><L>ne boþ on þe craftes namo.</L><L>Alured sede, þat was wis:</L><L N="570">(he miȝte wel, for soþ hit is,)</L><L>"Nis no man for is bare songe</L><L>lof ne w[u]rþ noȝt suþe longe:</L><L>vor þat is a forworþe man</L><L>þat bute singe noȝt ne can."</L><L N="575">Þu nart bute on forworþe þing:</L><L>on þe nis bute chatering.</L><L>Þu art dim an of fule howe,</L><L>an þinchest a lutel soti clowe. <EPB/><PB N="52"/></L><L>Þu nart fair, no þu nart strong, 
<MILESTONE N="237r.2" UNIT="folio"/></L><L N="580">ne þu nart þicke, ne þu nart long:   </L><L>þu hauest imist al of fairhede,</L><L>an lutel is al þi godede.</L><L>An oþer þing of þe ich mene,</L><L>þu nart vair ne þu nart clene.</L><L N="585">Wane þu comest to manne haȝe,</L><L>þar þornes boþ &amp; ris idraȝe,</L><L>bi hegge &amp; bi þicke wode,</L><L>þar men goþ oft to hore node,</L><L>þarto þu draȝst, þarto þu w[u]nest,</L><L N="590">an oþer clene stede þu schunest.</L><L>Þan ich flo niȝtes after muse,</L><L>I mai þe uinde ate rum-huse;</L><L>among þe wode, among þe netle,</L><L>þu sittest &amp; singst bihinde þe setle:</L><L N="595">þar me mai þe ilomest finde,</L><L>þar men worpeþ hore bihinde.</L><L>Ȝet þu atuitest me mine mete,</L><L>an seist þat ich fule wiȝtes ete.</L><L>Ac wat etestu, þat þu ne liȝe,</L><L N="600">bute attercoppe &amp; fule ulige,</L></DIV1><DIV1 NODE="OwlC:7" TYPE="supplied line groups"><HEAD TYPE="supplied">Lines 601 through 700</HEAD><L>an wormes, ȝif þu miȝte finde</L><L>among þe uolde of harde rinde?</L><L>Ȝet ich can do wel gode wike,</L><L>vor ich can loki manne wike:</L><L N="605">an mine wike boþ wel gode,</L><L>vor ich helpe to manne uode.</L><L>Ich can nimen mus at berne,</L><L>an ek at chirche ine þe derne:</L><L>vor me is lof to Cristes huse,</L><L N="610">to clansi hit wiþ fule muse,</L><L>ne schal þar neure come to</L><L>ful wiȝt, ȝif ich hit mai iuo. <EPB/><PB N="54"/></L><L>An ȝif me lust one mi skentinge <MILESTONE N="237v.1" UNIT="folio"/></L><L>to wernen oþer w[u]nienge,</L><L N="615">ich habbe at wude tron wel grete,</L><L>mit þicke boȝe noþing blete,</L><L>mid iui grene al bigrowe,</L><L>þat eure stont iliche iblowe,</L><L>an his hou neuer ne uorlost,</L><L N="620">wan hit sniuw ne wan hit frost.</L><L>Þarin ich habbe god ihold,</L><L>a-winter warm, a -sumere cold.</L><L>Wane min hus stont briȝt &amp; grene,</L><L>of þine nis noþing isene.</L><L N="625">Ȝet þu me telst of oþer þinge,</L><L>of mine briddes seist gabbinge,</L><L>þat hore nest nis noȝt clene.</L><L>Hit is fale oþer wiȝte imene:</L><L>vor hors a-stable &amp; oxe a-stalle</L><L N="630">[d]oþ al þat hom wule þar falle.</L><L>An lutle children in þe cradele,</L><L>boþe chorles an ek aþele,</L><L>[d]oþ al þat in hore ȝoeþe</L><L>þat hi uorleteþ in hore duȝeþe.</L><L N="635">Wat! can þat ȝongling hit bihede?</L><L>Ȝif hit misdeþ, hit mo[t] nede:</L><L>a uorbisne is of olde i[vu]rne,</L><L>[þ]at node makeþ old wif urne. <EPB/><PB N="56"/></L><L>An ȝet ich habbe an oþer andsware:</L><L N="640">wiltu to mine neste uare</L><L>an loki hu hit is idiȝt?</L><L>Ȝif þu art wis lorni þu [miȝt]:</L><L>mi nest is holȝ &amp; rum amidde,</L><L>so hit is softest mine bridde.</L><L N="645">Hit is broiden al abute,</L><L>vrom þe neste uor wiþute:</L><L>þarto hi go[þ] to hore node, <MILESTONE N="237v.2" UNIT="folio"/></L><L>ac þat þu menest ich hom forbode.</L><L>We nimeþ ȝeme of manne bure,</L><L N="650">an after þan we makeþ ure:</L><L>men habbet, among oþer i[h]ende,</L><L>a rum-hus at hore bures ende,</L><L>vor þat hi nelleþ to uor go,</L><L>an mine briddes doþ al so.</L><L N="655">Site nu stille, chaterestre!</L><L>nere þu neuer ibunde uastre:</L><L>herto ne uindestu neuer andsware.</L><L>Hong up þin ax! nu þu miȝt fare!"</L><L>Þe niȝtingale at þisse worde</L><L></L><L N="660">was wel neȝ ut of rede iworþe,</L><L>an þoȝte ȝorne on hire mode</L><L>ȝif ho oȝt elles understode,</L><L>ȝif ho kuþe oȝt bute singe,</L><L>þat miȝte helpe to oþer þinge. <EPB/><PB N="58"/></L><L N="665">Herto ho moste andswere uinde,</L><L>oþer mid alle bon bihinde:</L><L>an hit is suþe strong to fiȝte</L><L>aȝen soþ &amp; aȝen riȝte.</L><L>He mot gon to al mid ginne,</L><L N="670">þan þe horte boþ on [w]inne:</L><L>an þe man mot on oþer segge,</L><L>he mot bihemmen &amp; bilegge,</L><L>ȝif muþ wiþute mai biwro</L><L>þat me þe horte noȝt niso:</L><L N="675">an sone mai a word misreke</L><L>þar muþ shal aȝen horte speke;</L><L>an sone mai a word misstorte</L><L>þar muþ shal speken aȝen horte.</L><L>Ac noþeles ȝut upe þon,</L><L N="680">her is to red wo hine kon:</L><L>vor neuer nis wit so kene 
<MILESTONE N="238r.1" UNIT="folio"/></L><L>so þane red him is a-wene.</L><L>þanne erest kume[þ] his ȝephede</L><L>wone hit is alre-mest on drede:</L><L N="685">for Aluered seide of olde quide,</L><L>an ȝut hit nis of horte islide:</L><L>"Wone þe bale is alre-hecst,</L><L>þonne is þe bote alre-necst"; <EPB/><PB N="60"/></L><L>vor wit west among his sore,</L><L N="690">an for his sore hit is þe more.</L><L>Vorþi nis neuere mon redles</L><L>ar his horte bo witles:</L><L>ac ȝif þat he forlost his wit,</L><L>þonne is his red-purs al to-slit;</L><L N="695">ȝif he ne kon his wit atholde,</L><L>ne uint he red in one uolde.</L><L>Vor Alur[e]d seide, þat wel kuþe,</L><L>eure he spac mid soþe muþe:</L><L>"Wone þe bale is alre-hecst,</L><L N="700">þanne is þe bote alre-nest."</L></DIV1><DIV1 NODE="OwlC:8" TYPE="supplied line groups"><HEAD TYPE="supplied">Lines 701 through 800</HEAD><L>   Þe niȝtingale al hire hoȝe</L><L>mid rede hadde wel bitoȝe;</L><L>among þe harde, among þe toȝte,</L><L>ful wel mid rede hire biþoȝte,</L><L N="705">an hadde andsuere gode ifunde</L><L>among al hire harde stunde.</L><L>   "[H]ule, þu axest me," ho seide,</L><L>"ȝif ich kon eni oþer dede</L><L>bute singen in sume tide,</L><L N="710">an bringe blisse for &amp; wide.</L><L>Wi axestu of craftes mine?</L><L>Betere is min on þan alle þine,</L><L>betere is o song of mine muþe</L><L>þan al þat eure þi kun kuþe:</L><L N="715">an lust, ich telle þe wareuore. 
<MILESTONE N="238r.2" UNIT="folio"/></L><L>Wostu to wan man was ibore?</L><L>To þare blisse of houene-riche,</L><L>þar euer is song &amp; murȝþe iliche: <EPB/><PB N="62"/></L><L>þider fundeþ eurich man</L><L N="720">þat eni þing of gode kan.</L><L>Vorþi me singþ in holi-chirche,</L><L>an clerkes ginneþ songes wirche,</L><L>þat man iþenche bi þe songe</L><L>wider he shal, &amp; þar bon longe:</L><L N="725">þat he þe murȝþe ne uorȝete,</L><L>ac þarof þenche &amp; biȝete,</L><L>an nime ȝeme of chirche steuene,</L><L>hu murie is þe blisse of houene.</L><L>Clerkes, munekes, &amp; kanunes,</L><L N="730">þar boþ þos gode wicke-tunes,</L><L>ariseþ up to midel-niȝte,</L><L>an singeþ of þe houene-liȝte:</L><L>an prostes upe londe singeþ,</L><L>wane þe liȝt of daie springeþ.</L><L N="735">An ich hom helpe wat I mai,</L><L>ich singe mid hom niȝt &amp; dai,</L><L>an ho boþ alle for me þe gladdere,</L><L>an to þe songe boþ þe raddere.</L><L>Ich warni men to hore gode,</L><L N="740">þat hi bon bliþe on hore mode,</L><L>an bidde þat hi moten iseche</L><L>þan ilke song þat euer is eche.</L><L>Nu þu miȝt, hule, sitte &amp; clinge:</L><L>her-among nis no chateringe:</L><L N="745">ich graunti þat [w]e go to dome</L><L>tofore þe [sulfe Pope] of Rome. <EPB/><PB N="64"/></L><L>Ac abid ȝete, noþeles,</L><L>þu shalt ihere an oþer [h]es;</L><L>ne shaltu, for Engelonde, 
<MILESTONE N="238v.1" UNIT="folio"/></L><L N="750">at þisse worde me atstonde.     </L><L>Wi atuitestu me mine unstrengþe,</L><L>an mine ungrete &amp; mine unlengþe,</L><L>an seist þat ich nam noȝt strong,</L><L>vor ich nam noþer gret ne long?</L><L N="755">Ac þu nost neuer wat þu menst,</L><L>bute lese wordes þu me lenst:</L><L>for ich kan craft &amp; ich kan liste,</L><L>an [þ]areuore ich am þus þriste.</L><L>Ich kan wit &amp; song man[t]eine,</L><L N="760">ne triste ich to non oþer maine:</L><L>vor soþ hit is þat seide Alured:</L><L>"Ne mai no strengþe aȝen red." <EPB/><PB N="66"/></L><L>Oft spet wel a lute liste,</L><L>þar muche strengþe sholde miste;</L><L N="765">mid lutle strengþe, þurȝ ginne,</L><L>castel &amp; burȝ me mai iwinne.</L><L>Mid liste me mai walle[s] felle,</L><L>an worpe of horsse kniȝtes snelle.</L><L>Vuel strengþe is lutel wurþ,</L><L N="770"> *     *     *     *     *</L><L> *     *     *     *     *</L><L>ac wisdom naueþ non euening.</L><L>An hors is strengur þan a mon;</L><L>ac for hit non iwit ne kon,</L><L N="775">hit berþ on rugge grete semes,</L><L>an draȝþ biuore grete temes, <EPB/><PB N="68"/></L><L>an þoleþ boþe ȝerd &amp; spure,</L><L>an stont iteid at mulne dure.</L><L>An hit deþ þat mon hit hot:</L><L N="780">an for þan þat hit no wit not,</L><L>ne mai his strenþe hit ishilde</L><L>þat hit nabuȝþ þe lutle childe.</L><L>Mon deþ, mid strengþe &amp; mid witte,</L><L>þat oþer þing nis non his fitte.</L><L N="785">Þeȝ alle strengþe at one were, 
<MILESTONE N="238v.2" UNIT="folio"/></L><L>monnes wit ȝet more were;</L><L>vor þe mon mid his crafte,</L><L>ouerkumeþ al orþliche shafte.</L><L>Al so ich do mid mine one songe</L><L N="790">bet þan þu al þe ȝer longe:</L><L>vor mine crafte men me luuieþ,</L><L>vor þine strengþe men þe shunieþ.</L><L>Telstu bi me þe wurs for þan</L><L>þat ich bute anne craft ne kan?</L><L N="795">Ȝif tueie men goþ to wraslinge,</L><L>an eiþer oþer faste þringe,</L><L>an þe on can swenges suþe fele,</L><L>an kan his wrenches wel forhele,</L><L>an þe oþer ne can sweng but anne,</L><L N="800">an þe is god wiþ eche manne,</L></DIV1><DIV1 NODE="OwlC:9" TYPE="supplied line groups"><HEAD TYPE="supplied">Lines 801 through 900</HEAD><L>an mid þon one leiþ to grunde</L><L>anne after oþer a lutle stunde,</L><L>[w]at þarf he recche of a mo swenge,</L><L>þone þe on him is swo genge? <EPB/><PB N="70"/></L><L N="805">Þ[u] seist þat þu canst fele wike,</L><L>ac euer ich am þin unilike.</L><L>Do þine craftes alle togadere,</L><L>ȝet is min on horte betere.</L><L>Oft þan hundes foxes driueþ,</L><L N="810">þe kat ful wel him sulue liueþ,</L><L>þeȝ he ne kunne wrench bute anne.</L><L>Þe fo[x] so godne ne can nanne,</L><L>þe[ȝ] he kunne so uele wrenche,</L><L>þat he wenþ eche hunde atprenche.</L><L N="815">Vor he can paþes riȝte &amp; woȝe,</L><L>an he kan hongi bi þe boȝe,</L><L>an so forlost þe hund his fore,</L><L>an turnþ aȝen eft to þan more.</L><L>Þe uox kan crope bi þe heie, 
<MILESTONE N="239r.1" UNIT="folio"/></L><L N="820">an turne ut from his forme weie,   </L><L>an eft sone kume þarto:</L><L>þonne is þe hundes smel fordo:</L><L>he not, þur[ȝ] þe imeinde smak,</L><L>weþer he shal auorþ þe abak.</L><L N="825">Ȝif þe uox mist of al þis dwole,</L><L>at þan ende he cropþ to hole: <EPB/><PB N="72"/></L><L>ac naþeles mid alle his wrenche,</L><L>ne kan he hine so biþenche,</L><L>þeȝ he bo ȝep an suþe snel,</L><L N="830">þat he ne lost his rede uel.</L><L>Þe cat ne kan wrench bute anne</L><L>noþer bi dune ne bi uenne:</L><L>bute he kan climbe suþe wel,</L><L>þarmid he wereþ his greie uel.</L><L N="835">Al so ich segge bi mi solue,</L><L>betere is min on þan þine twelue."</L><L>   "Abid! abid!" þe ule seide,</L><L>"þu gest al to mid swikelede:</L><L>alle þine wordes þu bileist</L><L N="840">þat hit þincþ soþ al þat þu seist;</L><L>alle þine wordes boþ isliked,</L><L>an so bisemed an biliked,</L><L>þat alle þo þat hi auoþ,</L><L>hi weneþ þat þu segge soþ.</L><L N="845">Abid! abid! me shal þe ȝene.</L><L>[N]u hit shal w[u]rþe wel isene</L><L>þat þu hauest muchel iloȝe,</L><L>wone þi lesing boþ unwroȝe.</L><L>Þu seist þat þu singist mankunne,</L><L N="850">&amp; techest hom þat hi fundieþ honne</L><L>vp to þe songe þat eure ilest:</L><L>ac hit is alre w[u]nder mest,</L><L>þat þu darst liȝe so opeliche. 
<MILESTONE N="239r.2" UNIT="folio"/></L><L>Wenest þu hi bringe so liȝtliche</L><L N="855">to Godes riche al singin[d]e?</L><L>Nai! nai! hi shulle wel auinde <EPB/><PB N="74"/></L><L>þat hi mid longe wope mote</L><L>of hore sunnen bidde bote,</L><L>ar hi mote euer kume þare.</L><L N="860">Ich rede þi þat men bo ȝare,</L><L>an more wepe þane singe,</L><L>þat fundeþ to þan houen-kinge:</L><L>vor nis no man witute sunne.</L><L>Vorþi he mot, ar he wende honne,</L><L N="865">mid teres an mid wope bete,</L><L>þat him bo sur þat er was swete.</L><L>Þarto ich helpe, God hit wot!</L><L>Ne singe i[c]h hom no foliot:</L><L>for al m[i] song is of longinge,</L><L N="870">an imend sumdel mid woninge,</L><L>þat mon bi me hine biþenche</L><L>þat he gro[ni] for his unwrenche:</L><L>mid mine songe ich hine pulte,</L><L>þat he groni for his gulte.</L><L N="875">Ȝif þu gest herof to disputinge,</L><L>ich wepe bet þane þu singe:</L><L>ȝif riȝt goþ forþ, &amp; abak wrong,</L><L>betere is mi wop þane þi song.</L><L>Þeȝ sume men bo  þurȝut gode,</L><L N="880">an þurȝut clene on hore mode,</L><L>ho[m] longeþ honne noþeles.</L><L>Þat boþ her, [w]o is hom þes:</L><L>vor þeȝ hi bon hom solue iborȝe,</L><L>hi ne soþ her nowiȝt bote sorwe.</L><L N="885">Vor oþer men hi wepeþ sore,</L><L>an for hom biddeþ Cristes ore. <EPB/><PB N="76"/></L><L>Ich helpe monne on eiþer halue, 
<MILESTONE N="239v.1" UNIT="folio"/></L><L>mi muþ haueþ tweire kunne salue :</L><L>þan gode ich fulste to longinge,</L><L N="890">vor þan hi[m] longeþ, ich him singe:</L><L>an þan sunfulle ich helpe alswo,</L><L>vor ich him teche þare is wo.</L><L>Ȝet ich þe ȝene in oþer wise:</L><L>vor þane þu sittest on þine rise,</L><L N="895">þu draȝst men to fleses luste,</L><L>þat w[u]lleþ þine songes luste.</L><L>Al þu forlost þe murȝþe of houene,</L><L>for þarto neuestu none steuene :</L><L>al þat þu singst is of golnesse,</L><L N="900">for nis on þe non holinesse,</L></DIV1><DIV1 NODE="OwlC:10" TYPE="supplied line groups"><HEAD TYPE="supplied">Lines 901 through 1000</HEAD><L>ne wene[þ] na man for þi pipinge</L><L>þat eni preost in chir[ch]e singe.</L><L>Ȝet I þe wulle an o[þ]er segge,</L><L>ȝif þu hit const ariht bilegge:</L><L N="905">[w]i nultu singe an o[þ]er þeode,</L><L>þar hit is muchele more neode?</L><L>Þu neauer ne singst in Irlonde,</L><L>ne þu ne cumest noȝt in Scotlonde.</L><L>Hwi nultu fare to Noreweie,</L><L N="910">an singin men of Galeweie? <EPB/><PB N="78"/></L><L>Þar beoð men þat lutel kunne</L><L>of songe þat is bineoð þe sunne.</L><L>Wi nultu þare preoste singe,</L><L>an teche of þire writelinge,</L><L N="915"> an wisi hom mid þire steuene</L><L>hu engeles singeð ine heouene?</L><L>Þu farest so doð an ydel wel</L><L>þat springeþ bi burue þa[t] is snel,</L><L>an let fordrue þe dune,</L><L N="920">&amp; flo[þ] on idel þar adune.</L><L>Ac ich fare boþe norþ &amp; s[u]þ: 
<MILESTONE N="239v.2" UNIT="folio"/></L><L>in eauereuch londe ich am cuuþ:</L><L>east &amp; west, feor &amp; neor,</L><L>I do wel faire mi meoster,</L><L N="925">an warni men mid mine bere,</L><L>þat þi dweole-song heo ne forlere.</L><L>Ich wisse men mid min[e] songe,</L><L>þat hi ne sunegi nowiht longe :</L><L>I bidde hom þat heo iswike,</L><L N="930">þat [heo] heom seolue ne biswike:</L><L>for betere is þat heo wepen here,</L><L>þan elles hwar [beon] deoulene fere."</L><L>   Þe niȝtingale was igr[amed]</L><L>an ek heo was sum del of[s]chamed,</L><L N="935">for þe hule hire atwiten hadde</L><L>in hwucche stude he sat an gradde,</L><L>bihinde þe bure, among þe wede,</L><L>þar men goð to here neode: <EPB/><PB N="80"/></L><L>an sat sum-del, &amp; heo biþohte,</L><L N="940">an wiste wel on hire þohte</L><L>þe wraþþe binimeþ monnes red.</L><L>For hit seide þe king Alfred:</L><L>"Sel[d]e endeð wel þe loþe,</L><L>an selde plaideð wel þe wroþe."</L><L N="945">For wraþþe meinþ þe horte blod</L><L>þat hit floweþ so wilde flod,</L><L>an al þe heorte ouergeþ,</L><L>þat heo naueþ no þing bute breþ,</L><L>an so forleost al hire liht,</L><L N="950">þat heo ni siþ soþ ne riht.</L><L>Þe niȝtingale hi understod,</L><L>an ouergan lette hire mod:</L><L>he mihte bet speken a-sele</L><L>þan mid wraþþe wordes deale.</L><L N="955">   "[H]ule," heo seide "lust nu hider: 
<MILESTONE N="240r.1" UNIT="folio"/></L><L>þu schalt falle, þe wei is slider.</L><L>Þu seist ich fleo bihinde bure:</L><L>hit is riht, þe bur is ure:</L><L>þar lauerd liggeþ &amp; lauedi,</L><L N="960">ich schal heom singe &amp; sitte bi.</L><L>Wenstu þat uise men forlete,</L><L>for fule venne, þe riȝtte strete ?</L><L>ne sunne þe later shine,</L><L>þeȝ hit bo ful ine nest[e] þine?</L><L N="965">Sholde ich, for one hole brede,</L><L>forlete mine riȝte stede, <EPB/><PB N="82"/></L><L>þat ich ne singe bi þe bedde,</L><L>þar louerd haueþ his loue ibedde?</L><L>Hit is mi riȝt, hit is mi laȝe,</L><L N="970">þa[t] to þe he[x]st ich me draȝe.</L><L>Ac ȝet þu ȝelpst of þine songe,</L><L>þat þu canst ȝolle wroþe &amp; stronge,</L><L>an seist þu uisest mankunne,</L><L>þat hi biwepen hore sunne.</L><L N="975">Solde euch mon wonie &amp; grede</L><L>riȝt suich hi weren unlede,</L><L>solde hi ȝollen al so þu dest,</L><L>hi miȝte oferen here brost.</L><L>Man schal bo stille &amp; noȝt grede;</L><L N="980">he mot biwepe his misdede:</L><L>ac þar is Cristes heriinge,</L><L>þar me shal grede &amp; lude singe.</L><L>Nis noþer to lud ne to long,</L><L>at riȝte time, chirche-song.</L><L N="985">Þu ȝolst &amp; wones[t], &amp; ich singe:</L><L>þi steuene is wop, &amp; min skentinge.</L><L>Euer mote þu ȝolle &amp; wepen</L><L>þat þu þi lif mote forleten!</L><L>an ȝollen mote þu so heȝe <MILESTONE N="240r.2" UNIT="folio"/></L><L N="990">þat ut berste bo þin eȝe!       </L><L>Weþer is betere of twe[n]e twom,</L><L>þat mon bo bliþe oþer grom ? <EPB/><PB N="84"/></L><L>So bo hit euer in unker siþe,</L><L>þat þu bo sori &amp; ich bliþe.</L><L N="995">Ȝut þu aisheist wi ich ne fare</L><L>into oþer londe &amp; singe þare?</L><L>No! wat sholde ich among hom do,</L><L>þar neuer blisse ne com to?</L><L>Þat lond nis god, ne hit nis este,</L><L N="1000">ac wildernisse hit is &amp; weste:</L></DIV1><DIV1 NODE="OwlC:11" TYPE="supplied line groups"><HEAD TYPE="supplied">Lines 1001 through 1100</HEAD><L>knarres &amp; cludes houen[e]-tinge,</L><L>snou &amp; haȝel hom is genge.</L><L>Þat lond is grislich &amp; unuele,</L><L>þe men boþ wilde &amp; unisele,</L><L N="1005">hi nabbeþ noþer griþ ne sibbe:</L><L>hi ne reccheþ hu hi libbe.</L><L>Hi eteþ fihs an flehs unsode,</L><L>suich wulues hit hadde tobrode:</L><L>hi drinkeþ milc &amp; wei þarto,</L><L N="1010"> hi nute elles þat hi do: <EPB/><PB N="86"/></L><L>hi nabbeþ noþ[er] win ne bor,</L><L>ac libbeþ al so wilde dor:</L><L>hi goþ bitiȝt mid ruȝe uelle,</L><L>riȝt suich hi comen ut of helle.</L><L N="1015">Þeȝ eni god man to hom come,</L><L>so wile dude sum from Rome,</L><L>for hom to lere gode þewes,</L><L>an for to leten hore unþewes,</L><L>he miȝte bet sitte stille,</L><L N="1020">vor al his wile he sholde spille:</L><L>he miȝte bet teche ane bore</L><L>to weȝe boþe sheld &amp; spere,</L><L>þan me þat wilde folc ibringe 
<MILESTONE N="240v.1" UNIT="folio"/></L><L>þat hi [me] wolde ihere singe.</L><L N="1025">Wat sol[d]ich þar mid mine songe?</L><L>ne sunge ich hom neuer so longe,</L><L>mi song were ispild ech del:</L><L>for hom ne mai halter ne bridel</L><L>bringe vrom hore w[o]de wise,</L><L N="1030">ne mon mid stele ne mid i[s]e. <EPB/><PB N="88"/></L><L>Ac war lon[d] is boþe este &amp; god,</L><L>an þar men habbeþ milde mod,</L><L>ich noti mid hom mine þrote,</L><L>vor ich mai do þar gode note:</L><L N="1035">an bringe hom loue tiþinge,</L><L>vor ich of chirche-songe singe.</L><L>Hit was iseid in olde laȝe,</L><L>an ȝet ilast þilke soþ-saȝe,</L><L>þat man shal erien an sowe,</L><L N="1040">þar he wenþ after sum god mowe:</L><L>for he is wod þat soweþ his sed</L><L>þar neuer gras ne sprinþ ne bled."</L><L>   Þe hule was wroþ, to cheste rad,</L><L>mid þisse worde hire eȝen abrad:</L><L N="1045">"Þu seist þu witest manne bures,</L><L>þar leues boþ &amp; faire flores,</L><L>þar two iloue in one bedde</L><L>liggeþ biclop[t] &amp; wel bihedde.</L><L>Enes þu sunge, ic wo[t] wel ware,</L><L N="1050">bi one bure, &amp; woldest lere</L><L>þe lefdi to an uuel luue,</L><L>an sunge boþe loȝe &amp; buue, <EPB/><PB N="90"/></L><L>an lerdest hi to don shome</L><L>an vnriȝt of hire licome.</L><L N="1055">Þe louerd þat sone underȝat,</L><L>liim &amp; grine [&amp;]  wel eiwat,</L><L>sette &amp; le[i]de þe for to lacche.</L><L>Þu come sone to þan hacche,</L><L>þu were inume in one grine,</L><L N="1060">al hit aboȝte þine shine:</L><L>þu naddest non oþer dom ne laȝe,</L><L>bute mid wilde horse were todraȝe.</L><L>Vonde ȝif þu miȝt eft misrede,</L><L>waþer þu wult, wif þe maide:</L><L N="1065">þi song mai bo so longe genge</L><L>þat þu shalt wippen on a sprenge."</L><L>   Þe niȝtingale at þisse worde,</L><L>mid sworde an mid speres orde,</L><L>ȝif ho mon were, wolde fiȝte:</L><L N="1070">ac þo ho bet do ne miȝte,</L><L>ho uaȝt mid hire wise tunge.</L><L>"Wel fiȝt þat wel specþ," seiþ in þe songe.</L><L>Of hire tunge ho nom red:</L><L>"Wel fiȝt þat wel specþ" seide Alured.</L><L N="1075">   "Wat! seistu þis for mine shome?</L><L>þe louerd hadde herof grame.</L><L>He was so gelus of his wiue,</L><L>þat he ne miȝte for his liue</L><L>iso þat man wiþ hire speke,</L><L N="1080">þat his horte nolde breke.</L><L>He hire bileck in one bure,</L><L>þat hire was boþe stronge &amp; sure: <EPB/><PB N="92"/></L><L>ich hadde of hire milse an ore,</L><L>an sori was for hire sore,</L><L N="1085">an skente hi mid mine songe</L><L>al þat ich miȝte, raþe an longe.</L><L>Vorþan þe kniȝt was wiþ me wroþ,</L><L>vor riȝte niþe ich was him loþ:</L><L>he dude me his oȝene shome,</L><L N="1090">ac al him turnde it to grome.</L><L>Þat underyat þe king Henri: 
<MILESTONE N="241r.1" UNIT="folio"/></L><L>Jesus his soule do merci!</L><L>He let forbonne þene kniȝt,</L><L>þat hadde idon so muchel unriȝt</L><L N="1095">ine so gode kinges londe;</L><L>vor riȝte niþe &amp; for fule onde</L><L>let þane lutle fuȝel nime</L><L>an him fordeme lif an lime.</L><L>Hit was w[u]rþsipe al mine kunne;</L><L N="1100">forþon þe kniȝt forles his wunne,</L></DIV1><DIV1 NODE="OwlC:12" TYPE="supplied line groups"><HEAD TYPE="supplied">Lines 1101 through 1200</HEAD><L>an ȝaf for me an hundred punde:</L><L>an mine briddes seten isunde, <EPB/><PB N="94"/></L><L>an hadde soþþe blisse &amp; hiȝte,</L><L>an were bliþe, &amp; wel miȝte.</L><L N="1105">Vorþon ich was so wel awreke,</L><L>euer eft ich dar[r] þe bet speke:</L><L>vor hit bitidde ene swo,</L><L>ich am þe bliþur euer mo.</L><L>Nu ich mai singe war ich wulle,</L><L N="1110">ne dar me neuer eft mon agrulle.</L><L>Ac þu, eremi[n]g! þu wrecche gost!</L><L>þu ne canst finde, ne þu nost,</L><L>an holȝ stok þar þu þe miȝt hude,</L><L>þat me ne twengeþ þine hude.</L><L N="1115">Vor children, gromes, heme &amp; hine,</L><L>hi þencheþ alle of þire pine:</L><L>ȝif hi muȝe iso þe sitte,</L><L>stones hi doþ in hore slitte,</L><L>an þe totorue[þ] &amp; toheneþ,</L><L N="1120">an þine fule bon tosheneþ.</L><L>Ȝif þu art iworpe oþer ishote,</L><L>þanne þu miȝt erest to note.</L><L>Vor me þe hoþ in one rodde,</L><L>an þu, mid þine fule codde,</L><L N="1125">an mid þine ateliche s[w]ore, 
<MILESTONE N="241r.2" UNIT="folio"/></L><L>biwerest manne corn urom dore. <EPB/><PB N="96"/></L><L>Nis noþer noȝt, þi lif ne þi blod:</L><L>ac þu art sh[e]ueles suþe god.</L><L>Þar nowe sedes boþe isowe,</L><L N="1130">pinnuc, golfinc, rok, ne crowe</L><L>ne dar þar neuer cumen ihende,</L><L>ȝif þi buc hongeþ at þan ende.</L><L>Þar tron shulle aȝere blowe,</L><L>an ȝunge sedes springe &amp; growe,</L><L N="1135">ne dar no fuȝel þarto uonge,</L><L>ȝif þu art þarouer ihonge.</L><L>Þi lif is eure luþer &amp; qued,</L><L>þu nar[t] noȝt bute ded.</L><L>Nu þu miȝt wite sikerliche</L><L N="1140">þat þine leches boþ grisliche</L><L>þe wile þu art on lifdaȝe:</L><L>vor wane þu hongest islaȝe,</L><L>ȝut hi boþ of þe ofdradde,</L><L>þe fuȝeles þat þe er bigradde.</L><L N="1145">Mid riȝte men boþ wiþ þe wroþe,</L><L>for þu singist euer of hore loþe:</L><L>al þat þu singst, raþe oþer late,</L><L>hit is euer of manne unwate:</L><L>wane þu hauest aniȝt igrad,</L><L N="1150">men boþ of þe wel sore ofdrad. <EPB/><PB N="98"/></L><L>Þu singst þar sum man shal be ded:</L><L>euer þu bodest sumne qued.</L><L>Þu singst aȝen eiȝte lure,</L><L>oþer of summe frondes rure :</L><L N="1155">oþer þu bodes[t] huses brune,</L><L>oþer ferde of manne, oþer þoues rune;</L><L>oþer þu bodest cualm of oreue,</L><L>oþer þat londfolc wurþ idorue,</L><L>oþer þat wif lost hire make; 
<MILESTONE N="241v.1" UNIT="folio"/></L><L N="1160">oþer þu bodest cheste an sake.   </L><L>Euer þu singist of manne hareme,</L><L>þurȝ þe hi boþ sori &amp; areme.</L><L>þu ne singst neuer one siþe,</L><L>þat hit nis for sum unsiþe.</L><L N="1165">Heruore hit is þat me þe shuneþ,</L><L>an þe totorueþ &amp; tobuneþ</L><L>mid staue, &amp; stoone, &amp; turf, &amp; clute,</L><L>þat þu ne miȝt nowar atrute.</L><L>Dahet euer suich budel in tune</L><L N="1170">þat euer bodeþ unwreste rune,</L><L>an euer bringeþ vuele tiþinge,</L><L>an þat euer specþ of vuele þinge!</L><L>God Almiȝti w[u]rþe him wroþ,</L><L>an al þat werieþ linnene cloþ!"</L><L N="1175">   Þe hule ne abo[d] noȝt swiþ[e] longe,</L><L>ah ȝef ondsware starke &amp; stronge:</L><L>" Wat," quaþ ho, " hartu ihoded ?</L><L>oþer þu kursest al unihoded ? <EPB/><PB N="100"/></L><L>For prestes wike ich wat þu dest.</L><L N="1180">Ich not ȝef þu were ȝaure prest:</L><L>ich not ȝef þu canst masse singe:</L><L>inoh þu canst of mansinge.</L><L>Ah hit is for þine alde niþe,</L><L>þat þu me akursedest oþer siþe:</L><L N="1185">ah þarto is lihtlich ondsware;</L><L>"Drah to þe!" cwaþ þe cartare.</L><L>Wi attwitestu me mine insihte,</L><L>an min iwit &amp; mine miȝte?</L><L>For ich am witi ful iwis,</L><L N="1190">an wo[t] al þat to kumen is:</L><L>ich wot of hunger, of hergonge:</L><L>ich wot ȝef men schule libbe longe:</L><L>ich wat ȝef wif lus[t] hire make: 
<MILESTONE N="241v.2" UNIT="folio"/></L><L>ich wat þar schal beo niþ &amp; wrake;</L><L N="1195">ich wot hwo schal beon [an]honge,</L><L>oþer elles fulne deþ afonge.</L><L>Ȝef men habbeþ bataile inume,</L><L>ich wat hwaþer schal beon ouerkume :</L><L>ich wat ȝif cwalm scal comen on orfe,</L><L N="1200">an ȝif dor schul ligge [a]storue; <EPB/><PB N="102"/></L></DIV1><DIV1 NODE="OwlC:13" TYPE="supplied line groups"><HEAD TYPE="supplied">Lines 1201 through 1300</HEAD><L>ich wot ȝef treon schule blowe:</L><L>ich wat ȝef cornes schule growe :</L><L>ich wot ȝef huses schule berne:</L><L>ich wot ȝef men schule eorne oþer erne:</L><L N="1205">ich wot ȝef sea schal schipes drenche:</L><L>ich wot ȝef snuw[e] schal uuele clenche.</L><L>An ȝet ich con muchel more:</L><L>ich con inoh in bokes lore,</L><L>an eke ich can of þe Goddspelle</L><L N="1210">more þan ich nule þe telle:</L><L>for ich at chirche come ilome,</L><L>an muche leorni of wisdome :</L><L>ich wat al of þe tacninge,</L><L>an of oþer feole þinge.</L><L N="1215">Ȝef eni mon schal rem abide,</L><L>al ich hit wot ear hit itide. <EPB/><PB N="104"/></L><L>Ofte, for mine muchele iwitte,</L><L>wel sori-mod &amp; w[ro]þ ich sitte :</L><L>wan ich iseo þat sum wrechede</L><L N="1220">is manne neh, innoh ich grede:</L><L>ich bidde þat men beon iwar[r]e,</L><L>an habbe gode reades ȝar[r]e.</L><L>For Alfred seide a wis word,</L><L>euch mon hit schulde legge on hord:</L><L N="1225">"Ȝef þu isihst [er] he beo icume,</L><L>his str[e]ncþe is him wel neh binume."</L><L>An grete duntes beoþ þe lasse, 
<MILESTONE N="242r.1" UNIT="folio"/></L><L>ȝef me ikepþ mid iwarnesse,</L><L>an [flo] schal toward misȝenge,</L><L N="1230">ȝef þu isihst hu fleo of strenge;</L><L>for þu miȝt blenche wel &amp; fleo,</L><L>ȝif þu isihst heo to þe teo.</L><L>Þat eni man beo falle in [e]dwite,</L><L>wi schal he me his sor atwite?</L><L N="1235">Þah ich iseo his harm biuore,</L><L>ne comeþ hit noȝt of me þaru[o]re.</L><L>Þah þu iseo þat sum blind mon,</L><L>þat nanne rihtne wei ne con,</L><L>to þare diche his dweole fulie[þ],</L><L N="1240">an falleþ, and þarone sulie[þ], <EPB/><PB N="106"/></L><L>wenest þu, þah ich al iseo,</L><L>þat hit for me þe raþere beo?</L><L>Al swo hit fareþ bi mine witte:</L><L>hwanne ich on mine bowe sitte,</L><L N="1245">ich wot &amp; iseo swiþe brihte</L><L>an summe men kume[&amp;] harm þarrihte.</L><L>Schal he, þat þerof noþing not,</L><L>hit wite me for ich hit wot?</L><L>Schal he his mishap wite me,</L><L N="1250">for ich am wisure þane he?</L><L>Hwanne ich iseo þat sum wrechede</L><L>is manne neh, inoh ich grede,</L><L>an bidde inoh þat hi heom schilde,</L><L>for toward heom is [harm unmilde].</L><L N="1255">Ah þah ich grede lude an stille,</L><L>al hit itid þur[h] Godes wille.</L><L>Hwi wulleþ men of me hi mene,</L><L>þah ich mid soþe heo awene?</L><L>Þah ich hi warni al þat ȝer,</L><L N="1260">nis heom þerfore harem no þe ner: 
<MILESTONE N="242r.2" UNIT="folio"/></L><L>ah ich heom singe for ich wolde</L><L>þat hi wel understonde schulde</L><L>þat sum unselþe heom is ihende,</L><L>hwan ich min huing to heom sende.</L><L N="1265">Naueþ no man none sikerhede</L><L>þat he ne mai wene &amp; adrede</L><L>þat sum unhwate ne[h] him beo,</L><L>þah he ne conne hit iseo.</L><L>Forþi seide Alfred swiþe wel,</L><L N="1270">and his worde was Goddspel, <EPB/><PB N="108"/></L><L>þat "euereuch man, þe bet him beo,</L><L>eauer þe bet he hine beseo:"</L><L>"ne truste no mon to his weole</L><L>to swiþe, þah he habbe ueole."</L><L N="1275">"Nis [nout] so hot þat hit nacoleþ,</L><L>ne noȝt so hwit þat hit ne soleþ,</L><L>ne noȝt so leof þat hit ne aloþeþ,</L><L>ne noȝt so glad þat hit ne awroþeþ:</L><L>ac eauereeu[c]h þing þat eche nis,</L><L N="1280">agon schal, &amp; al þis worldes blis."</L><L>Nu þu miȝt wite readliche,</L><L>þat eauere þu spekest gideliche:</L><L>for al þat þu me seist for schame,</L><L>euer þe seolue hit turneþ to grome.</L><L N="1285">Go so hit go, at eche fenge</L><L>þu fallest mid þine ahene swenge;</L><L>al þat þu seist for me to schende,</L><L>hit is mi wurschipe at þan ende.</L><L>Bute þu wille bet aginne,</L><L N="1290">ne shaltu bute schame iwinne."</L><L>   Þe niȝtingale sat &amp; siȝte,</L><L>&amp; hohful was, &amp; ful wel miȝte,</L><L>for þe hule swo ispeke hadde, 
<MILESTONE N="242v.1" UNIT="folio"/></L><L>an hire speche swo iladde.</L><L N="1295">Heo was ho[h]ful, &amp; erede</L><L>hwat heo þarafter hire sede: <EPB/><PB N="110"/></L><L>ah neoþeles heo hire understod.</L><L>" Wat!" heo seide, "hule, artu wod?</L><L>þu ȝeolpest of seolliche wisdome,</L><L N="1300">þu nustest wanene he þe come,</L></DIV1><DIV1 NODE="OwlC:14" TYPE="supplied line groups"><HEAD TYPE="supplied">Lines 1301 through 1400</HEAD><L>bute hit of wicchecrefte were.</L><L>Þarof þu, wrecche, mos[t] þe skere</L><L>ȝif þu wult among manne b[eo]:</L><L>oþer þu most of londe fleo.</L><L N="1305">For alle þeo þat [þ]erof cuþe,</L><L>heo uere ifurn of prestes muþe</L><L>amanset: swuch þu art ȝette,</L><L>þu wiecche-crafte neauer ne lete.</L><L>Ich þe seide nu lutel ere,</L><L N="1310">an þu askedest ȝef ich were</L><L>a-bisemere to preost ihoded.</L><L>Ah þe mansing is so ibroded,</L><L>þah no preost a-londe nere,</L><L>a wrecche neoþeles þu were:</L><L N="1315">for eauereuch chil[d] þe cleopeþ fule,</L><L>an euereuch man a wrecche hule.</L><L>Ich habbe iherd, &amp; soþ hit is,</L><L>þe mon mot beo wel storre-wis,</L><L>[þat] wite inno[h] of wucche þinge kume,</L><L N="1320">so þu seist þ[e] is iwune. <EPB/><PB N="112"/></L><L>Hwat canstu, wrecche þing, of storre,</L><L>bute þat þu biha[u]est hi feorre?</L><L>Alswo deþ mani dor &amp; man,</L><L>þeo of [swucche] nawiht ne con.</L><L N="1325">On ape mai a boc bih[o]lde,</L><L>an leues wenden &amp; eft folde:</L><L>ac he ne con þe bet þaruore 
<MILESTONE N="242v.2" UNIT="folio"/></L><L>of clerkes lore top ne more.</L><L>Þah þu iseo þe steorre alsw[o],</L><L N="1330">nartu þe wisure neauer þe mo.</L><L>Ah ȝet þu, fule þing, me chist,</L><L>an wel grimliche me atwist</L><L>þat ich singe bi manne huse,</L><L>an teache wif breke spuse.</L><L N="1335">Þu liest iwis, þu fule þing!</L><L>þ[urh] me nas neauer ischend spusing.</L><L>Ah soþ hit is ich singe &amp; grede</L><L>þar lauedies beoþ &amp; faire maide;</L><L>&amp; soþ hit is of luue ich singe:</L><L N="1340">for god wif mai i[n] spusing <EPB/><PB N="114"/></L><L>bet luuien hire oȝene were,</L><L>þane awe[r] hire copenere;</L><L>an maide mai luue cheose</L><L>þat hire wurþschipe ne forleose,</L><L N="1345">an luuie mid rihte luue</L><L>þane þe schal beon hire buue.</L><L>Swiche luue ich itache &amp; lere,</L><L>þerof beoþ al mine ibere.</L><L>Þah sum wif beo of nesche mode,</L><L N="1350">for wumm[e]n beoþ of softe blode,</L><L>þat heo, þurh sume sottes lore</L><L>þe ȝeorne bit &amp; sikeþ sore,</L><L>mis[r]empe &amp; misdo sumne stunde,</L><L>schal ich þaruore beon ibunde ?</L><L N="1355">Ȝif wimmen luuieþ unrede,</L><L>[w]itestu me hore misdede?</L><L>Ȝef wimmon þencheþ luuie derne,</L><L>[ne] mai ich mine songes werne.</L><L>Wummon mai pleie under cloþe,</L><L N="1360">weþer heo wile, wel þe wroþe:</L><L>&amp; heo mai do bi mine songe, 
<MILESTONE N="243r.1" UNIT="folio"/></L><L>hwaþer heo wule, wel þe wronge.</L><L>For nis a-worlde þing so god,</L><L>þat ne mai do sum ungod,</L><L N="1365">ȝif me hit wule turne amis.</L><L>For gold &amp; seoluer, god hit is:</L><L>an noþeles þarmid þu miȝt</L><L>spusbruche buggen &amp; unriȝt.</L><L>Wepne beoþ gode griþ to halde:</L><L N="1370">ah neoþeles þarmide beoþ men acwalde <EPB/><PB N="116"/></L><L>aȝeines riht [an] fale londe,</L><L>þar þeoues hi bereð an honde.</L><L>Alswa hit is bi mine songe,</L><L>þah heo beo god, me hine mai misfonge,</L><L N="1375">an drahe hine to sothede,</L><L>an to oþre uuele dede.</L><L>Ah [schaltu] wrecch, luue tele ?</L><L>Bo wuch ho bo, vich luue is fele</L><L>bitweone wepmon &amp; wimmane:</L><L N="1380">ah ȝef heo is atbroide, þenne</L><L>he is unfele &amp; forbrode.</L><L>Wroþ wurþe heom þe holi rode</L><L>þe rihte ikunde swo forbreideþ!</L><L>W[u]nder hit is þat heo nawedeþ.</L><L N="1385">An swo heo doþ, for heo beoþ wode</L><L>þe bute nest goþ to brode.</L><L>Wummon is of nesche flesche,</L><L>an flesches [lust] is strong to cwesse:</L><L>nis wunder nan þah he abide.</L><L N="1390">For flesches lustes hi makeþ slide,</L><L>ne beoþ heo nowt alle forlore,</L><L>þat stumpeþ at þe flesches more:</L><L>for moni wummon haueþ misdo</L><L>þat aris[t] op of þe slo.</L><L N="1395">Ne beoþ nowt ones alle sunne, 
<MILESTONE N="243r.2" UNIT="folio"/></L><L>forþan hi beoþ tweire kunne: <EPB/><PB N="118"/></L><L>su[m] arist of þe flesches luste,</L><L>an sum of þe gostes custe.</L><L>Þar flesch draheþ men to drunnesse,</L><L N="1400">an to [wrouehede] &amp; to golnesse,</L></DIV1><DIV1 NODE="OwlC:15" TYPE="supplied line groups"><HEAD TYPE="supplied">Lines 1401 through 1500</HEAD><L>þe gost misdeþ þurch niþe an onde,</L><L>&amp; seoþþe mid murhþe of [monne shonde,] <EPB/><PB N="120"/></L><L>an ȝeoneþ after more &amp; more,</L><L>an lutel rehþ of milce &amp; ore ;</L><L N="1405">an stiȝþ on he[h] þur[h] modinesse,</L><L>an ouerhoheð þanne lasse.</L><L>Sei [me sooþ], ȝef þu hit wost,</L><L>hweþer deþ wurse, flesch þe gost?</L><L>Þu miȝt segge, ȝef þu wult,</L><L N="1410">þat lasse is þe flesches gult:</L><L>moni man is of his flesche clene,</L><L>þat is mid mode deouel-imene.</L><L>Ne schal non mon wimman bigrede,</L><L>an flesches lustes hire upbreide:</L><L N="1415">swuch he may te[l]en of golnesse,</L><L>þat sunegeþ wurse i[n] modinesse.</L><L>[Ȝ]et ȝif ich schulde a-luue bringe</L><L>wif oþer maide, hwanne ich singe,</L><L>ich wolde wiþ þe maide holde,</L><L N="1420">ȝif þu hit const ariht atholde:</L><L>Lust nu, ich segge þe hwaruore,</L><L>vp to þe toppe from þe more.</L><L>Ȝef maide luueþ dernliche,</L><L>heo stumpeþ &amp; falþ icundeliche:</L><L N="1425">for þah heo sum hwile pleie,</L><L>heo nis nout feor ut of þe weie;</L><L>heo mai hire guld atwende</L><L>a rihte weie þur[h] chirche-bende,</L><L>an mai eft habbe to make 
<MILESTONE N="243v.1" UNIT="folio"/></L><L N="1430">hire leofmon wiþute sake,     <EPB/><PB N="122"/></L><L>an go to him bi daies lihte,</L><L>þat er stal to bi þeostre nihte.</L><L>An ȝunling not hwat swuch þing is:</L><L>his ȝunge blod hit draȝeþ amis,</L><L N="1435">an sum sot mon hit tihþ þarto</L><L>mid alle þan þat he mai do.</L><L>He comeþ &amp; fareþ &amp; beod &amp; bi[t]</L><L>an heo bistant &amp; ouersi[t],</L><L>an bisehþ ilome &amp; longe.</L><L N="1440">Hwat mai þat chil[d] þah hit misfonge?</L><L>Hit nuste neauer hwat hit was,</L><L>forþi hit þohte fondi [þ]as,</L><L>an wite iwis hwuch beo þe gome</L><L>þat of so wilde makeþ tome.</L><L N="1445">Ne mai ich for reo[w]e lete,</L><L>wanne ich iseo þe tohte ilete</L><L>þe luue bring[e] on þe ȝunglinge,</L><L>þat ich of murȝþe him ne singe.</L><L>Ich [t]eache heom bi mine songe</L><L N="1450">þat swucch luue ne lest noȝt longe:</L><L>for mi song lutle hwile ilest,</L><L>an luue ne deþ noȝt bute rest <EPB/><PB N="124"/></L><L>on swuch childre, &amp; sone ageþ,</L><L>an falþ adun þe hote breþ.</L><L N="1455">Ich singe mid heom one þroȝe,</L><L>biginne on heh &amp; endi laȝe,</L><L>an lete [mine] songes falle</L><L>an lutle wile adun mid alle.</L><L>Þat maide wot, hwanne ich swike,</L><L N="1460">þat luue is mine songes ili[k]e,</L><L>for hit nis bute a lutel breþ,</L><L>þat sone kumeþ, &amp; sone geþ.</L><L>Þat child bi me hit understond, 
<MILESTONE N="243v.2" UNIT="folio"/></L><L>an his unred to red[e] wend,</L><L N="1465">an iseȝþ wel, bi mine songe,</L><L>þat dusi luue ne last noȝt longe.</L><L>Ah wel ich wule þat þu hit wite,</L><L>loþ me beoþ wiues utschute:</L><L>ah [w]if mai [of] me nime ȝeme,</L><L N="1470">ich ne singe nawt hwan ich teme.</L><L>An wif ah lete so[t]tes lore,</L><L>þah spusing-bendes þuncheþ sore.</L><L>Wundere me þungþ wel starc &amp; stor,</L><L>hu eni mon so eauar for,</L><L N="1475">þat [h]e his heorte miȝte driue</L><L>[to] do hit to oþers mannes wiue:</L><L>for oþer hit is of twam þinge,</L><L>ne mai þat þridde no man bringe;</L><L>o[þ]ar þe lauerd is wel aht,</L><L N="1480">oþer aswunde, &amp; nis naht.</L><L>Ȝef he is wurþful &amp; aht man,</L><L>nele no man, þat wisdo[m] can, <EPB/><PB N="126"/></L><L>hure of is wiue do him schame:</L><L>for he mai him adrede grame,</L><L N="1485">an þat he forleose þat þer hongeþ,</L><L>þat him eft þarto noȝt ne longeþ.</L><L>An þah he þat noȝt ne adrede,</L><L>hit is unriȝt &amp; gret sothede</L><L>[to] misdon one gode manne,</L><L N="1490">an his ibedde from him spanne.</L><L>Ȝef hire lauerd is forwurde</L><L>an unorne at bedde &amp; at borde,</L><L>hu miȝte þar beo eni luue</L><L>wanne [a] cheorles buc hire ley buue?</L><L N="1495">Hu mai þar eni luue beo,</L><L>war swuch man gropeþ hire þeo?</L><L>Herbi þu miȝt wel understonde 
<MILESTONE N="244r.1" UNIT="folio"/></L><L>þat on [is a reu], þat oþer schonde,</L><L>to stele to oþres mannes bedde.</L><L N="1500">For ȝif aht man is hire bedde,</L></DIV1><DIV1 NODE="OwlC:16" TYPE="supplied line groups"><HEAD TYPE="supplied">Lines 1501 through 1600</HEAD><L>þu miȝt wene þat þe mistide,</L><L>wanne þu list bi hire side.</L><L>An ȝef þe lauerd is a w[re]cche,</L><L>hwuch este miȝtistu þar uecche? <EPB/><PB N="128"/></L><L N="1505">Ȝif þu biþenchest hwo hire ofligge,</L><L>þu miȝt mid wlate þe este bugge.</L><L>Ich not hu mai eni freo-man</L><L>for hire sechen after þan.</L><L>Ȝef he biþencþ bi hwan he lai,</L><L N="1510">al mai þe luue gan awai."</L><L>   Þe hule was glad of swuche tale:</L><L>heo þoȝte þat te nihtegale,</L><L>þah heo wel speke atte frume,</L><L>hadde at þen ende misnume :</L><L N="1515">an seide: "Nu ich habbe ifunde</L><L>þat maidenes beoþ of þine imunde:</L><L>mid heom þu holdest, &amp; heom biwerest,</L><L>an ouerswiþe þu hi herest.</L><L>Þe lauedies beoþ to me iwend,</L><L N="1520">to me heo hire mo[n]e send.</L><L>For hit itit ofte &amp; ilome,</L><L>þat wif &amp; were beoþ unisome:</L><L>&amp; þerfore þe were gulte,</L><L>þat leof is over wummon to pulte,</L><L N="1525">an speneþ on þare al þat he haueþ,</L><L>an siueþ þare þat no riht naueþ, <EPB/><PB N="130"/></L><L>an haueþ attom his riȝte spuse,</L><L>wowes weste, &amp; lere huse,</L><L>wel þunne isch[r]ud &amp; iued wroþe,</L><L N="1530">an let heo bute mete &amp; cloþe.</L><L>Wan he comeþ ham eft to his wiue, 
<MILESTONE N="244r.2" UNIT="folio"/></L><L>ne dar heo noȝt a word ischire:</L><L>he chid &amp; gred swuch he beo wod,</L><L>an ne bringþ [hom] non oþer god.</L><L N="1535">Al þat heo deþ him is unwille,</L><L>al þat heo spekeþ hit is him ille:</L><L>an oft hwan heo noȝt ne misdeþ,</L><L>heo haueþ þe fust in hire teþ.</L><L>Þ[er] is nan mon þat ne mai ibringe</L><L N="1540">his wif amis mid swucche þinge:</L><L>me hire mai so ofte misbeode,</L><L>þat heo do wule hire ahene neode.</L><L>La, Godd hit wot! heo nah iweld,</L><L>þa[h] heo hine makie kukeweld.</L><L N="1545">For hit itit lome &amp; ofte,</L><L>þat his wif is wel nesche &amp; softe,</L><L>of faire bleo &amp; wel idiht:</L><L>[For]þi hit is þe more unriht</L><L>þat he his luue spene on þare,</L><L N="1550">þat nis wurþ one of hire heare.</L><L>An swucche men beoþ wel manifolde,</L><L>þat wif ne kunne noȝt ariȝt holde.</L><L>Ne mot non mon wiþ hire speke:</L><L>he ueneð heo wule anon tobreke</L><L N="1555">hire spusing, ȝef heo lokeþ</L><L>oþer wiþ manne faire spekeþ. <EPB/><PB N="132"/></L><L>He hire bilu[k]þ mid keie &amp; loke:</L><L>þar-þurh is spusing ofte tobroke.</L><L>For ȝef heo is þarto ibroht,</L><L N="1560">he deþ þat heo nadde ear iþoht.</L><L>Dahet þat to swuþe hit bispeke,</L><L>þah swucche wiues [heom] awreke !</L><L>Herof þe lauedies to me meneþ,</L><L>an wel sore me ahweneþ:</L><L N="1565">wel neh min heorte wule tochine, 
<MILESTONE N="244v.1" UNIT="folio"/></L><L>hwon ich biholde hire pine.</L><L>Mid heom ich wepe swi[þ]e sore,</L><L>an for heom bidde Cristis ore,</L><L>þat þe lauedi sone aredde</L><L N="1570">an hire sende betere ibedde.</L><L>An oþer þing ich mai þe telle,</L><L>þat þu ne schal[t], for þine felle,</L><L>ondswere none þarto finde:</L><L>al þi sputing schal aswinde.</L><L N="1575">Moni chapmon &amp; moni cniht</L><L>luueþ &amp; [hald] his wif ariht,</L><L>an swa deþ moni bondeman:</L><L>þat gode wif deþ after þan,</L><L>an serueþ him to bedde &amp; to borde</L><L N="1580">mid faire dede &amp; faire worde,</L><L>an ȝeorne fondeþ hu heo muhe</L><L>do þing þat him beo iduȝe.</L><L>Þe lauerd into þare [þ]eode</L><L>fareþ ut on þare beire nede,</L><L N="1585">an is þat gode wif unbliþe</L><L>for hire lauerdes hou[h]siþe, <EPB/><PB N="134"/></L><L>an sit &amp; sihð wel sore oflonged,</L><L>an hire sore an horte ongred:</L><L>al for hire louerdes sake</L><L N="1590">haueþ daies kare &amp; niȝtes wake:</L><L>an swuþe longe hire is þe hwile,</L><L>an [ech] steape hire þunþ a mile.</L><L>Hwanne oþre slepeþ hire abute,</L><L>ich one lust þar wiþute,</L><L N="1595">an wot of hire sore mode,</L><L>an singe aniȝt for hire gode:</L><L>an mine gode song, for hire þinge,</L><L>ich turne su[m]del to murni[n]ge.</L><L>Of hure seorhe ich bere sume, 
<MILESTONE N="244v.2" UNIT="folio"/></L><L N="1600">forþan ich am hire wel welcume:   </L></DIV1><DIV1 NODE="OwlC:17" TYPE="supplied line groups"><HEAD TYPE="supplied">Lines 1601 through 1700</HEAD><L>ich hire helpe hwat [I] mai,</L><L>for [ho geþ] þane rehte wai.</L><L>Ah þu me hauest sore igramed,</L><L>þat min heorte is wel neh alamed,</L><L N="1605">þat ich mai unneaþe speke:</L><L>ah ȝet ich wule forþure reke.</L><L>Þu seist þat ich am manne [lo&amp;],</L><L>an euereuch man is wið me wroð,</L><L>an me mid stone &amp; lugge þreteþ,</L><L N="1610">an me tobu[r]steþ &amp; tobeteþ, <EPB/><PB N="136"/></L><L>an hwanne heo hab[b]eþ me ofslahe,</L><L>heo hongeþ me on heore hahe,</L><L>þar ich aschewele pie an crowe</L><L>fro[m] þan þe þar is isowe.</L><L N="1615">Þah hit beo soþ, ich do heom god,</L><L>an for heom ich [s]chadde mi blod:</L><L>ich do heom god mid mine deaþe,</L><L>waruore þe is wel unneaþe.</L><L>For þah þu ligge dead &amp; clinge,</L><L N="1620">þi deþ nis nawt to none þinge:</L><L>ich not neauer to hwan þu miȝt,</L><L>for þu nart bute a wrecche wiȝt.</L><L>Ah þah mi lif me beo atschote,</L><L>þe ȝet ich mai do gode note:</L><L N="1625">me mai up one smale sticke</L><L>me sette a-wude ine þe þicke,</L><L>an swa mai mon tolli him to</L><L>lutle briddes &amp; iuo,</L><L>an swa me mai mid me biȝete</L><L N="1630">wel gode brede to his mete.</L><L>Ah þu neure mon to gode</L><L>liues ne deaþes stal ne stode: <EPB/><PB N="138"/></L><L>ich not to hwan þu bre[d]ist þi brod, 
<MILESTONE N="245r.1" UNIT="folio"/></L><L>liues ne deaþes ne deþ hit god."</L><L N="1635">   Þe nihtegale ih[e]rde þis,</L><L>an hupte uppon on blowe ris,</L><L>an herre sat þan heo dude ear:</L><L>"Hule," he seide, "beo nu wear,</L><L>nulle ich wiþ þe plaidi namore,</L><L N="1640">for her þe mist þi rihte lore:</L><L>þu ȝeilpest þat þu art manne loþ,</L><L>an euereuch wiht is wið þe w[ro]þ;</L><L>an mid ȝulinge &amp; mid igrede</L><L>þu wanst wel þat þu art unlede.</L><L N="1645">Þu seist þat gromes þe ifoð,</L><L>an heie on rodde þe anhoð,</L><L>an þe totwichet &amp; toschakeð,</L><L>an summe of þe schawles makeð.</L><L>Me þunc[þ] þat þu forleost þat game,</L><L N="1650">þu ȝulpest of þire oȝe schame:</L><L>me þunc[þ] þat þu me gest an honde,</L><L>þu ȝulpest of þire oȝene scho[nd]e."</L><L>Þo heo hadde þeos word icwede,</L><L>heo sat in ore faire stude,</L><L N="1655">an þarafter hire steuene dihte,</L><L>an song so schille &amp; so brihte, <EPB/><PB N="140"/></L><L>þat feor &amp; ner me hit iherde.</L><L>Þaruore anan to hire cherde</L><L>þrusche &amp; þrostle &amp; wudewale,</L><L N="1660">an fuheles boþe grete &amp; smale:</L><L>forþan heom þuhte þat heo hadde</L><L>þe houle ouercome, uorþan heo gradde</L><L>an sungen alswa uale wise,</L><L>an blisse was among þe rise.</L><L N="1665">Riȝt swa me gred þe manne a schame,</L><L>þat taueleþ &amp; forleost þat gome.</L><L>   Þeos hule, þo heo þis iherde, 
<MILESTONE N="245r.2" UNIT="folio"/></L><L>"Hauestu," heo seide, "ibanned ferde ?</L><L>an wultu, wreche, wið me fiȝte?</L><L N="1670">Nai! nai! nauestu none miȝte!</L><L>Hwat gredeþ þeo þat hider come?</L><L>Me þuncþ þu ledest ferde to me.</L><L>Ȝe schule wite, ar ȝe fleo heonne,</L><L>hwuch is þe strenþe of mine kunne:</L><L N="1675">for þeo þe haueþ bile ihoked,</L><L>an cliures [s]charpe &amp; wel icroked,</L><L>alle heo beoþ of mine kunrede,</L><L>an walde come ȝif ich bede. <EPB/><PB N="142"/></L><L>Þe seolfe coc, þat wel can fiȝte,</L><L N="1680">he mot mid me holde mid riȝte,</L><L>for [boþe] we habbeþ steuene briȝte,</L><L>an sitteþ under weolcne bi niȝte.</L><L>Schille ich an utest uppen ow grede,</L><L>ich shal swo stronge ferde lede,</L><L N="1685">þat ower pr[u]de schal aualle:</L><L>a tort ne ȝiue ich for ow alle!</L><L>ne schal, ar hit beo fulliche eue,</L><L>a wreche feþer on ow bileaue.</L><L>Ah hit was unker uoreward,</L><L N="1690">þo we come hiderward,</L><L>þat we þarto holde scholde,</L><L>þar riht dom us ȝiue wolde.</L><L>Wultu nu breke foreward?</L><L>Ich wene dom þe þing[þ] to hard:</L><L N="1695">for þu ne darst domes abide,</L><L>þu wult nu, wreche, fiȝte &amp; chide.</L><L>Ȝ[u]t ich ow alle wolde rede,</L><L>ar [ich] utheste uppon ow grede, <EPB/><PB N="144"/></L><L>þat ower fihtlac leteþ beo,</L><L N="1700">an ginneþ raþe awei fleo.</L><L>For, bi þe cliures þat ich bere, 
<MILESTONE N="245v.1" UNIT="folio"/></L></DIV1><DIV1 NODE="OwlC:18" TYPE="supplied line groups"><HEAD TYPE="supplied">Lines 1701 through 1794</HEAD><L>ȝef ȝe abideþ mine here,</L><L>ȝe schule on oþer wise singe,</L><L>an acursi alle fiȝtinge :</L><L N="1705">vor nis of ow non so kene,</L><L>þat durre abide mine onsene."</L><L>Þeos hule spac wel baldeliche,</L><L>for þah heo nadde swo hwatliche</L><L>ifare after hire here,</L><L N="1710">heo walde neoþeles ȝefe answere</L><L>þe niȝtegale mid swucche worde.</L><L>For moni man mid speres orde</L><L>haueþ lutle strencþe, &amp; mid his [s]chelde,</L><L>ah neoþeles in one felde,</L><L N="1715">þurh belde worde an mid ilete,</L><L>deþ his iuo for arehþe swete.</L><L>Þe wranne, for heo cuþe singe,</L><L>þar com in þare moreȝen[i]nge</L><L>to helpe þare niȝtegale:</L><L N="1720">for þah heo hadde steuene smale,</L><L>heo hadde gode þ[ro]te &amp; schille,</L><L>an fale manne song a wille.</L><L>Þe wranne was wel wis iholde,</L><L>vor þeȝ heo nere ibred a-wolde,</L><L N="1725">ho was itoȝen among man[k]enne,</L><L>an hire wisdom brohte þenne:</L><L>heo miȝte speke hwar heo walde,</L><L>touore þe king þah heo scholde. <EPB/><PB N="146"/></L><L>"Lusteþ," heo cwaþ, "lateþ me speke.</L><L N="1730">Hwat! wulle ȝe þis pes tobreke,</L><L>an do þanne [kinge] swuch schame?</L><L>Ȝe[t] nis he nouþer ded ne lame.</L><L>Hunke schal itide harm &amp; schonde,</L><L>ȝef ȝe doþ griþbruche on his londe.</L><L N="1735">Lateþ beo, &amp; beoþ isome, 
<MILESTONE N="245v.2" UNIT="folio"/></L><L>an fareþ riht to o[w]er dome,</L><L>an lateþ dom þis plaid tobreke,</L><L>al swo hit was erur bispeke."</L><L>   "Ich an wel," cwað þe niȝtegale,</L><L N="1740">"ah, wranne, nawt for þire tale,</L><L>ah do for mire lahfulnesse.</L><L>Ich nolde þat unrihtfulnesse</L><L>me at þen ende ouerkome:</L><L>ich nam ofdrad of none dome.</L><L N="1745">Bihote ich habbe, soþ hit is,</L><L>þat Maister Nichole, þat is wis,</L><L>bituxen vs deme schul[l]e,</L><L>an ȝe[t] ich wene þat he wule.</L><L>Ah, [w]ar mihte we hine finde?"</L><L N="1750">Þe wranne sat in ore linde; <EPB/><PB N="148"/></L><L>"Hwat! nu[s]te ȝe," cwaþ heo, "his hom?</L><L>He wuneþ at Porteshom,</L><L>at one tune ine Dorsete,</L><L>bi þare see in ore utlete:</L><L N="1755">þar he demeþ manie riȝte dom,</L><L>an diht &amp; writ mani wisdom,</L><L>an þurh his muþe &amp; þurh his honde</L><L>hit is þe betere into Scotlonde,</L><L>To seche hine is lihtlich þing;</L><L N="1760">he naueþ bute one woning.</L><L>Þat [is] bischopen muchel schame,</L><L>an alle [þ]an þat of his nome</L><L>habbeþ ihert, &amp; of his dede.</L><L>Hwi nulleþ hi nimen heom to rede,</L><L N="1765">þat he were mid heom ilome</L><L>for teche heom of his wisdome,</L><L>an ȝiue him rente auale stude,</L><L>þat he miȝte heom ilome be mide?" <EPB/><PB N="150"/></L><L>   "Certes," cwaþ þe hule, "þat is soð: 
<MILESTONE N="246r.1" UNIT="folio"/></L><L N="1770">þeos riche men wel muche misdoð,</L><L>þat leteþ þane gode mon,</L><L>þat of so feole þinge con,</L><L>an ȝiueþ rente wel misliche,</L><L>an of him leteþ wel lihtliche.</L><L N="1775">Wið heore cunne heo beoþ mildre,</L><L>au ȝeueþ rente litle childre:</L><L>swo heore wit hi demþ adwole,</L><L>þut euer abid Maistre Nichole.</L><L>Ah ute we þah to him fare,</L><L N="1780">for þar is unker dom al ȝare."</L><L>   "Do we" þe niȝtegale seide:</L><L>"ah [w]a schal unker speche rede,</L><L>an telle touore unker deme ?"</L><L>   "Þarof ich schal þe wel icweme,"</L><L N="1785">cwaþ þe houle; "for al, ende of orde,</L><L>telle ich con, word after worde:</L><L>an ȝef þe þincþ þat ich misrempe,</L><L>þu stond aȝein &amp; do me crempe."</L><L>Mid þisse worde forþ hi ferden,</L><L N="1790">al bute here &amp; bute uerde,</L><L>to Portesham þat heo bicome.</L><L>Ah hu heo spedde of heore dome,</L><L>ne [c]an ich eu namore telle:</L><L>her nis namore of þis spelle.</L></DIV1></BODY><EPB/></TEXT></DLPSTEXTCLASS>
